요양기관명,종별코드명,시도코드명,시군구코드,시군구코드명,주소,좌표(X),좌표(Y)
(복지)예사랑병원,정신병원,부산,210006,부산서구,"부산광역시 서구 옥천로130번길 38, (아미동2가)",129.0133103,35.0973247
(사)대한결핵협회부산광역시지부 복십자의원,의원,부산,210001,부산남구,"부산광역시 남구 수영로 299, (대연동)",129.0988754,35.1371668
(사)대한산업보건협회남부산의원,의원,부산,210012,부산강서구,"부산광역시 강서구 명지오션시티9로 21, 4층 (명지동)",128.8992233,35.0885623
(사)인구보건복지협회 부산시지회 가족보건의원,의원,부산,210014,부산수영구,"부산광역시 수영구 수영로 425, (남천동)",129.1089758,35.1441223
(사)한국한센복지협회부산지부 부설복지의원,의원,부산,210010,부산사하구,"부산광역시 사하구 다대로 263, 5층 501호 (장림동)",128.9777379,35.0788382
(의) 열린의료재단 서면열린의원,의원,부산,210004,부산진구,"부산광역시 부산진구 중앙대로 749, 5층 (부전동)",129.060166,35.159633
(의) 열린의료재단 연산열린의원,의원,부산,210013,부산연제구,"부산광역시 연제구 중앙대로 1091, 제세빌딩 3,7층 (연산동)",129.0806502,35.1854186
(의)삼세의료재단 몸사랑내과의원,의원,부산,210007,부산영도구,"부산광역시 영도구 절영로 30, 삼세메디컬센터 4,5(일부),6 층 (대교동1가)",129.0392387,35.0919114
(의)삼세의료재단 삼세한의원,한의원,부산,210007,부산영도구,"부산광역시 영도구 절영로 30, 삼세메디컬센터 5층일부,7~11층 (대교동1가)",129.0392387,35.0919114
(의)서일의료재단기장병원,병원,부산,210100,부산기장군,"부산광역시 기장군 기장읍 대청로72번길 6-6, 6",129.2169211,35.2357991
(의)소명의료재단한빛사랑의원,의원,부산,210007,부산영도구,"부산광역시 영도구 태종로 135, (봉래동3가)",129.0440698,35.0920732
(의)손재림의료재단 부산손한의원,한의원,부산,210001,부산남구,"부산광역시 남구 신선로 428, (용당동, 동명대학교 산학협력관 지하1층)",129.1016625,35.1220654
(의)영님의료재단 개금중앙요양병원,요양병원,부산,210004,부산진구,"부산광역시 부산진구 개금온정로 5, 지하1,지상3층 (개금동, 성원상떼뷰)",129.0247268,35.153754
(의)피터의료재단새소망요양병원,요양병원,부산,210100,부산기장군,"부산광역시 기장군 기장읍 기장해안로 552, (기장읍)",129.226905,35.2228262
(재)원불교부산원광한의원,한의원,부산,210004,부산진구,"부산광역시 부산진구 가야대로 767-1, (부전동)",129.0556427,35.1580254
(재)일신기독교선교회 정관일신기독병원,병원,부산,210100,부산기장군,"부산광역시 기장군 정관읍 정관6로 31, 3-8, 10층",129.1774513,35.3197034
1945김근치과의원,치과의원,부산,210004,부산진구,"부산광역시 부산진구 가야대로 767-1, 5층 (부전동, 원광메디컬센터)",129.0556427,35.1580254
2080치과의원,치과의원,부산,210005,부산북구,"부산광역시 북구 시랑로 75, 2층 (구포동)",129.0059903,35.1991276
2080치과의원,치과의원,부산,210009,부산해운대구,"부산광역시 해운대구 아랫반송로 12, 2층 (반송동, 서울메디컬센터)",129.1471653,35.2253583
21세기치과의원,치과의원,부산,210009,부산해운대구,"부산광역시 해운대구 해운대로 814, B동 424호 (좌동, 세종월드)",129.1776778,35.1695768
365늘봄한의원,한의원,부산,210003,부산동래구,"부산광역시 동래구 석사로 5, 3층 (사직동)",129.0606783,35.1980634
365늘푸른한의원,한의원,부산,210004,부산진구,"부산광역시 부산진구 중앙대로 751, 부전메디컬빌딩 1,6,13층 (부전동)",129.0603055,35.1597576
365대연더편한마취통증의학과의원,의원,부산,210001,부산남구,"부산광역시 남구 못골로 87, 303,304호 (대연동)",129.0920138,35.1361106
365동백한의원,한의원,부산,210009,부산해운대구,"부산광역시 해운대구 해운대로 663, 에이동 209호 (우동, 해운대비스타동원)",129.1621496,35.1660123
365류내과의원,의원,부산,210004,부산진구,"부산광역시 부산진구 중앙대로 907, 5,6층 (양정동)",129.0696485,35.1713977
365부부한의원,한의원,부산,210100,부산기장군,"부산광역시 기장군 일광면 해빛로 17, 201호",129.2260207,35.2663011
365사직성모의원,의원,부산,210003,부산동래구,"부산광역시 동래구 사직북로 6, 2층 (사직동)",129.0609901,35.1965299
365석치과의원,치과의원,부산,210008,부산중구,"부산광역시 중구 해관로 1, (동광동1가, 한국투자증권(주) 부산사옥)",129.0356778,35.0989754
365안락한치과의원,치과의원,부산,210003,부산동래구,"부산광역시 동래구 충렬대로 353, 1~2층 일부호 (안락동)",129.0974971,35.1985923
365엠씨람스에스씨의원,의원,부산,210009,부산해운대구,"부산광역시 해운대구 센텀2로 20, 센텀타워메디컬 1403호 (우동)",129.1320258,35.1671978
365엠씨병원,병원,부산,210004,부산진구,"부산광역시 부산진구 서면로 74, (부전동, 아이온시티빌딩)",129.0581339,35.1570677
365일건강가정의학과의원,의원,부산,210002,부산동구,"부산광역시 동구 망양로 893-1, (범일동)",129.0487995,35.1402929
365텐텐이비인후과의원,의원,부산,210012,부산강서구,"부산광역시 강서구 명지국제8로 233, 3층 (명지동)",128.9182894,35.0985301
365편안한 치과의원,치과의원,부산,210013,부산연제구,"부산광역시 연제구 중앙대로 1113, 진보빌딩 3층 (연산동)",129.0810928,35.1869791
365하하병원,병원,부산,210012,부산강서구,"부산광역시 강서구 명지오션시티4로 88, 3~7층 (명지동)",128.9032539,35.0811721
365행복담은의원,의원,부산,210014,부산수영구,"부산광역시 수영구 황령대로489번길 24, 4층 (남천동)",129.1086027,35.1390857
365효플란트치과의원,치과의원,부산,210010,부산사하구,"부산광역시 사하구 낙동대로 466, 4층 (하단동)",128.9687251,35.1064241
59디지털치과의원,치과의원,부산,210014,부산수영구,"부산광역시 수영구 수영로 693, BNK 수영타워 5층 501호 (수영동)",129.1154764,35.1679024
7내과의원,의원,부산,210013,부산연제구,"부산광역시 연제구 중앙대로 1112, 7층 (연산동)",129.0817393,35.1868365
88경희한의원,한의원,부산,210010,부산사하구,"부산광역시 사하구 장림번영로 25, 2층 201호 (장림동)",128.9682126,35.0809885
99서울소아청소년과의원,의원,부산,210003,부산동래구,"부산광역시 동래구 금강로 91, 지상 4~6층 (온천동)",129.0783665,35.2171501
ABC성형외과의원,의원,부산,210004,부산진구,"부산광역시 부산진구 가야대로 769, ABC메디컬센터 11층 (부전동)",129.0557793,35.1580057
ABC안과의원,의원,부산,210004,부산진구,"부산광역시 부산진구 가야대로 769, ABC메디컬센터 1, 2층 (부전동)",129.0557793,35.1580057
BH대학효요양병원,요양병원,부산,210006,부산서구,"부산광역시 서구 구덕로 164-7, (토성동3가)",129.020361,35.0996073
BH병원,정신병원,부산,210001,부산남구,"부산광역시 남구 수영로 165, (대연동)",129.084618,35.1348845
CDC해운대어린이치과의원,치과의원,부산,210009,부산해운대구,"부산광역시 해운대구 좌동순환로 506, 804호 (중동, 영풍리젠시)",129.1687362,35.1661755
e라인치과의원,치과의원,부산,210001,부산남구,"부산광역시 남구 수영로 299, (대연동, 루미너스타워7층일부)",129.0988754,35.1371668
e-맑은정신과의원,의원,부산,210007,부산영도구,"부산광역시 영도구 태종로 97, (대교동2가)",129.0414774,35.0917093
e사이언스치과의원,치과의원,부산,210004,부산진구,"부산광역시 부산진구 새싹로 17, 서면빌딩 3층 (부전동)",129.0574954,35.1593104
e웰니스치과의원,치과의원,부산,210013,부산연제구,"부산광역시 연제구 중앙대로 1099, (연산동, A동 4층일부)",129.0807255,35.1858783
e-청담한의원,한의원,부산,210009,부산해운대구,"부산광역시 해운대구 좌동순환로 181, 3층 (좌동, 진성빌딩)",129.1760224,35.1779775
e-플랜트치과의원,치과의원,부산,210003,부산동래구,"부산광역시 동래구 중앙대로 1523, (온천동)",129.0855308,35.2208431
e화이트치과의원,치과의원,부산,210009,부산해운대구,"부산광역시 해운대구 좌동순환로 182, 302호 (좌동, 명주빌딩)",129.1759802,35.1773842
e-화이트치과의원,치과의원,부산,210004,부산진구,"부산광역시 부산진구 골드테마길 2, (범천동)",129.0601417,35.1417987
J&L우리들내과의원,의원,부산,210008,부산중구,"부산광역시 중구 대청로 80, (대청동3가)",129.0285778,35.1027847
JMP한의원,한의원,부산,210006,부산서구,"부산광역시 서구 구덕로 224, 3층 301호 (부민동1가)",129.0202815,35.1046155
K&K서울치과의원,치과의원,부산,210003,부산동래구,"부산광역시 동래구 명안로85번길 52, 5층 (명장동, 명장랜드마크)",129.1017827,35.2048379
LK성형외과의원,의원,부산,210004,부산진구,"부산광역시 부산진구 가야대로 784, (부전동)",129.0574092,35.1573307
OK의원,의원,부산,210010,부산사하구,"부산광역시 사하구 낙동대로 416, 5-8층 (당리동)",128.9729767,35.1041396
S보톡성형외과의원,의원,부산,210004,부산진구,"부산광역시 부산진구 가야대로784번길 33, (부전동)",129.0573382,35.1559654
the 화이트e 치과의원,치과의원,부산,210010,부산사하구,"부산광역시 사하구 낙동남로 1406, 4층 (하단동)",128.9655838,35.1058002
THE밝은안과의원,의원,부산,210001,부산남구,"부산광역시 남구 수영로 209, 103호 (대연동, 일동지에닌상가)",129.0892907,35.1353584
the속시원내과의원,의원,부산,210010,부산사하구,"부산광역시 사하구 다대로 550, 5층 (다대동)",128.9707449,35.0572853
UIC아름다운치과의원,치과의원,부산,210010,부산사하구,"부산광역시 사하구 사하로 200, 502호 (괴정동)",128.9937065,35.0995799
W 치과의원,치과의원,부산,210001,부산남구,"부산광역시 남구 수영로 323, 4층 402호 (대연동, 태강프라자)",129.1010282,35.1382148
W365메디컬의원,의원,부산,210001,부산남구,"부산광역시 남구 분포로 145, 2086-2, 2087-1호 (용호동, 더블유)",129.1126448,35.1337125
W성형외과의원,의원,부산,210004,부산진구,"부산광역시 부산진구 가야대로 767-1, (부전동, 원광메디컬)",129.0556427,35.1580254
가까운내과의원,의원,부산,210011,부산금정구,"부산광역시 금정구 구서로 10, 3층 (구서동)",129.0901269,35.2468711
가나안요양병원,요양병원,부산,210014,부산수영구,"부산광역시 수영구 수영로 563-1, 지하1~10층 (광안동)",129.1124247,35.1561769
가남의원,의원,부산,210005,부산북구,"부산광역시 북구 시랑로131번길 40, (구포동)",129.0111218,35.1970301
가덕한의원,한의원,부산,210012,부산강서구,"부산광역시 강서구 동선1길 12-2, 1일부층 (동선동)",128.8328128,35.0556648
가람한의원,한의원,부산,210005,부산북구,"부산광역시 북구 낙동대로1722번길 9, 3층 (구포동)",128.9987872,35.2076114
가람한의원,한의원,부산,210003,부산동래구,"부산광역시 동래구 금강로10번길 4, 4층,5층 (온천동)",129.072448,35.2123015
가본이비인후과의원,의원,부산,210015,부산사상구,"부산광역시 사상구 엄궁북로 22, 2,3층 (엄궁동)",128.9726635,35.1283327
가야동의한의원,한의원,부산,210004,부산진구,"부산광역시 부산진구 가야대로 472, 보문빌딩 3층 (개금동)",129.0236035,35.1529246
가야신경정신과의원,의원,부산,210015,부산사상구,"부산광역시 사상구 가야대로 288, 202호 (주례동, 창조상가)",129.004055,35.1500801
가야우리아동의원,의원,부산,210004,부산진구,"부산광역시 부산진구 가야대로679번길 133, 1층~5층 (당감동)",129.0396056,35.1560463
가야제일의원,의원,부산,210004,부산진구,"부산광역시 부산진구 냉정로 226, 2층 (개금동)",129.0244173,35.1509112
가야한의원,한의원,부산,210004,부산진구,"부산광역시 부산진구 동평로 116, 2층 (당감동)",129.0422163,35.1658583
가온누리한의원,한의원,부산,210009,부산해운대구,"부산광역시 해운대구 센텀2로 29, 701-1호 (우동, 센텀메커스빌딩)",129.133197,35.1666656
가온미의원,의원,부산,210008,부산중구,"부산광역시 중구 흑교로 6, 3층 (부평동2가)",129.0252799,35.0999237
가온자리한의원,한의원,부산,210005,부산북구,"부산광역시 북구 금곡대로 183, (화명동)",129.009791,35.2254336
가온자리한의원,한의원,부산,210003,부산동래구,"부산광역시 동래구 중앙대로1325번길 29, 4층 (온천동)",129.0761568,35.2054223
가원치과의원,치과의원,부산,210009,부산해운대구,"부산광역시 해운대구 선수촌로 98, 2층 (반여동, 경산빌딩)",129.1195202,35.2024093
가인의원,의원,부산,210004,부산진구,"부산광역시 부산진구 가야대로 767-1, 1102호(원광메디컬센터) (부전동)",129.0556427,35.1580254
가족사랑 요양병원,요양병원,부산,210004,부산진구,"부산광역시 부산진구 새싹로 286, 4~9층 (초읍동)",129.0473059,35.1816671
가지런이치과의원,치과의원,부산,210013,부산연제구,"부산광역시 연제구 중앙대로 1131, 6층 (연산동)",129.0806844,35.1885386
가촌한의원,한의원,부산,210003,부산동래구,"부산광역시 동래구 명륜로 189-2, 2층 (명륜동)",129.0824928,35.210804
감동비뇨의학과의원,의원,부산,210013,부산연제구,"부산광역시 연제구 고분로 2, (연산동, 5층 일부)",129.082495,35.1857733
감동치과의원,치과의원,부산,210004,부산진구,"부산광역시 부산진구 당감로 26, 부산진신용협동조합 3층 (당감동)",129.0397258,35.1638942
감동호내과의원,의원,부산,210008,부산중구,"부산광역시 중구 흑교로 18, (부평동2가)",129.025303,35.1011276
감천의원,의원,부산,210010,부산사하구,"부산광역시 사하구 옥천로 37, (감천동)",129.0065099,35.0908178
"갑내과,산부인과의원",의원,부산,210004,부산진구,"부산광역시 부산진구 서면문화로 2, (부전동)",129.0580189,35.1579975
갑산한의원,한의원,부산,210014,부산수영구,"부산광역시 수영구 수영로 570, 3층 (광안동)",129.1131005,35.1565465
강기상내과의원,의원,부산,210004,부산진구,"부산광역시 부산진구 복지로 61, (개금동)",129.0207464,35.1474388
강기영가정의학과의원,의원,부산,210010,부산사하구,"부산광역시 사하구 다대낙조2길 100, 309,310호 (다대동, 롯데캐슬몰운대아파트주상가)",128.9654456,35.0566344
강남고운의원,의원,부산,210007,부산영도구,"부산광역시 영도구 태종로 93, (대교동2가, 대광빌딩 6층,7층)",129.0412541,35.0918398
강남더블유의원,의원,부산,210004,부산진구,"부산광역시 부산진구 새싹로 19, 13층, 14층 일부 (부전동)",129.0573082,35.159495
강남미르비뇨기과의원,의원,부산,210011,부산금정구,"부산광역시 금정구 구서로 2, 3층 (구서동)",129.0907893,35.2468125
강남미의원,의원,부산,210010,부산사하구,"부산광역시 사하구 다대로429번길 5, 602호 (다대동)",128.9803104,35.0643521
강남비뇨기과의원,의원,부산,210003,부산동래구,"부산광역시 동래구 금강공원로 20, (온천동)",129.0822784,35.2188955
강남비뇨기과의원,의원,부산,210001,부산남구,"부산광역시 남구 수영로 31, (문현동)",129.0712928,35.1372601
강남비뇨기과의원,의원,부산,210100,부산기장군,"부산광역시 기장군 기장읍 읍내로 116, 메디컬센터 5층",129.2170665,35.2449069
강남비뇨의학과의원,의원,부산,210015,부산사상구,"부산광역시 사상구 사상로 194, 괘법동 메디컬센터 12층 (괘법동)",128.9847721,35.1625689
강남비뇨의학과의원,의원,부산,210004,부산진구,"부산광역시 부산진구 가야대로 785, (부전동)",129.0574677,35.1581247
강남성모치과의원,치과의원,부산,210008,부산중구,"부산광역시 중구 구덕로 5, 8,9층 (남포동1가)",129.0349785,35.097574
강남에스(S)의원,의원,부산,210005,부산북구,"부산광역시 북구 화명대로 42, 2층 (화명동, 우리메디컬센터)",129.0126896,35.2344122
강남의원,의원,부산,210010,부산사하구,"부산광역시 사하구 하신중앙로 46, (장림동)",128.965195,35.0830734
강남의원,의원,부산,210007,부산영도구,"부산광역시 영도구 꿈나무길 183, (영선동2가)",129.044025,35.087724
강남의원,의원,부산,210002,부산동구,"부산광역시 동구 고관로 119, 2층3층 (수정동)",129.0468218,35.1292969
강남의원,의원,부산,210011,부산금정구,"부산광역시 금정구 서동로 166-1, 2,3층 (서동)",129.1046504,35.2145195
강남의원,의원,부산,210004,부산진구,"부산광역시 부산진구 전포대로200번길 27, (전포동)",129.0671035,35.1546646
강남의원,의원,부산,210013,부산연제구,"부산광역시 연제구 연수로 224, (연산동)",129.0951308,35.173345
강남제신경과의원,의원,부산,210014,부산수영구,"부산광역시 수영구 수영로 697, 5층 (수영동)",129.1157246,35.1678201
강남한의원,한의원,부산,210014,부산수영구,"부산광역시 수영구 수영로725번길 32, (수영동)",129.1170954,35.1688542
강내과의원,의원,부산,210009,부산해운대구,"부산광역시 해운대구 대천로103번길 61, 상가동 309-1호 (좌동, 엘지아파트)",129.1736239,35.1811467
강내과의원,의원,부산,210004,부산진구,"부산광역시 부산진구 서면로 73, (부전동)",129.0575184,35.1572477
강내과의원·서강약손한의원,의원,부산,210009,부산해운대구,"부산광역시 해운대구 좌동순환로 505, 센트럴메디타워 202호 (중동)",129.1682073,35.165667
강대훈치과의원,치과의원,부산,210004,부산진구,"부산광역시 부산진구 당감로 61, (당감동)",129.0386364,35.1671121
강덕한의원,한의원,부산,210001,부산남구,"부산광역시 남구 전포대로 98, (문현동)",129.0670641,35.1454728
강동미소치과의원,치과의원,부산,210010,부산사하구,"부산광역시 사하구 다대로 145, 지하2층 (신평동, 강동병원)",128.9782847,35.0896572
강동병원,병원,부산,210010,부산사하구,"부산광역시 사하구 다대로 145, (신평동)",128.9782847,35.0896572
강동섭소아청소년과의원,의원,부산,210001,부산남구,"부산광역시 남구 수영로 37, (문현동)",129.0721428,35.1371189
강동치과의원,치과의원,부산,210013,부산연제구,"부산광역시 연제구 과정로 274, (연산동, 3층 일부)",129.097438,35.1881505
강림요양병원,요양병원,부산,210015,부산사상구,"부산광역시 사상구 낙동대로 792, (엄궁동)",128.9728208,35.1312796
강문정 산부인과의원,의원,부산,210013,부산연제구,"부산광역시 연제구 아시아드대로 79, 6층 일부호 (거제동)",129.0669549,35.1915766
강민기신경외과의원,의원,부산,210007,부산영도구,"부산광역시 영도구 태종로 102, 7층 (대교동2가, 현전빌딩)",129.0419502,35.0911632
강병구정신건강의학과의원,의원,부산,210003,부산동래구,"부산광역시 동래구 충렬대로 132, (온천동)",129.0746888,35.2055637
강보승이비인후과의원,의원,부산,210009,부산해운대구,"부산광역시 해운대구 구남로29번길 26, (중동)",129.1619558,35.1622657
강산들정형외과의원,의원,부산,210013,부산연제구,"부산광역시 연제구 중앙천로 94, 스타메디컬 2,3층 (연산동)",129.078682,35.1817521
강산치과의원,치과의원,부산,210005,부산북구,"부산광역시 북구 금곡대로 287, (화명동)",129.0133222,35.2341977
강샘온가족의원,의원,부산,210011,부산금정구,"부산광역시 금정구 금강로 376, 2층 (장전동)",129.0865978,35.2414978
강서연합의원,의원,부산,210012,부산강서구,"부산광역시 강서구 대저로 266, (대저1동)",128.9813337,35.2129765
강서하늘치과의원,치과의원,부산,210012,부산강서구,"부산광역시 강서구 공항로811번가길 56, 2층 (대저2동)",128.9571317,35.1773676
강선영산부인과의원,의원,부산,210003,부산동래구,"부산광역시 동래구 충렬대로 239, 301호 (수안동, 수안메디칼)",129.0856419,35.2016571
강선우내과의원,의원,부산,210004,부산진구,"부산광역시 부산진구 가야대로 451, 개금메디칼빌딩 501,503호 (개금동)",129.0215342,35.1535618
강수연의원,의원,부산,210014,부산수영구,"부산광역시 수영구 수영성로 27, (수영동)",129.1168551,35.1701454
강순옥성형외과의원,의원,부산,210014,부산수영구,"부산광역시 수영구 연수로 423, (수영동)",129.1151217,35.1678505
강영미산부인과의원,의원,부산,210009,부산해운대구,"부산광역시 해운대구 해운대로 407, 302호 (우동, 신세계프라자)",129.1406828,35.1678259
강윤호한의원,한의원,부산,210007,부산영도구,"부산광역시 영도구 태종로 319, (청학동)",129.0608277,35.0968102
강정신건강의학과의원,의원,부산,210009,부산해운대구,"부산광역시 해운대구 양운로 82, 801호 (좌동, 화인크리닉)",129.1755732,35.1704651
강정신건강의학과의원,의원,부산,210004,부산진구,"부산광역시 부산진구 동평로 422, 6층 (양정동)",129.070642,35.1728712
강지윤안과의원,의원,부산,210013,부산연제구,"부산광역시 연제구 과정로 111, 2층 (연산동)",129.1068618,35.181385
강진경내과의원,의원,부산,210006,부산서구,"부산광역시 서구 대티로 181-1, (서대신동3가)",129.0121481,35.1114735
강창일내과의원,의원,부산,210004,부산진구,"부산광역시 부산진구 복지로 61, (개금동)",129.0207464,35.1474388
강철민한의원,한의원,부산,210015,부산사상구,"부산광역시 사상구 운산로 47-1, (덕포동)",128.9817635,35.1680607
강철신경외과의원,의원,부산,210004,부산진구,"부산광역시 부산진구 새싹로 10-1, 2층 (부전동)",129.0583766,35.1590602
강철중정신건강의학과의원,의원,부산,210006,부산서구,"부산광역시 서구 구덕로 109, 15동 11층 1101호 (충무동1가)",129.0241404,35.0961904
강치과의원,치과의원,부산,210006,부산서구,"부산광역시 서구 구덕로 115, (충무동1가)",129.023519,35.0963483
강치과의원,치과의원,부산,210006,부산서구,"부산광역시 서구 구덕로 296, 2층 (동대신동2가)",129.0179685,35.110465
강치과의원,치과의원,부산,210008,부산중구,"부산광역시 중구 대청로 80, (대청동3가)",129.0285778,35.1027847
강치과의원,치과의원,부산,210015,부산사상구,"부산광역시 사상구 대동로 102, (학장동)",128.9790568,35.1385307
강치과의원,치과의원,부산,210009,부산해운대구,"부산광역시 해운대구 신반송로 207, (반송동)",129.15741,35.2304351
강치과의원,치과의원,부산,210003,부산동래구,"부산광역시 동래구 온천장로 123, (온천동)",129.0847911,35.2216143
강치과의원,치과의원,부산,210004,부산진구,"부산광역시 부산진구 중앙대로 712, 7층 (부전동)",129.0594857,35.1562601
강필비뇨의학과의원,의원,부산,210014,부산수영구,"부산광역시 수영구 수영로 669, 신세계메디컬센터 7층 (광안동)",129.1145154,35.1655671
강한의원,한의원,부산,210015,부산사상구,"부산광역시 사상구 가야대로282번길 8, 2층 (주례동)",129.0027587,35.1499402
강한정형외과의원,의원,부산,210001,부산남구,"부산광역시 남구 석포로 74, 3~7층 (대연동)",129.088528,35.1243282
강혜성치과의원,치과의원,부산,210002,부산동구,"부산광역시 동구 진성로 12, (수정동)",129.048351,35.129919
개구쟁이치과의원,치과의원,부산,210010,부산사하구,"부산광역시 사하구 사하로 200, 5층 502호 (괴정동)",128.9937065,35.0995799
개금길요양병원,요양병원,부산,210004,부산진구,"부산광역시 부산진구 백양대로 252, 1~7층 (개금동)",129.02322,35.1563937
개금다나아내과의원,의원,부산,210004,부산진구,"부산광역시 부산진구 가야대로 414, 성문학원 2층 (개금동)",129.0177482,35.1519957
개금마취통증의학과의원,의원,부산,210004,부산진구,"부산광역시 부산진구 가야대로 450, 상가동 108,109,110호 (개금동, 개금역금강펜테리움더스퀘어아파트)",129.0209135,35.1525104
개금박내과의원,의원,부산,210004,부산진구,"부산광역시 부산진구 가야대로 482, 2,3층 (개금동)",129.0246981,35.1528789
개금신세계소아청소년과의원,의원,부산,210004,부산진구,"부산광역시 부산진구 복지로 61, (개금동)",129.0207464,35.1474388
개금진치과의원,치과의원,부산,210004,부산진구,"부산광역시 부산진구 가야대로 451, 개금메디칼빌딩 5층 (개금동)",129.0215342,35.1535618
개금진한방병원,한방병원,부산,210004,부산진구,"부산광역시 부산진구 가야대로 451, 개금메디칼빌딩 3층 (개금동)",129.0215342,35.1535618
개금최치과의원,치과의원,부산,210004,부산진구,"부산광역시 부산진구 가야대로 472, 보문빌딩 2층 (개금동)",129.0236035,35.1529246
개금토토어린이치과의원,치과의원,부산,210004,부산진구,"부산광역시 부산진구 가야대로 451, 5층(개금메디칼빌딩) (개금동)",129.0215342,35.1535618
개금한의원,한의원,부산,210004,부산진구,"부산광역시 부산진구 엄광로 29, (개금동)",129.0193987,35.1483179
개나리소아청소년과병원,병원,부산,210012,부산강서구,"부산광역시 강서구 명지국제8로 269, 유당빌딩 4~5층 (명지동)",128.92243,35.0981159
갤러리안과의원,의원,부산,210003,부산동래구,"부산광역시 동래구 사직북로 6, 3층 (사직동)",129.0609901,35.1965299
갤러리치과의원,치과의원,부산,210004,부산진구,"부산광역시 부산진구 새싹로 22-1, 라이프빌리지 4층 (부전동)",129.0576686,35.1599048
갤럭시성형외과의원,의원,부산,210004,부산진구,"부산광역시 부산진구 부전로66번길 32, 2~3층 (부전동)",129.0563964,35.1557375
거림한의원,한의원,부산,210003,부산동래구,"부산광역시 동래구 온천장로125번길 49, (온천동)",129.0829244,35.2233854
거북이한의원,한의원,부산,210011,부산금정구,"부산광역시 금정구 장전온천천로 65-2, 2층 (장전동)",129.0888093,35.2308607
거인병원,병원,부산,210003,부산동래구,"부산광역시 동래구 여고로 12, 거인병원 지하1,지상2~10층 (사직동)",129.0653569,35.1946237
거제새힘한의원,한의원,부산,210013,부산연제구,"부산광역시 연제구 거제천로 82, 상가동 2층 206호 (연산동)",129.0733082,35.1814708
거제치과의원,치과의원,부산,210013,부산연제구,"부산광역시 연제구 아시아드대로 60, 2층 (거제동, 상신빌딩)",129.0679777,35.190005
거제한의원,한의원,부산,210013,부산연제구,"부산광역시 연제구 해맞이로 85, 2층 (거제동)",129.06887,35.1819334
건강내과의원,의원,부산,210010,부산사하구,"부산광역시 사하구 동매로 167, 2층 (당리동)",128.9761773,35.1015136
건강드림가정의학과의원,의원,부산,210009,부산해운대구,"부산광역시 해운대구 선수촌로 66, 2층 일부호 (반여동)",129.1191803,35.1993895
건강드림내과의원,의원,부산,210014,부산수영구,"부산광역시 수영구 수영로 690-5, 11층 (광안동)",129.1158494,35.1670367
건강만세365병원,병원,부산,210008,부산중구,"부산광역시 중구 대청로 105, 건강만세365병원 -1,1~9층 (대청동2가)",129.0313991,35.1031753
건강을지키는우리의원,의원,부산,210002,부산동구,"부산광역시 동구 초량로 33, 2층 (초량동)",129.0386581,35.1201383
건강플러스의원,의원,부산,210004,부산진구,"부산광역시 부산진구 당감서로 15, 2층 (당감동)",129.0361135,35.1622314
건강한길내과의원,의원,부산,210005,부산북구,"부산광역시 북구 만덕대로 24, 국민은행 덕천동지점 6층 (덕천동)",129.007765,35.2104608
건강한내과의원,의원,부산,210007,부산영도구,"부산광역시 영도구 동삼로 64, 5층 (동삼동)",129.0706151,35.0791786
건강한내과의원,의원,부산,210002,부산동구,"부산광역시 동구 조방로 45, 3층 (범일동)",129.0602838,35.140499
건강한의원,한의원,부산,210004,부산진구,"부산광역시 부산진구 서전로58번길 110, 1,2,4층 (전포동)",129.0660384,35.1528807
건강한장내과의원,의원,부산,210009,부산해운대구,"부산광역시 해운대구 아랫반송로 17, 4~5층 (반송동)",129.1481461,35.2255377
건강한재활의학과의원,의원,부산,210003,부산동래구,"부산광역시 동래구 온천장로 123-1, 4층 (온천동, 드림메디컬)",129.084789,35.2217307
건강한정치과의원,치과의원,부산,210004,부산진구,"부산광역시 부산진구 동평로 404, 3층 (양정동)",129.0689936,35.1737793
건담한의원,한의원,부산,210004,부산진구,"부산광역시 부산진구 서면문화로 7, 3층 (부전동)",129.0574754,35.1583658
건민부부한의원,한의원,부산,210006,부산서구,"부산광역시 서구 대영로45번길 56, 2층 (서대신동2가)",129.0153034,35.111915
건보한의원,한의원,부산,210001,부산남구,"부산광역시 남구 못골로 54, (대연동)",129.0881628,35.1357593
건치과의원,치과의원,부산,210004,부산진구,"부산광역시 부산진구 가야공원로 44, (가야동)",129.0298178,35.1495801
건치과의원,치과의원,부산,210013,부산연제구,"부산광역시 연제구 고분로 35-1, 1층, 2층 (연산동)",129.0864135,35.1858004
걷자의원,의원,부산,210014,부산수영구,"부산광역시 수영구 수영로 729, 3층 (수영동)",129.1189969,35.1687132
결치과의원,치과의원,부산,210009,부산해운대구,"부산광역시 해운대구 중동1로 25-2, 2층 (중동)",129.1625952,35.1629832
경대 한의원,한의원,부산,210014,부산수영구,"부산광역시 수영구 연수로416번길 2, (광안동)",129.114097,35.167888
경덕한의원,한의원,부산,210008,부산중구,"부산광역시 중구 샘길 1, (동광동5가)",129.0329141,35.1069451
경동정형외과의원,의원,부산,210100,부산기장군,"부산광역시 기장군 기장읍 읍내로 116, 메디컬센터 2,3층",129.2170665,35.2449069
경동한의원,한의원,부산,210009,부산해운대구,"부산광역시 해운대구 좌동순환로 503, (중동, 웰비치상가)",129.1683851,35.1653969
경락한의원,한의원,부산,210011,부산금정구,"부산광역시 금정구 수림로 6, (부곡동, SK상가 2층 202호)",129.0918957,35.2395706
경래한의원,한의원,부산,210007,부산영도구,"부산광역시 영도구 대교로 6, (봉래동3가)",129.0442068,35.0933007
경로치과의원,치과의원,부산,210006,부산서구,"부산광역시 서구 구덕로321번길 38, 1층 (서대신동3가)",129.0146345,35.1119479
경부한의원,한의원,부산,210004,부산진구,"부산광역시 부산진구 중앙대로 767, 4층 (부전동)",129.061303,35.1608859
경성한의원,한의원,부산,210005,부산북구,"부산광역시 북구 백양대로 1096, (구포동)",128.999446,35.2023642
경세민한의원,한의원,부산,210009,부산해운대구,"부산광역시 해운대구 해운대로 814, A동 2층 (좌동, 세종월드프라자)",129.1776778,35.1695768
경원한의원,한의원,부산,210011,부산금정구,"부산광역시 금정구 중앙대로 2029, (남산동)",129.0921721,35.2655728
경인한의원,한의원,부산,210010,부산사하구,"부산광역시 사하구 다대로 401, 1,2층 (다대동)",128.9798945,35.0673564
경주한의원,한의원,부산,210003,부산동래구,"부산광역시 동래구 시실로 22, (명륜동)",129.086175,35.2167419
경한의원,한의원,부산,210011,부산금정구,"부산광역시 금정구 장전로 32, 1층 (장전동)",129.0855338,35.2287187
경향한의원,한의원,부산,210004,부산진구,"부산광역시 부산진구 가야대로 466, (개금동,1층,6층)",129.0229795,35.1529022
경희맥침한의원,한의원,부산,210002,부산동구,"부산광역시 동구 망양로844번길 6, 1층 (수정동)",129.0462143,35.1360549
경희메트로한의원,한의원,부산,210001,부산남구,"부산광역시 남구 분포로 113, 1005동 403호 (용호동, 엘지메트로시티주상가)",129.109571,35.129786
경희미르애한의원,한의원,부산,210008,부산중구,"부산광역시 중구 구덕로 90, 3층 (남포동6가)",129.0260148,35.0975764
경희배한의원,한의원,부산,210015,부산사상구,"부산광역시 사상구 백양대로 884, (모라동)",128.9914489,35.1851093
경희백동진한의원,한의원,부산,210014,부산수영구,"부산광역시 수영구 감포로 23, (광안동)",129.120009,35.1606785
경희병원,병원,부산,210010,부산사하구,"부산광역시 사하구 다대로 321, (장림동)",128.9768377,35.0735355
경희본한의원,한의원,부산,210009,부산해운대구,"부산광역시 해운대구 아랫반송로21번길 2, 2층 (반송동)",129.1485636,35.225332
경희사랑채한의원,한의원,부산,210010,부산사하구,"부산광역시 사하구 하신중앙로 341, 1층 (하단동)",128.9672451,35.1057684
경희산부인과의원,의원,부산,210010,부산사하구,"부산광역시 사하구 다대로 321, (장림동)",128.9768377,35.0735355
경희살림한의원,한의원,부산,210010,부산사하구,"부산광역시 사하구 다대로 544, 207,208호 (다대동, 진요빌딩)",128.9709781,35.0578274
경희상훈한의원,한의원,부산,210011,부산금정구,"부산광역시 금정구 금정로91번길 19, 2층 (장전동, 향춘빌딩)",129.0858373,35.2328886
경희새힘한의원,한의원,부산,210015,부산사상구,"부산광역시 사상구 사상로 272, (덕포동)",128.9825486,35.1690678
경희세광한의원,한의원,부산,210003,부산동래구,"부산광역시 동래구 사직북로 36, (사직동)",129.0601041,35.1992153
경희손한의원,한의원,부산,210004,부산진구,"부산광역시 부산진구 가야대로 454, 3층 (개금동)",129.021683,35.1529094
경희신한의원,한의원,부산,210009,부산해운대구,"부산광역시 해운대구 해운대로 802, B동 303호 (좌동, 웅신시네아트)",129.1766569,35.1691635
경희엘피스한의원,한의원,부산,210005,부산북구,"부산광역시 북구 만덕대로 169, 보성빌딩 2층 (덕천동)",129.0232394,35.2135297
경희요양병원,요양병원,부산,210005,부산북구,"부산광역시 북구 만덕대로 106, (덕천동)",129.0164317,35.2125989
경희은한의원,한의원,부산,210007,부산영도구,"부산광역시 영도구 남항로 51, 2층 (영선동2가)",129.0419575,35.0884211
경희이상덕한의원,한의원,부산,210003,부산동래구,"부산광역시 동래구 명안로45번길 82, (명장동)",129.100288,35.2015544
경희자강한의원,한의원,부산,210001,부산남구,"부산광역시 남구 용호로160번길 4, 1층 (용호동)",129.1113733,35.118145
경희정도한방병원,한방병원,부산,210014,부산수영구,"부산광역시 수영구 수영로 711, 5~15(9층제외)층 (수영동)",129.1172252,35.1682815
경희제일한의원,한의원,부산,210014,부산수영구,"부산광역시 수영구 광안해변로 293, 4층 (민락동)",129.1254663,35.1565517
경희청담한의원,한의원,부산,210012,부산강서구,"부산광역시 강서구 명지오션시티4로 61, 302호 (명지동)",128.9039059,35.0835222
경희하늘애한의원,한의원,부산,210010,부산사하구,"부산광역시 사하구 하신중앙로 350, 덕천빌딩 4층 (하단동)",128.9684477,35.1055936
경희한결한의원,한의원,부산,210001,부산남구,"부산광역시 남구 수영로 233, 민석빌딩 4층 (대연동)",129.092185,35.1354275
경희한의원,한의원,부산,210008,부산중구,"부산광역시 중구 광복로39번길 29, (신창동2가)",129.0290805,35.1018442
경희한의원,한의원,부산,210014,부산수영구,"부산광역시 수영구 수영로705번길 6, (수영동)",129.1167061,35.1682023
경희한의원,한의원,부산,210004,부산진구,"부산광역시 부산진구 전포대로275번길 7, 3층 (전포동)",129.0649382,35.1611995
경희한의원,한의원,부산,210013,부산연제구,"부산광역시 연제구 시청로 20, 4층 (연산동)",129.0751003,35.1813156
경희해운대한의원,한의원,부산,210009,부산해운대구,"부산광역시 해운대구 좌동순환로 505, 3층 302호 (중동)",129.1682073,35.165667
경희홍익한의원,한의원,부산,210010,부산사하구,"부산광역시 사하구 다대로 698, 3층 (다대동)",128.9653676,35.0485879
경희후상한의원,한의원,부산,210002,부산동구,"부산광역시 동구 진성로 18, 2층 (수정동)",129.0477814,35.1303416
계응심산부인과의원,의원,부산,210007,부산영도구,"부산광역시 영도구 절영로 53, (남항동1가)",129.0386222,35.0897852
고관서울치과의원,치과의원,부산,210002,부산동구,"부산광역시 동구 중앙대로349번길 46, 2층 (수정동)",129.0448982,35.1262482
고내과의원,의원,부산,210009,부산해운대구,"부산광역시 해운대구 좌동순환로 307-1, 201호 (좌동, 한창프라자)",129.1832297,35.1685422
고든몸한의원,한의원,부산,210010,부산사하구,"부산광역시 사하구 낙동대로 450, 3층 301호 (당리동)",128.9695379,35.1053889
고든몸한의원,한의원,부산,210009,부산해운대구,"부산광역시 해운대구 좌동순환로 173, 203호 (좌동, 영풍프라자)",129.1752749,35.1781714
고든몸한의원,한의원,부산,210004,부산진구,"부산광역시 부산진구 가야대로 769, ABC메디컬센터 4층 (부전동)",129.0557793,35.1580057
고든정형외과의원,의원,부산,210003,부산동래구,"부산광역시 동래구 사직북로 24, 가람빌딩 8층 (사직동)",129.0605403,35.1979788
고려내과의원,의원,부산,210002,부산동구,"부산광역시 동구 중앙대로 515, (범일동)",129.0562044,35.1392022
고려신경외과의원,의원,부산,210009,부산해운대구,"부산광역시 해운대구 재반로 199, 3층 (반여동, 새아빌딩)",129.1304705,35.1951003
고려영상의학과의원,의원,부산,210010,부산사하구,"부산광역시 사하구 낙동대로 211, (괴정동)",128.9937642,35.0999392
고려의원,의원,부산,210006,부산서구,"부산광역시 서구 까치고개로 196, (아미동2가)",129.0170608,35.0998327
고려의원,의원,부산,210007,부산영도구,"부산광역시 영도구 태종로 83, (대교동2가)",129.0401477,35.0921893
고려의원,의원,부산,210009,부산해운대구,"부산광역시 해운대구 반송로924번길 13, 1층 (반송동)",129.155582,35.2322411
고려치과의원,치과의원,부산,210001,부산남구,"부산광역시 남구 유엔평화로3번길 5, 101호 일부호 (대연동)",129.092388,35.1346922
고려치과의원,치과의원,부산,210100,부산기장군,"부산광역시 기장군 기장읍 차성로288번길 78, 3, 4층",129.2178915,35.2428669
고려한의원,한의원,부산,210015,부산사상구,"부산광역시 사상구 사상로 299, (덕포동)",128.9829208,35.1715221
고르다치과의원,치과의원,부산,210004,부산진구,"부산광역시 부산진구 중앙대로 749, 1층 (부전동)",129.060166,35.159633
고마워 한의원,한의원,부산,210001,부산남구,"부산광역시 남구 수영로 295, 5층 505호 (대연동)",129.0983236,35.1369934
고슴도치프롤노의원,의원,부산,210004,부산진구,"부산광역시 부산진구 중앙대로 777, 2층 (부전동)",129.0618849,35.1618574
고신대학교복음병원,상급종합,부산,210006,부산서구,"부산광역시 서구 감천로 262, (암남동)",129.0139595,35.0809636
고영규치과의원,치과의원,부산,210004,부산진구,"부산광역시 부산진구 연수로 6, (양정동)",129.0720591,35.1730052
고요의원,의원,부산,210014,부산수영구,"부산광역시 수영구 호암로 6, (광안동)",129.1122831,35.1565017
고용호신경외과의원,의원,부산,210001,부산남구,"부산광역시 남구 수영로 168, (대연동)",129.0850303,35.1345848
고운e치과의원,치과의원,부산,210015,부산사상구,"부산광역시 사상구 낙동대로 786, 4층 (엄궁동)",128.9720865,35.1307295
고운e치과의원,치과의원,부산,210013,부산연제구,"부산광역시 연제구 시청로 34, 2층 (연산동)",129.0738025,35.1819774
고운그대한의원,한의원,부산,210015,부산사상구,"부산광역시 사상구 낙동대로 751, 동일메가타워 3층 (엄궁동)",128.9694841,35.128444
고운미소치과의원,치과의원,부산,210003,부산동래구,"부산광역시 동래구 사직로 80, 222동 102호 (사직동, 사직쌍용예가)",129.0557802,35.1969782
고운비뇨기과의원,의원,부산,210009,부산해운대구,"부산광역시 해운대구 재반로 89, 2층 (재송동)",129.1253273,35.1866839
고운산부인과의원,의원,부산,210014,부산수영구,"부산광역시 수영구 과정로 59, 2층 (망미동)",129.107096,35.1767405
고운세상김양제장봉석피부과의원,의원,부산,210004,부산진구,"부산광역시 부산진구 중앙대로 686, 5층 (부전동)",129.0595933,35.153949
고운세상피부과의원 서부산점,의원,부산,210012,부산강서구,"부산광역시 강서구 명지국제5로 42, 동진빌딩 3층 302호 (명지동)",128.9202536,35.0976753
고운얼굴의원,의원,부산,210004,부산진구,"부산광역시 부산진구 범일로 133-1, 3층 (범천동)",129.0589428,35.1419204
고운이치과의원,치과의원,부산,210005,부산북구,"부산광역시 북구 효열로 224, 2층 (금곡동)",129.0198196,35.2638221
고운이치과의원,치과의원,부산,210013,부산연제구,"부산광역시 연제구 연수로 140, 2층 (연산동)",129.0860329,35.174524
고운치과의원,치과의원,부산,210015,부산사상구,"부산광역시 사상구 사상로 236, (괘법동)",128.9830174,35.1659783
고운치과의원,치과의원,부산,210009,부산해운대구,"부산광역시 해운대구 좌동순환로 177, 제일빌딩 2층 (좌동)",129.1757714,35.1780419
고운플란트치과의원,치과의원,부산,210004,부산진구,"부산광역시 부산진구 중앙대로 792, 진흥프라자 3 일부층 (전포동)",129.063292,35.1624202
고운피부과의원,의원,부산,210007,부산영도구,"부산광역시 영도구 태종로 102, (대교동2가)",129.0419502,35.0911632
고운피부과의원,의원,부산,210009,부산해운대구,"부산광역시 해운대구 구남로29번길 26, 2층 (중동)",129.1619558,35.1622657
고운피부과의원,의원,부산,210004,부산진구,"부산광역시 부산진구 가야대로 767-1, 원광메디컬센터 7층 (부전동)",129.0556427,35.1580254
고운피부과의원,의원,부산,210003,부산동래구,"부산광역시 동래구 동래로 25, 8층 (온천동)",129.0783424,35.2125513
고운하늘의원,의원,부산,210004,부산진구,"부산광역시 부산진구 백양관문로 3, (개금동)",129.0311601,35.1594433
고은리프트의원,의원,부산,210004,부산진구,"부산광역시 부산진구 가야대로 784, (부전동)",129.0574092,35.1573307
고은산부인과의원,의원,부산,210003,부산동래구,"부산광역시 동래구 명안로85번길 52, 3층 (명장동, 명장랜드마크)",129.1017827,35.2048379
고은치과의원,치과의원,부산,210003,부산동래구,"부산광역시 동래구 아시아드대로 239, 3층 (온천동)",129.0674583,35.2052326
고의경이비인후과의원,의원,부산,210008,부산중구,"부산광역시 중구 구덕로 90, 4층 (남포동6가)",129.0260148,35.0975764
고의영치과의원,치과의원,부산,210009,부산해운대구,"부산광역시 해운대구 재반로 193-1, 3층 (반여동)",129.1304155,35.1945755
고촌치과의원,치과의원,부산,210100,부산기장군,"부산광역시 기장군 철마면 고촌로 28, 2층",129.1707794,35.2395918
고학준소아청소년과의원,의원,부산,210004,부산진구,"부산광역시 부산진구 백양관문로 3, 206호 (개금동, 주공복합상가)",129.0311601,35.1594433
고한의원,한의원,부산,210014,부산수영구,"부산광역시 수영구 남천동로 11, (남천동)",129.1100656,35.1428626
고한진이비인후과의원,의원,부산,210004,부산진구,"부산광역시 부산진구 동천로 116, 406호 (전포동)",129.0626336,35.1590568
고현한의원,한의원,부산,210014,부산수영구,"부산광역시 수영구 광남로 214, (민락동)",129.1220937,35.1586474
곤륜한의원,한의원,부산,210007,부산영도구,"부산광역시 영도구 웃서발로 78-1, (동삼동)",129.0706675,35.0788709
골드치과의원,치과의원,부산,210008,부산중구,"부산광역시 중구 중구로 3, 다비치 6층 (남포동6가)",129.0278545,35.0981369
골드치과의원,치과의원,부산,210010,부산사하구,"부산광역시 사하구 낙동대로 212, 6층 (괴정동)",128.9936261,35.1005469
공감정신건강의학과의원,의원,부산,210008,부산중구,"부산광역시 중구 대청로 80, 7층 (대청동3가)",129.0285778,35.1027847
공내과의원,의원,부산,210004,부산진구,"부산광역시 부산진구 연수로 45, (양정동)",129.0757352,35.1750873
공정신건강의학과의원,의원,부산,210013,부산연제구,"부산광역시 연제구 중앙대로 1033, 9층 일부호 (연산동)",129.0771446,35.1809323
곽상호한의원,한의원,부산,210001,부산남구,"부산광역시 남구 유엔로 143, (대연동)",129.0917493,35.1303379
곽시영내과의원,의원,부산,210003,부산동래구,"부산광역시 동래구 반송로273번길 2, (명장동)",129.100666,35.2054356
곽요양병원,요양병원,부산,210010,부산사하구,"부산광역시 사하구 낙동남로 1361, (하단동)",128.9607182,35.1065177
곽재활의학과의원,의원,부산,210010,부산사하구,"부산광역시 사하구 낙동남로 1412, 경부빌딩 15층 (하단동)",128.966083,35.1057921
곽치과의원,치과의원,부산,210015,부산사상구,"부산광역시 사상구 사상로 489-1, (모라동)",128.9878055,35.1883329
광덕안정한의원,한의원,부산,210004,부산진구,"부산광역시 부산진구 중앙대로 760, 1,2층 (부전동)",129.0612873,35.1599415
광덕안정한의원,한의원,부산,210010,부산사하구,"부산광역시 사하구 낙동남로 1409, 정우엠타워 2,3층 (하단동)",128.9658007,35.1065864
광덕안정한의원 부산대연점,한의원,부산,210001,부산남구,"부산광역시 남구 용소로 5, 동영빌딩 2,5,6층 (대연동)",129.1005272,35.1368505
광덕안정한의원 부산중구점,한의원,부산,210008,부산중구,"부산광역시 중구 보수대로 14, 2층 (부평동2가)",129.0254939,35.0983072
광덕한의원,한의원,부산,210002,부산동구,"부산광역시 동구 중앙대로 509-1, (범일동)",129.0562099,35.1387786
광도한의원,한의원,부산,210003,부산동래구,"부산광역시 동래구 충렬대로255번길 30, (낙민동)",129.0888499,35.201765
광명한의원,한의원,부산,210015,부산사상구,"부산광역시 사상구 모라로110번길 25, 1층 (모라동)",128.9924533,35.1852877
광명한의원,한의원,부산,210011,부산금정구,"부산광역시 금정구 금사로 118, 1층 (금사동)",129.1137472,35.2227406
광안뉴욕치과의원,치과의원,부산,210014,부산수영구,"부산광역시 수영구 수영로 585, 뉴욕임플란트빌딩 1~4층 (광안동)",129.1127798,35.1580153
광안더힐요양병원,요양병원,부산,210014,부산수영구,"부산광역시 수영구 수영로536번길 71, (광안동)",129.1158587,35.1527373
광안동의보감한의원,한의원,부산,210014,부산수영구,"부산광역시 수영구 수영로606번길 128, (광안동)",129.1204825,35.1586027
광안리더스치과의원,치과의원,부산,210014,부산수영구,"부산광역시 수영구 수영로 597, (광안동)",129.1131884,35.1591065
광안리동백나무치과의원,치과의원,부산,210014,부산수영구,"부산광역시 수영구 광안로 4, 광안동에스케이뷰 401호 (광안동)",129.1133756,35.1569388
광안리재활의학과의원,의원,부산,210014,부산수영구,"부산광역시 수영구 수영로 577, 9-10층 (광안동)",129.1127221,35.157337
광안마린소아청소년과의원,의원,부산,210014,부산수영구,"부산광역시 수영구 수영로 581, 2층 202호 (광안동)",129.1128045,35.1576639
광안미치과의원,치과의원,부산,210014,부산수영구,"부산광역시 수영구 수영로 582, (광안동)",129.1133785,35.1576088
광안웰빙의원,의원,부산,210014,부산수영구,"부산광역시 수영구 광일로 49, 109동 102호 (광안동, 비치그린아파트)",129.1084625,35.1622314
광안자모병원,병원,부산,210014,부산수영구,"부산광역시 수영구 수영로 555, (광안동)",129.1121443,35.1553451
광안정다운요양병원,요양병원,부산,210014,부산수영구,"부산광역시 수영구 광안해변로 292, 3~6층 (민락동)",129.1255902,35.1560537
광안제일치과의원,치과의원,부산,210014,부산수영구,"부산광역시 수영구 수영로 588, (광안동)",129.1134685,35.1581319
광제당한의원,한의원,부산,210004,부산진구,"부산광역시 부산진구 냉정로 190, (개금동)",129.0207113,35.1500994
광진 한의원,한의원,부산,210014,부산수영구,"부산광역시 수영구 무학로9번길 15, (광안동)",129.1148684,35.1624374
광혜한의원,한의원,부산,210014,부산수영구,"부산광역시 수영구 수영로 592, (광안동)",129.1136719,35.1586284
괴정동의한의원,한의원,부산,210010,부산사하구,"부산광역시 사하구 낙동대로 209, 2층 (괴정동)",128.9939322,35.1001185
괴정바른한의원,한의원,부산,210010,부산사하구,"부산광역시 사하구 낙동대로 211-1, 2층 (괴정동)",128.9936671,35.1000713
괴정병원,정신병원,부산,210010,부산사하구,"부산광역시 사하구 낙동대로 248, 4,8,9,10층 (괴정동, 우리메디칼센터)",128.9898938,35.0995551
괴정수석치과의원,치과의원,부산,210010,부산사하구,"부산광역시 사하구 낙동대로 230, 수민빌딩 3층 301호 (괴정동)",128.9918245,35.1000238
괴정아나파마취통증의학과의원,의원,부산,210010,부산사하구,"부산광역시 사하구 낙동대로 219, 2층 (괴정동)",128.9929353,35.0998235
괴정아트치과의원,치과의원,부산,210010,부산사하구,"부산광역시 사하구 사하로 189, 307,308호 (괴정동, 괴정어반푸르지오)",128.9933657,35.0984657
괴정어린이병원,병원,부산,210010,부산사하구,"부산광역시 사하구 사하로 188, (괴정동)",128.9941683,35.0985409
괴정우리들치과의원,치과의원,부산,210010,부산사하구,"부산광역시 사하구 사하로 184, 2,3층 (괴정동)",128.9941408,35.0981361
괴정제일정형외과의원,의원,부산,210010,부산사하구,"부산광역시 사하구 낙동대로 170, 2~7층 (괴정동)",128.9975649,35.1022229
괴정제일치과의원,치과의원,부산,210010,부산사하구,"부산광역시 사하구 낙동대로 218, (괴정동)",128.9929635,35.1003371
괴정참재활의학과의원,의원,부산,210010,부산사하구,"부산광역시 사하구 사하로 193, 지상2,3층 (괴정동)",128.9933659,35.0990237
괴정학문외과의원,의원,부산,210010,부산사하구,"부산광역시 사하구 낙동대로 230, (괴정동)",128.9918245,35.1000238
괴정한의원,한의원,부산,210010,부산사하구,"부산광역시 사하구 낙동대로 206, 2층 (괴정동)",128.9942093,35.1006803
구광한의원,한의원,부산,210006,부산서구,"부산광역시 서구 대티로 179, 지하1층 일부, 1층 (서대신동3가)",129.0121703,35.1116454
구구한의원,한의원,부산,210001,부산남구,"부산광역시 남구 수영로 25, 2층 201호 (문현동)",129.0705747,35.1372169
구구한의원,한의원,부산,210014,부산수영구,"부산광역시 수영구 과정로 59, (망미동)",129.107096,35.1767405
구도형바른의원,의원,부산,210004,부산진구,"부산광역시 부산진구 중앙대로 792, 진흥프라자 2층 (전포동)",129.063292,35.1624202
구명한의원,한의원,부산,210005,부산북구,"부산광역시 북구 백양대로 1125, 2층 (구포동)",129.0013449,35.2046556
구명한의원,한의원,부산,210004,부산진구,"부산광역시 부산진구 당감로 39, (당감동)",129.0390406,35.1651279
구민부부한의원,한의원,부산,210005,부산북구,"부산광역시 북구 가람로52번길 80, 1층 (구포동)",129.0025131,35.2052485
구서바른이치과교정과치과의원,치과의원,부산,210011,부산금정구,"부산광역시 금정구 중앙대로1841번길 39, (구서동)",129.0898035,35.248975
구서치과의원,치과의원,부산,210011,부산금정구,"부산광역시 금정구 구서로 20, (구서동)",129.0890477,35.2468795
구서한의원,한의원,부산,210011,부산금정구,"부산광역시 금정구 수림로50번길 195-3, 1,2층 (구서동)",129.0899013,35.2479348
구세산부인과의원,의원,부산,210006,부산서구,"부산광역시 서구 구덕로 114, (충무동1가)",129.0238409,35.0967414
구세의원,의원,부산,210003,부산동래구,"부산광역시 동래구 여고로113번길 25, (사직동)",129.0746883,35.1995491
구순본정형외과의원,의원,부산,210009,부산해운대구,"부산광역시 해운대구 좌동순환로 441, 2~3, 5~6층 (중동, 부산중2동우편취급국)",129.1725654,35.1613322
구영일재활의학과의원,의원,부산,210008,부산중구,"부산광역시 중구 대청로 101, (대청동2가)",129.030997,35.1030688
구원태치과의원,치과의원,부산,210013,부산연제구,"부산광역시 연제구 거제천로87번길 36, (거제동)",129.071455,35.1827989
구자룡치과의원,치과의원,부산,210001,부산남구,"부산광역시 남구 수영로366번길 2, (대연동)",129.105524,35.1394323
구자영내과의원,의원,부산,210001,부산남구,"부산광역시 남구 수영로 182-1, 3층 (대연동)",129.0865615,35.1345804
구자현비뇨기과의원,의원,부산,210001,부산남구,"부산광역시 남구 수영로 298, (대연동)",129.0990388,35.1365892
구정태내과의원,의원,부산,210003,부산동래구,"부산광역시 동래구 사직북로19번길 34, (사직동)",129.0586378,35.1973839
구침한의원,한의원,부산,210011,부산금정구,"부산광역시 금정구 동현로16번길 76, 2층 (부곡동)",129.0877173,35.2207453
구포김치과의원,치과의원,부산,210005,부산북구,"부산광역시 북구 백양대로 1025, 2층 (구포동, 협진태양프라자)",128.995157,35.1978559
구포성심병원,종합병원,부산,210005,부산북구,"부산광역시 북구 낙동대로 1786, (구포동)",129.0047235,35.2097133
구포치과의원,치과의원,부산,210005,부산북구,"부산광역시 북구 만덕대로 22, 8층 (덕천동, 드림 메디칼 빌딩)",129.0075603,35.2103495
구포하나정형외과의원,의원,부산,210005,부산북구,"부산광역시 북구 백양대로 1149, (구포동)",129.0037041,35.2052834
구포한의원,한의원,부산,210005,부산북구,"부산광역시 북구 백양대로 1187, 2층 (구포동)",129.0049323,35.208278
국민45플란트치과의원,치과의원,부산,210009,부산해운대구,"부산광역시 해운대구 센텀2로 10, , 8층, 6층 601호 (우동)",129.1315304,35.1678325
국민건강의원,의원,부산,210100,부산기장군,"부산광역시 기장군 기장읍 기장대로 83-10, 1~4층",129.2053762,35.2047957
국민한의원,한의원,부산,210011,부산금정구,"부산광역시 금정구 금강로 464, (구서동)",129.0884758,35.2488127
국보한의원,한의원,부산,210004,부산진구,"부산광역시 부산진구 새싹로 256, 2층 202호 (초읍동, 오티시이즈오피스텔)",129.0479948,35.1789568
국전경희한의원,한의원,부산,210001,부산남구,"부산광역시 남구 용호로178번길 3, (용호동)",129.1107816,35.1162565
국제치과의원,치과의원,부산,210012,부산강서구,"부산광역시 강서구 명지국제11로 25, 4층 (명지동)",128.9212855,35.1048452
국제한의원,한의원,부산,210008,부산중구,"부산광역시 중구 대청로 76, (대청동3가)",129.0282167,35.1028288
국제한의원,한의원,부산,210012,부산강서구,"부산광역시 강서구 명지국제8로 243, 201호 (명지동)",128.9195119,35.098413
굳건병원,병원,부산,210010,부산사하구,"부산광역시 사하구 낙동대로 446, 지하2층 일부, 1층 일부, 2~4층 전부, 6층 일부 (당리동)",128.9700969,35.1051957
굿닥터의원,의원,부산,210011,부산금정구,"부산광역시 금정구 서명로 15-1, (서동)",129.1015702,35.2137369
굿닥터치과의원,치과의원,부산,210100,부산기장군,"부산광역시 기장군 기장읍 반송로 1635, 2층",129.2169623,35.2512466
굿메디내과의원,의원,부산,210013,부산연제구,"부산광역시 연제구 중앙천로 93, 서호병원 7층 701호, 8층 801호 일부호 (연산동)",129.0785079,35.1815106
굿모닝JS의원,의원,부산,210014,부산수영구,"부산광역시 수영구 연수로 266, 1층 (망미동)",129.0997645,35.1729428
굿모닝가정의원,의원,부산,210009,부산해운대구,"부산광역시 해운대구 재반로165번길 112, (재송동)",129.1243773,35.1914309
굿모닝가정의학과의원,의원,부산,210003,부산동래구,"부산광역시 동래구 명장로 50, 2층 (명장동)",129.1064255,35.2046341
굿모닝내과의원,의원,부산,210005,부산북구,"부산광역시 북구 만덕대로 58, (덕천동)",129.0114353,35.2113769
굿모닝내과의원,의원,부산,210001,부산남구,"부산광역시 남구 용호로 54, 대영빌딩 3층 301,302호 (용호동)",129.1096584,35.1261619
굿모닝백이안과의원,의원,부산,210004,부산진구,"부산광역시 부산진구 중앙대로 724, 3,7,8층 (부전동)",129.0599666,35.157246
굿모닝성모안과의원,의원,부산,210004,부산진구,"부산광역시 부산진구 새싹로 2, 국민은행 서면중앙지점 5층 (부전동)",129.0590368,35.1585719
굿모닝외과의원,의원,부산,210002,부산동구,"부산광역시 동구 중앙대로221번가길 5, (초량동)",129.0401558,35.1171516
굿모닝유치과의원,치과의원,부산,210015,부산사상구,"부산광역시 사상구 낙동대로 751, 동일메가타워 2층 203호 (엄궁동)",128.9694841,35.128444
굿모닝이비인후과의원,의원,부산,210003,부산동래구,"부산광역시 동래구 충렬대로 415, 3층 (안락동)",129.103876,35.1968595
굿모닝이비인후과의원,의원,부산,210004,부산진구,"부산광역시 부산진구 중앙대로 669, 2층,3층 (부전동)",129.0588341,35.1524467
굿모닝치과의원,치과의원,부산,210010,부산사하구,"부산광역시 사하구 낙동대로 452, 2층 (당리동)",128.969427,35.1055016
굿모닝치과의원,치과의원,부산,210002,부산동구,"부산광역시 동구 중앙대로 375, (수정동)",129.0485724,35.1291356
굿모닝치과의원,치과의원,부산,210011,부산금정구,"부산광역시 금정구 중앙대로 1723, 2층 (부곡동)",129.0921084,35.2384219
굿모닝치과의원,치과의원,부산,210003,부산동래구,"부산광역시 동래구 중앙대로 1319, 4층 (온천동)",129.0776561,35.2050513
굿모닝치과의원,치과의원,부산,210100,부산기장군,"부산광역시 기장군 기장읍 차성동로 69, 2층 (신성빌딩)",129.2164977,35.2439054
굿모닝치과의원,치과의원,부산,210004,부산진구,"부산광역시 부산진구 중앙대로 932, (양정동)",129.0715563,35.1728584
굿모닝치과의원,치과의원,부산,210009,부산해운대구,"부산광역시 해운대구 해운대로 794, 엘리움 401호 (좌동)",129.1757451,35.168815
굿서울치과의원,치과의원,부산,210011,부산금정구,"부산광역시 금정구 금강로 492, 4층 (구서동)",129.0879918,35.2512588
굿윌주니어치과의원,치과의원,부산,210005,부산북구,"부산광역시 북구 금곡대로 28, (덕천동)",129.0047425,35.2125001
굿윌치과병원,치과병원,부산,210010,부산사하구,"부산광역시 사하구 낙동남로 1398, 13~17층 (하단동)",128.9644833,35.1057576
굿윌치과병원,치과병원,부산,210005,부산북구,"부산광역시 북구 금곡대로 28, (덕천동)",129.0047425,35.2125001
굿윌치과병원,치과병원,부산,210004,부산진구,"부산광역시 부산진구 중앙대로 686, 지상4층 (부전동)",129.0595933,35.153949
굿초이스치과의원,치과의원,부산,210004,부산진구,"부산광역시 부산진구 성지로 62, 3층 (초읍동)",129.054912,35.176317
굿치과의원,치과의원,부산,210004,부산진구,"부산광역시 부산진구 당감로 38, 1층 (당감동)",129.0394835,35.1650565
굿플란트치과의원,치과의원,부산,210004,부산진구,"부산광역시 부산진구 가야대로 765, 4층 (부전동)",129.0553495,35.1579075
굿플러스치과의원,치과의원,부산,210003,부산동래구,"부산광역시 동래구 사직북로 4, 6층 601호 (사직동, 삼정자이언츠파크)",129.0613598,35.1962582
권경자산부인과의원,의원,부산,210005,부산북구,"부산광역시 북구 백양대로 1204, (덕천동)",129.0059238,35.2099677
권내과의원,의원,부산,210009,부산해운대구,"부산광역시 해운대구 반송로924번길 14, (반송동)",129.1554677,35.2320278
권마취통증의학과의원,의원,부산,210011,부산금정구,"부산광역시 금정구 중앙대로1719번길 16, 참한빌딩 3층 (부곡동)",129.0913058,35.237951
권미경치과의원,치과의원,부산,210011,부산금정구,"부산광역시 금정구 서동로 164, (서동)",129.1044517,35.2145718
권민한이비인후과의원,의원,부산,210013,부산연제구,"부산광역시 연제구 거제천로 89, 4층 401호 (거제동)",129.0730645,35.1822768
권배근치과의원,치과의원,부산,210013,부산연제구,"부산광역시 연제구 중앙대로 1164, (연산동)",129.0814933,35.1916456
권순고치과의원,치과의원,부산,210003,부산동래구,"부산광역시 동래구 안락로 19, (안락동)",129.0994794,35.2007885
권순완소아청소년과의원,의원,부산,210009,부산해운대구,"부산광역시 해운대구 선수촌로 94, 201호 (반여동, 대룡빌딩)",129.1195631,35.2021038
권용후비뇨기과의원,의원,부산,210010,부산사하구,"부산광역시 사하구 다대로 547, (다대동)",128.9713871,35.0573807
권우영이비인후과의원,의원,부산,210014,부산수영구,"부산광역시 수영구 연수로 419, (수영동)",129.1148216,35.1678272
권종대치과의원,치과의원,부산,210004,부산진구,"부산광역시 부산진구 동천로 116, (전포동, 한신밴오피스텔)",129.0626299,35.1590596
권태경내과의원,의원,부산,210100,부산기장군,"부산광역시 기장군 기장읍 차성동로 94, 2, 3층",129.2170108,35.2461629
권한의원,한의원,부산,210011,부산금정구,"부산광역시 금정구 중앙대로1719번길 64, 2층 (부곡동)",129.0886389,35.2378988
권현영산부인과의원,의원,부산,210010,부산사하구,"부산광역시 사하구 낙동남로 1406, 7층 (하단동)",128.9655838,35.1058002
규림한의원,한의원,부산,210014,부산수영구,"부산광역시 수영구 과정로67번길 13, (망미동)",129.1063428,35.1773169
균형한의원,한의원,부산,210010,부산사하구,"부산광역시 사하구 사하로 197, 2층 (괴정동)",128.9932767,35.0993342
균형한의원남포점,한의원,부산,210008,부산중구,"부산광역시 중구 구덕로 58, 2층 (남포동5가)",129.0294477,35.0983349
그대고운피부과의원,의원,부산,210009,부산해운대구,"부산광역시 해운대구 세실로 64, 306~309호 (좌동, 화목데파트)",129.177663,35.1709808
그랜드비에스안과의원,의원,부산,210004,부산진구,"부산광역시 부산진구 중앙대로 664, 3층 (부전동, 이랜드 PEER 서면)",129.0596071,35.15199
그랜드자연요양병원,요양병원,부산,210001,부산남구,"부산광역시 남구 황령대로 355-14, (대연동)",129.097829,35.1468593
그랜드치과의원,치과의원,부산,210001,부산남구,"부산광역시 남구 동명로 139, 2층 (용호동)",129.1123151,35.1197362
그랜드치과의원,치과의원,부산,210004,부산진구,"부산광역시 부산진구 동평로 372, (양정동)",129.0658649,35.1745345
그레이스e치과의원,치과의원,부산,210100,부산기장군,"부산광역시 기장군 정관읍 정관로 569, 606호 (정관제일타워)",129.1762601,35.321684
그레이스피부과의원,의원,부산,210009,부산해운대구,"부산광역시 해운대구 좌동순환로 6, L TOWER 10층 (중동)",129.1680556,35.1672265
그로우의원,의원,부산,210009,부산해운대구,"부산광역시 해운대구 센텀2로 25, 센텀드림월드 901호 (우동)",129.132947,35.1669544
그리운치과의원,치과의원,부산,210003,부산동래구,"부산광역시 동래구 아시아드대로 226, (온천동)",129.0672734,35.2038905
그린마취통증의학과의원,의원,부산,210001,부산남구,"부산광역시 남구 용호로 189-2, 2,3층 (용호동)",129.1112128,35.1153152
그린비뇨기과의원,의원,부산,210010,부산사하구,"부산광역시 사하구 장림번영로 38-1, 4층 (장림동)",128.9695072,35.0805232
그린치과의원,치과의원,부산,210015,부산사상구,"부산광역시 사상구 백양대로 886, 5층 (모라동)",128.9914681,35.1856103
그린한의원,한의원,부산,210014,부산수영구,"부산광역시 수영구 수영로 382, 광림빌딩 4,6층 (남천동)",129.1067575,35.1406244
근로복지공단 부산의원,의원,부산,210004,부산진구,"부산광역시 부산진구 자유평화로 11, 누리엔 16층 (범천동)",129.0611948,35.1417551
근본이화한의원,한의원,부산,210010,부산사하구,"부산광역시 사하구 낙동대로 432, 2층 (당리동)",128.9713616,35.1046035
근산한의원,한의원,부산,210009,부산해운대구,"부산광역시 해운대구 재반로 205-1, (반여동)",129.1305629,35.1956312
근질근질경희한의원,한의원,부산,210004,부산진구,"부산광역시 부산진구 중앙대로783번길 11, 2층 204호 (부전동, 서면동원시티비스타)",129.0616529,35.1622015
글로리여성의원,의원,부산,210004,부산진구,"부산광역시 부산진구 서면로 48, 현경빌딩 5,6층 (부전동)",129.0580331,35.1549621
금강산한의원,한의원,부산,210004,부산진구,"부산광역시 부산진구 동성로 147, 3층 (전포동)",129.0629515,35.1610575
금강치과의원,치과의원,부산,210006,부산서구,"부산광역시 서구 대영로 50, 2층 (서대신동1가)",129.016801,35.1095142
금강치과의원,치과의원,부산,210009,부산해운대구,"부산광역시 해운대구 좌동순환로 301, 201호 (좌동)",129.1832772,35.1691765
금강한의원,한의원,부산,210010,부산사하구,"부산광역시 사하구 장림로184번길 27, 1층 (장림동)",128.9686203,35.0812928
금강한의원,한의원,부산,210005,부산북구,"부산광역시 북구 덕천로 300, 5층 (만덕동)",129.0367105,35.2093272
금강한의원,한의원,부산,210013,부산연제구,"부산광역시 연제구 고분로 26, 2층 (연산동)",129.0851117,35.185526
금곡연합의원,의원,부산,210005,부산북구,"부산광역시 북구 효열로 214-1, 2층,3층 (금곡동)",129.0192152,35.2631485
금곡윤소아청소년과의원,의원,부산,210005,부산북구,"부산광역시 북구 효열로 69, (금곡동)",129.0138438,35.2522461
금곡치과의원,치과의원,부산,210005,부산북구,"부산광역시 북구 금곡대로616번길 55, (금곡동)",129.0162521,35.2630212
금남한의원,한의원,부산,210005,부산북구,"부산광역시 북구 시랑로 70, 1층 (구포동)",129.0054472,35.1994537
금비뇨기과의원,의원,부산,210015,부산사상구,"부산광역시 사상구 백양대로 880, 408호 (모라동, 우신프라자)",128.9915987,35.1843799
금빛한의원,한의원,부산,210012,부산강서구,"부산광역시 강서구 명지국제8로 257, 티에스스퀘어 3층 302, 303호 (명지동)",128.9208989,35.0982763
금샘치과의원,치과의원,부산,210011,부산금정구,"부산광역시 금정구 구서로 10, 2층 (구서동)",129.0901269,35.2468711
금손마디한의원,한의원,부산,210014,부산수영구,"부산광역시 수영구 과정로 54, 4층 (망미동)",129.1076756,35.1761841
금손한의원,한의원,부산,210001,부산남구,"부산광역시 남구 유엔평화로4번길 45, 2층 (대연동)",129.0893556,35.1343256
금송한의원,한의원,부산,210004,부산진구,"부산광역시 부산진구 전포대로200번길 33, 2층 (전포동)",129.0673332,35.1547482
금송한의원,한의원,부산,210009,부산해운대구,"부산광역시 해운대구 재반로 228, 2층 (반여동)",129.1312477,35.1974715
금아치과의원,치과의원,부산,210005,부산북구,"부산광역시 북구 만덕대로 153, 110,111호 (덕천동, 삼정그린코아상가)",129.0214487,35.2134027
금요일한의원,한의원,부산,210005,부산북구,"부산광역시 북구 금곡대로 302, 4층 (화명동)",129.0141313,35.2353071
금정경희한의원,한의원,부산,210011,부산금정구,"부산광역시 금정구 금강로 338-1, 2층 일부호 (장전동)",129.0866087,35.2382234
금정바른정형외과의원,의원,부산,210011,부산금정구,"부산광역시 금정구 수림로 15, 하나클리닉센터 3층 (부곡동)",129.090704,35.239289
금정성모내과의원,의원,부산,210011,부산금정구,"부산광역시 금정구 금강로 339, (장전동)",129.0863409,35.2383332
금정성모안과의원,의원,부산,210011,부산금정구,"부산광역시 금정구 구서로 10, 501호 (구서동)",129.0901269,35.2468711
금정소아청소년과의원,의원,부산,210011,부산금정구,"부산광역시 금정구 금정로 244, 1,6층 (구서동)",129.0922161,35.2451243
금정어린이병원,병원,부산,210011,부산금정구,"부산광역시 금정구 금정로 244, 2~5층 (구서동)",129.0922161,35.2451243
금정의료소비자생활협동조합 금송요양병원,요양병원,부산,210013,부산연제구,"부산광역시 연제구 중앙대로 1078, (연산동, 4,5층)",129.0805408,35.1839834
금정이비인후과의원,의원,부산,210011,부산금정구,"부산광역시 금정구 중앙대로 1937, 2층 (구서동)",129.0910578,35.2573214
금정치과의원,치과의원,부산,210003,부산동래구,"부산광역시 동래구 여고북로 167, 2층 (온천동)",129.0739818,35.2021801
금정한의원,한의원,부산,210011,부산금정구,"부산광역시 금정구 부곡로 44, (부곡동)",129.0885313,35.2204636
금정형주요양병원,요양병원,부산,210011,부산금정구,"부산광역시 금정구 금강로 638, (남산동)",129.088895,35.2641996
금천 한의원,한의원,부산,210001,부산남구,"부산광역시 남구 수영로219번길 28, (대연동)",129.0905561,35.1363868
금침한의원,한의원,부산,210003,부산동래구,"부산광역시 동래구 여고로103번길 81, (사직동)",129.0730684,35.201626
금호한의원,한의원,부산,210009,부산해운대구,"부산광역시 해운대구 재반로 79, 1층 (재송동)",129.12565,35.1854419
금화부부치과의원,치과의원,부산,210003,부산동래구,"부산광역시 동래구 쇠미로 120, 2층 (사직동)",129.0597561,35.20187
기립마취통증의학과의원기립한의원,한의원,부산,210009,부산해운대구,"부산광역시 해운대구 세실로27번길 23, 샤인빌딩 3층 301호 (좌동)",129.177778,35.1688673
기립마취통증의학과의원기립한의원,의원,부산,210009,부산해운대구,"부산광역시 해운대구 해운대로 650, 201동 501호 일부호 (우동, 해운대 센트럴 푸르지오)",129.1612447,35.164601
기본이바른치과의원,치과의원,부산,210008,부산중구,"부산광역시 중구 구덕로 4-1, 8층 (광복동1가)",129.0349784,35.0982611
기분좋은치과의원,치과의원,부산,210012,부산강서구,"부산광역시 강서구 명지오션시티4로 62, (명지동)",128.9032629,35.0835081
기쁨한의원,한의원,부산,210001,부산남구,"부산광역시 남구 수영로 253, (대연동)",129.0942095,35.1355164
기생한의원,한의원,부산,210009,부산해운대구,"부산광역시 해운대구 세실로 48, 211호 (좌동, 삼정코아)",129.178542,35.1695609
기승한의원,한의원,부산,210013,부산연제구,"부산광역시 연제구 반송로 89, 4층 402호 (연산동)",129.0882978,35.1915381
기운찬마취통증의학과의원,의원,부산,210004,부산진구,"부산광역시 부산진구 중앙대로 751, 2층 202호, 3층 301호 (부전동)",129.0603055,35.1597576
기운찬명성마취통증의학과의원,의원,부산,210015,부산사상구,"부산광역시 사상구 새벽로 166, 2층 (감전동)",128.9834778,35.1558723
기운찬한방병원,한방병원,부산,210003,부산동래구,"부산광역시 동래구 충렬대로 152, 5,6층 (온천동)",129.0766381,35.2046475
기장 더 밝은 안과의원,의원,부산,210100,부산기장군,"부산광역시 기장군 기장읍 차성동로 94, 4층,5층일부",129.2170108,35.2461629
기장군보건소일광지소,보건지소,부산,210100,부산기장군,"부산광역시 기장군 일광면 삼성2길 6-7, (일광읍)",129.2341471,35.2650238
기장군보건소장안지소,보건지소,부산,210100,부산기장군,"부산광역시 기장군 장안읍 좌방길 6, (장안읍)",129.2442295,35.3133328
기장군보건소정관지소,보건지소,부산,210100,부산기장군,"부산광역시 기장군 정관읍 용수로 11, (정관읍)",129.1793766,35.3251972
기장군보건소철마지소,보건지소,부산,210100,부산기장군,"부산광역시 기장군 철마면 개좌로 822, (철마면)",129.1500934,35.2735872
기장군장안읍오리보건진료소,보건진료소,부산,210100,부산기장군,"부산광역시 기장군 장안읍 좌천4길 30, 30",129.2425446,35.3128973
기장군철마면삼동보건진료소,보건진료소,부산,210100,부산기장군,"부산광역시 기장군 철마면 철마삼동로 94, (철마면)",129.1150627,35.3129194
기장연세요양병원,요양병원,부산,210100,부산기장군,"부산광역시 기장군 기장읍 반송로 1644, (기장읍)",129.2178113,35.2507269
기장연합신경외과마취통증의학과의원,의원,부산,210100,부산기장군,"부산광역시 기장군 기장읍 읍내로 92, 우리은행 3(301호),5층",129.2142427,35.2449559
기장웰치과의원,치과의원,부산,210100,부산기장군,"부산광역시 기장군 기장읍 차성동로 100, 대화빌딩 2층",129.2169732,35.2467222
기장이튼튼치과의원,치과의원,부산,210100,부산기장군,"부산광역시 기장군 기장읍 읍내로 93, 4층",129.2147273,35.2452768
기장정신건강의학과의원,의원,부산,210100,부산기장군,"부산광역시 기장군 기장읍 읍내로 108-1, 108",129.2161885,35.2449099
기장정형외과의원,의원,부산,210100,부산기장군,"부산광역시 기장군 기장읍 차성동로 63, 2,5층 (석천빌딩)",129.2162786,35.2434227
기장제일안과의원,의원,부산,210100,부산기장군,"부산광역시 기장군 기장읍 읍내로 105, 미소메디컬센터 4층6층 401호,601호",129.2158192,35.245289
기장조은한의원,한의원,부산,210100,부산기장군,"부산광역시 기장군 기장읍 차성동로73번길 5, 4층 401,103호",129.2158936,35.2442892
기장치과의원,치과의원,부산,210100,부산기장군,"부산광역시 기장군 기장읍 차성동로 78, 2층",129.2170795,35.244698
기장필피부과의원,의원,부산,210100,부산기장군,"부산광역시 기장군 기장읍 차성남로51번길 30, (엘메디칼센터 6층)",129.216562,35.2426401
기장한의원,한의원,부산,210100,부산기장군,"부산광역시 기장군 기장읍 차성로 280, 1층",129.2136867,35.2423119
기정의원,의원,부산,210006,부산서구,"부산광역시 서구 충무대로 281, (충무동1가)",129.024117,35.0958396
기철의원,의원,부산,210003,부산동래구,"부산광역시 동래구 충렬대로249번길 56, 2층 (수안동)",129.0870058,35.2038828
길맥외과의원,의원,부산,210005,부산북구,"부산광역시 북구 만덕대로 16, 6층 (덕천동)",129.0068772,35.2102434
길맥흉부외과의원,의원,부산,210009,부산해운대구,"부산광역시 해운대구 센텀남대로 50, A1502호 (우동, 센템임페리얼타워빌딩)",129.1313001,35.1681037
길민경산부인과의원,의원,부산,210001,부산남구,"부산광역시 남구 수영로 340, 플러스빌딩4층 (대연동)",129.1029533,35.1384594
길의원,의원,부산,210015,부산사상구,"부산광역시 사상구 사상로 517, (모라동)",128.988833,35.1906183
길탑비뇨기과의원,의원,부산,210002,부산동구,"부산광역시 동구 중앙대로 205, (초량동)",129.0395969,35.1157189
길한의원,한의원,부산,210010,부산사하구,"부산광역시 사하구 다송로 17, (다대동)",128.9815219,35.0658456
김&정해운대병원,병원,부산,210009,부산해운대구,"부산광역시 해운대구 좌동로 88, 8층 (좌동, 울트라타워)",129.174951,35.1719523
김갑진신경과의원,의원,부산,210001,부산남구,"부산광역시 남구 수영로 27, 3층 (문현동, 금호빌딩)",129.0708708,35.137228
김강민치과의원,치과의원,부산,210003,부산동래구,"부산광역시 동래구 아시아드대로 224, 4층 (온천동, 대한메디컬)",129.0671915,35.2037321
김건치과의원,치과의원,부산,210011,부산금정구,"부산광역시 금정구 구서로 17, 5층 (구서동)",129.0890496,35.2466285
김경수내과의원,의원,부산,210011,부산금정구,"부산광역시 금정구 부곡로 91, 2층 (부곡동)",129.091094,35.2241536
김경순치과의원,치과의원,부산,210003,부산동래구,"부산광역시 동래구 충렬대로 443, (안락동)",129.1068887,35.1962976
김경식내과의원,의원,부산,210002,부산동구,"부산광역시 동구 중앙대로 227, (초량동)",129.0406977,35.1174947
김경우정신건강의학과의원,의원,부산,210003,부산동래구,"부산광역시 동래구 온천장로 1, 5층 (온천동)",129.0786275,35.2124467
김경이이비인후과의원,의원,부산,210013,부산연제구,"부산광역시 연제구 월드컵대로 142, 2,3층 (연산동)",129.0809028,35.1864779
김경환소아청소년과의원,의원,부산,210005,부산북구,"부산광역시 북구 덕천로234번길 5, (만덕동)",129.0299002,35.2102203
김계영 내과.소아 청소년과 의원,의원,부산,210001,부산남구,"부산광역시 남구 수영로 252, (대연동, (1,2층))",129.0941229,35.135072
김관세치과의원,치과의원,부산,210003,부산동래구,"부산광역시 동래구 금강공원로 13, (온천동)",129.0828613,35.2184924
김광락피부과의원,의원,부산,210010,부산사하구,"부산광역시 사하구 낙동남로 1417, 7층 (하단동)",128.9666289,35.1065996
김규호정신건강의학과의원,의원,부산,210005,부산북구,"부산광역시 북구 금곡대로285번길 5, 401호 (화명동, 레지던스라움)",129.0131863,35.2336922
김근준치과의원,치과의원,부산,210003,부산동래구,"부산광역시 동래구 아시아드대로 183, 2층 (사직동)",129.064587,35.2009119
김기룡내과의원,의원,부산,210003,부산동래구,"부산광역시 동래구 충렬대로 248, 2층 (수안동, 인촌빌딩)",129.08623,35.2010244
김기봉치과의원,치과의원,부산,210010,부산사하구,"부산광역시 사하구 낙동대로 491, (하단동)",128.9667947,35.1081616
김기엽마취통증의학과의원,의원,부산,210013,부산연제구,"부산광역시 연제구 중앙대로 1114, 3층 (연산동)",129.0816702,35.1870461
김기철이비인후과의원,의원,부산,210005,부산북구,"부산광역시 북구 만덕대로 14, (덕천동)",129.0067235,35.2102083
김기철치과의원,치과의원,부산,210010,부산사하구,"부산광역시 사하구 낙동대로 398, (당리동)",128.9747053,35.1034691
김남희치과의원,치과의원,부산,210003,부산동래구,"부산광역시 동래구 충렬대로 204, 2층 (수안동)",129.0817941,35.2025578
김내과의원,의원,부산,210015,부산사상구,"부산광역시 사상구 대동로 94, 312,313,314호 (학장동, 반도프라자상가)",128.9783118,35.1379495
김내과의원,의원,부산,210009,부산해운대구,"부산광역시 해운대구 세실로 43, 401,403,405,406호 (좌동, 경동코아)",129.17845,35.1687646
김대석외과의원,의원,부산,210009,부산해운대구,"부산광역시 해운대구 반송로 896, (반송동)",129.1520254,35.2311272
김대연의원,의원,부산,210001,부산남구,"부산광역시 남구 수영로 195-2, (대연동)",129.0880663,35.1351325
김대영내과의원,의원,부산,210015,부산사상구,"부산광역시 사상구 가야대로 274-3, 2층 (주례동)",129.0026097,35.1501509
김대영치과의원,치과의원,부산,210015,부산사상구,"부산광역시 사상구 대동로 91, 3층 (학장동)",128.9778452,35.1383216
김대헌내과의원,의원,부산,210005,부산북구,"부산광역시 북구 만덕대로 14, (덕천동)",129.0067235,35.2102083
김덕근내과의원,의원,부산,210015,부산사상구,"부산광역시 사상구 사상로 275, (덕포동)",128.9822467,35.1693883
김덕호정신건강의학과의원,의원,부산,210004,부산진구,"부산광역시 부산진구 중앙대로 804, (전포동)",129.0639119,35.1633382
김도현이비인후과의원,의원,부산,210006,부산서구,"부산광역시 서구 구덕로 312, 2층 (동대신동2가)",129.0171811,35.1117278
김도형정형외과의원,의원,부산,210007,부산영도구,"부산광역시 영도구 동삼로 64, 3층 (동삼동, 농협)",129.0706151,35.0791786
김동건재활의학과의원,의원,부산,210011,부산금정구,"부산광역시 금정구 구서로 17, (구서동)",129.0890496,35.2466285
김동국한의원,한의원,부산,210004,부산진구,"부산광역시 부산진구 중앙대로783번길 11, 313~314호 (부전동, 서면동원시티비스타)",129.0616529,35.1622015
김동규내과의원,의원,부산,210100,부산기장군,"부산광역시 기장군 정관읍 정관로 560, 마치빌딩 203호",129.1750986,35.321356
김동균이비인후과의원,의원,부산,210009,부산해운대구,"부산광역시 해운대구 재반로 200, (반여동)",129.1308142,35.1949799
김동성비뇨의학과의원,의원,부산,210004,부산진구,"부산광역시 부산진구 대학로 12, 8층 (가야동)",129.0370099,35.1543104
김동진정신건강의학과의원,의원,부산,210010,부산사하구,"부산광역시 사하구 다대로 547, 4층 (다대동)",128.9713871,35.0573807
김동찬치과의원,치과의원,부산,210002,부산동구,"부산광역시 동구 초량상로 92, (초량동)",129.0389377,35.1197395
김동훈한의원,한의원,부산,210009,부산해운대구,"부산광역시 해운대구 재반로 85, (재송동)",129.1253414,35.1863144
김두경내과의원,의원,부산,210013,부산연제구,"부산광역시 연제구 과정로 212, 6,7층 (연산동)",129.1040637,35.1879561
김두정정형외과의원,의원,부산,210011,부산금정구,"부산광역시 금정구 부곡로 117, 2층 (부곡동)",129.0916227,35.2263858
김만치과의원,치과의원,부산,210002,부산동구,"부산광역시 동구 정공단로 53-53, (범일동)",129.0560939,35.136552
김명수치과의원,치과의원,부산,210010,부산사하구,"부산광역시 사하구 낙동대로 447, 2층 (하단동)",128.9695128,35.1048195
김명영치과의원,치과의원,부산,210005,부산북구,"부산광역시 북구 만덕대로 10-1, 2층 (덕천동)",129.0063646,35.2101186
김명진치과의원,치과의원,부산,210009,부산해운대구,"부산광역시 해운대구 양운로 82, 901호 (좌동, 화인크리닉센타)",129.1755732,35.1704651
김무진의원,의원,부산,210007,부산영도구,"부산광역시 영도구 동삼로 34, 2층 (동삼동)",129.0715765,35.0766199
김문석피부과의원,의원,부산,210001,부산남구,"부산광역시 남구 용호로 134, 2층 (용호동)",129.1119293,35.1203361
김미란산부인과의원,의원,부산,210009,부산해운대구,"부산광역시 해운대구 해운대로161번길 33, 4층 (재송동)",129.1247153,35.1849864
김민서치과의원,치과의원,부산,210004,부산진구,"부산광역시 부산진구 가야대로 779, (부전동)",129.0568052,35.1579618
김민수비뇨기과의원,의원,부산,210009,부산해운대구,"부산광역시 해운대구 해운대로61번길 106, 2층 (반여동)",129.129863,35.1946582
김민수한의원,한의원,부산,210010,부산사하구,"부산광역시 사하구 사하로166번길 3, 1,2,3층 (괴정동)",128.9940627,35.096568
김민철정신건강의학과의원,의원,부산,210003,부산동래구,"부산광역시 동래구 명륜로 106, 혜준빌딩 5층 (명륜동)",129.083335,35.2034593
김박산부인과의원,의원,부산,210011,부산금정구,"부산광역시 금정구 구서로 2, 3층 (구서동)",129.0907893,35.2468125
김백순이비인후과의원,의원,부산,210003,부산동래구,"부산광역시 동래구 충렬대로238번길 7, 315호 (수안동, 성완세띠앙)",129.0854558,35.2010201
김병동이비인후과의원,의원,부산,210005,부산북구,"부산광역시 북구 금곡대로616번길 55, (금곡동)",129.0162521,35.2630212
김병립내과의원,의원,부산,210004,부산진구,"부산광역시 부산진구 당감서로80번길 22, 3층 (당감동, 광성빌딩)",129.0382745,35.1673267
김병민치과의원,치과의원,부산,210003,부산동래구,"부산광역시 동래구 충렬대로 231, (수안동)",129.0846945,35.201763
김병제내과의원,의원,부산,210004,부산진구,"부산광역시 부산진구 가야대로 480-1, 2층 (개금동)",129.0245673,35.1528821
김병준 레다스 흉부외과의원,의원,부산,210004,부산진구,"부산광역시 부산진구 서면문화로 10, 11층~12층, 13층 일부 (부전동)",129.0576139,35.1588242
김병진이비인후과의원,의원,부산,210004,부산진구,"부산광역시 부산진구 새싹로 196, 4층 (초읍동)",129.0493896,35.1736693
김병호정형외과의원,의원,부산,210014,부산수영구,"부산광역시 수영구 수영로 581, 4,5(일부)층 (광안동)",129.1128045,35.1576639
김보석내과의원,의원,부산,210014,부산수영구,"부산광역시 수영구 수영로 394, 7~8층 (남천동, 남천동메디칼센터)",129.1075702,35.1414169
김보성이비인후과의원,의원,부산,210100,부산기장군,"부산광역시 기장군 정관읍 정관로 563, 4층 403호",129.1756378,35.3219389
김봉겸치과의원,치과의원,부산,210011,부산금정구,"부산광역시 금정구 금강로 294, (장전동)",129.0859741,35.2341339
김봉관소아과의원,의원,부산,210003,부산동래구,"부산광역시 동래구 사직북로19번길 5, (사직동)",129.0602275,35.1974089
김봉호치과의원,치과의원,부산,210003,부산동래구,"부산광역시 동래구 충렬대로237번길 124, (명륜동)",129.0830229,35.2066647
김봉희이비인후과의원,의원,부산,210008,부산중구,"부산광역시 중구 광복중앙로 35, (대청동2가)",129.0307152,35.1025058
김비뇨기과의원,의원,부산,210011,부산금정구,"부산광역시 금정구 중앙대로 2005, 2층 (남산동)",129.0917605,35.2632942
김사영소아청소년과의원,의원,부산,210100,부산기장군,"부산광역시 기장군 기장읍 읍내로 108, 2층",129.2160541,35.2449303
김사웅내과의원,의원,부산,210010,부산사하구,"부산광역시 사하구 하신번영로 199, 2층 (신평동, 신평메디칼)",128.9585174,35.0988331
김상근치과의원,치과의원,부산,210015,부산사상구,"부산광역시 사상구 백양대로 888, 5층 (모라동)",128.9913221,35.1857097
김상대한의원,한의원,부산,210005,부산북구,"부산광역시 북구 화명대로 27, 3층 302호 (화명동)",129.011259,35.2352428
김상민이비인후과의원,의원,부산,210009,부산해운대구,"부산광역시 해운대구 재반로 82, 3층 (재송동, 김상민이비인후과의원)",129.1257818,35.1860019
김상연치과의원,치과의원,부산,210004,부산진구,"부산광역시 부산진구 새싹로 241, (초읍동)",129.0479257,35.1776343
김상정내과의원,의원,부산,210015,부산사상구,"부산광역시 사상구 백양대로 880, 405호 (모라동, 우신모라아파트상가)",128.9915987,35.1843799
김상천치과의원,치과의원,부산,210011,부산금정구,"부산광역시 금정구 서동로 145, (서동)",129.1025926,35.215113
김상호신경과의원,의원,부산,210008,부산중구,"부산광역시 중구 구덕로 87-1, 3층 (남포동6가)",129.0264069,35.0968186
김선희한의원,한의원,부산,210003,부산동래구,"부산광역시 동래구 동래로 144-1, (복천동)",129.0864959,35.2045826
김성규내과의원,의원,부산,210013,부산연제구,"부산광역시 연제구 연수로 165, (연산동)",129.088996,35.1745308
김성균한의원,한의원,부산,210008,부산중구,"부산광역시 중구 흑교로 50, (보수동1가)",129.0251056,35.1041106
김성길치과의원,치과의원,부산,210005,부산북구,"부산광역시 북구 화명대로 44, (화명동)",129.013,35.2343739
김성미소아청소년과의원,의원,부산,210001,부산남구,"부산광역시 남구 분포로 115, B동 2층 (용호동, 힐탑탑플레이스)",129.112892,35.132059
김성식치과의원,치과의원,부산,210013,부산연제구,"부산광역시 연제구 과정로 215, 2층 (연산동)",129.1036667,35.1875399
김성우우화외과의원,의원,부산,210003,부산동래구,"부산광역시 동래구 온천장로 1, 4층 (온천동)",129.0786275,35.2124467
김성재한의원,한의원,부산,210011,부산금정구,"부산광역시 금정구 금강로 436, (구서동)",129.0889673,35.2463322
김성준내과의원,의원,부산,210014,부산수영구,"부산광역시 수영구 수영로 654, 4층 (광안동)",129.1147319,35.1640098
김세일한의원,한의원,부산,210015,부산사상구,"부산광역시 사상구 낙동대로 768, (엄궁동)",128.9709228,35.1293754
김소아청소년과의원,의원,부산,210013,부산연제구,"부산광역시 연제구 해맞이로 109, (거제동)",129.0697437,35.1838791
김소아청소년과의원,의원,부산,210001,부산남구,"부산광역시 남구 우암로 67-2, (감만동)",129.080933,35.1165045
김수권치과의원,치과의원,부산,210009,부산해운대구,"부산광역시 해운대구 센텀중앙로 145, 6동 216호 (재송동, 더샵센텀파크1차아파트)",129.1219424,35.1788329
김수철한의원,한의원,부산,210013,부산연제구,"부산광역시 연제구 거제시장로 43, 2층 일부호 (거제동)",129.0705255,35.1827856
김순웅이비인후과의원,의원,부산,210007,부산영도구,"부산광역시 영도구 태종로 85-1, 2층 (대교동2가)",129.0405199,35.0920329
김승한의원,한의원,부산,210009,부산해운대구,"부산광역시 해운대구 재반로 249, (반여동)",129.1312205,35.1995498
김안과의원,의원,부산,210011,부산금정구,"부산광역시 금정구 서동로 161, (서동)",129.1042692,35.2148131
김앤김치과의원,치과의원,부산,210004,부산진구,"부산광역시 부산진구 가야대로 785, (부전동)",129.0574677,35.1581247
김앤박내과의원,의원,부산,210012,부산강서구,"부산광역시 강서구 명지국제8로 259, 201~204호 (명지동)",128.9212035,35.0982489
김앤박치과의원,치과의원,부산,210011,부산금정구,"부산광역시 금정구 서동로 154, 3층 (서동)",129.1033493,35.2146994
김앤박치과의원,치과의원,부산,210008,부산중구,"부산광역시 중구 구덕로 4, (광복동1가)",129.0351408,35.0983145
김앨빈 유외과의원,의원,부산,210013,부산연제구,"부산광역시 연제구 월드컵대로 125, 더웰타워 2,3,13층 (연산동)",129.0818247,35.1852318
김양규한의원,한의원,부산,210009,부산해운대구,"부산광역시 해운대구 재반로 213-1, (반여동)",129.1306842,35.1963994
김양재 이비인후과의원,의원,부산,210013,부산연제구,"부산광역시 연제구 중앙천로2번길 3, 4층 (연산동)",129.0844966,35.1751874
김양희치과의원,치과의원,부산,210008,부산중구,"부산광역시 중구 대영로 219, (영주동)",129.0347769,35.1123484
김연기이비인후과의원,의원,부산,210010,부산사하구,"부산광역시 사하구 다대로 636, (다대동)",128.9698714,35.0498163
김영길한의원,한의원,부산,210015,부산사상구,"부산광역시 사상구 삼덕로46번길 103, 1층 (덕포동)",128.9807549,35.1695098
김영문안과의원,의원,부산,210015,부산사상구,"부산광역시 사상구 백양대로 880, 4층 404호 (모라동, 우신프라자)",128.9915987,35.1843799
김영미정신건강의학과의원,의원,부산,210010,부산사하구,"부산광역시 사하구 낙동남로 1414, 삼영빌딩 9층 (하단동)",128.9662695,35.1058794
김영삼치과의원,치과의원,부산,210009,부산해운대구,"부산광역시 해운대구 송정중앙로 17, (송정동)",129.2027996,35.1831677
김영수내과의원,의원,부산,210001,부산남구,"부산광역시 남구 수영로 209, 2층 (대연동, 일동지에닌아파트상가)",129.0892907,35.1353584
김영수한의원,한의원,부산,210001,부산남구,"부산광역시 남구 수영로 248, 메트로타워 3층 302호 (대연동)",129.0937073,35.1349528
김영재마취통증의학과의원,의원,부산,210014,부산수영구,"부산광역시 수영구 수영로 637-3, 4층 (광안동)",129.1138977,35.1625601
김영철내과의원,의원,부산,210007,부산영도구,"부산광역시 영도구 태종로 334, (청학동)",129.0619823,35.0960205
김영호정형외과의원,의원,부산,210004,부산진구,"부산광역시 부산진구 동평로 94, 7층 (당감동, 당감 메디칼센터)",129.039779,35.165341
김영효치과의원,치과의원,부산,210004,부산진구,"부산광역시 부산진구 전포대로 200, (전포동)",129.0657796,35.1543329
김영훈이비인후과의원,의원,부산,210014,부산수영구,"부산광역시 수영구 수영로 611, (광안동)",129.1134486,35.1602962
김옥영소아청소년과의원,의원,부산,210011,부산금정구,"부산광역시 금정구 수림로 15, 하나클리닉센터 4층 (부곡동)",129.090704,35.239289
김완수안과의원,의원,부산,210014,부산수영구,"부산광역시 수영구 수영로 690-5, 6, 7층 (광안동)",129.1158494,35.1670367
김용관정신건강의학과의원,의원,부산,210004,부산진구,"부산광역시 부산진구 중앙대로 747, 14층 (부전동, 그린메디컬센터)",129.0600126,35.1593889
김용균내과의원,의원,부산,210003,부산동래구,"부산광역시 동래구 명륜로 77, 2층 (수안동)",129.0838599,35.2008719
김용기내과의원,의원,부산,210006,부산서구,"부산광역시 서구 보수대로 7, 2,3,4층 (충무동1가)",129.0250542,35.0974678
김용내과의원,의원,부산,210004,부산진구,"부산광역시 부산진구 동천로 116, 407호 (전포동, 한신밴오피스텔)",129.0626299,35.1590596
김용대정형외과의원,의원,부산,210001,부산남구,"부산광역시 남구 석포로 130, (대연동)",129.0916539,35.1286476
김용덕한의원,한의원,부산,210005,부산북구,"부산광역시 북구 백양대로 1028, (구포동)",128.9955318,35.1972333
김용준내과의원,의원,부산,210004,부산진구,"부산광역시 부산진구 대학로 5, 3층 (가야동)",129.0376908,35.1544286
김용준소아청소년과의원,의원,부산,210015,부산사상구,"부산광역시 사상구 가야대로 288, 205호 (주례동, 창조상가)",129.004055,35.1500801
김용태내과의원,의원,부산,210013,부산연제구,"부산광역시 연제구 월드컵대로 54, 2층 (연산동)",129.084852,35.1793942
김용호한의원,한의원,부산,210007,부산영도구,"부산광역시 영도구 태종로 341-15, 1층 (청학동)",129.062717,35.0962227
김우재내과의원,의원,부산,210100,부산기장군,"부산광역시 기장군 일광읍 해빛로 13, 일광제일프라자 3층 301호",129.2264137,35.2661605
김우진치과의원,치과의원,부산,210001,부산남구,"부산광역시 남구 용호로 88, (용호동, 명진빌딩 6층)",129.1123108,35.1244419
김욱성마취통증의학과의원,의원,부산,210008,부산중구,"부산광역시 중구 대청로 70-1, (부평동1가)",129.0275961,35.1028517
김원일치과의원,치과의원,부산,210001,부산남구,"부산광역시 남구 우암로 240, (우암동)",129.0707074,35.1253567
김유광치과의원,치과의원,부산,210003,부산동래구,"부산광역시 동래구 명안로86번길 3, (명장동)",129.1046402,35.2041526
김유정내과의원,의원,부산,210011,부산금정구,"부산광역시 금정구 장전로 10, 가온메디컬 5층 (장전동)",129.0876258,35.2278296
김유진치과의원,치과의원,부산,210004,부산진구,"부산광역시 부산진구 가야대로 456, 3층 (개금동)",129.0219071,35.1529037
김윤원정신건강의학과의원,의원,부산,210005,부산북구,"부산광역시 북구 만덕대로 15, 5층 (덕천동, 청암빌딩)",129.006706,35.2107268
김은경치과의원,치과의원,부산,210011,부산금정구,"부산광역시 금정구 부곡로 116, 2층 (부곡동)",129.0920162,35.226197
김은영내과의원,의원,부산,210010,부산사하구,"부산광역시 사하구 낙동남로 1389, 6,7층 (하단동)",128.9638146,35.106575
김이비인후과의원,의원,부산,210004,부산진구,"부산광역시 부산진구 중앙대로 925, (양정동)",129.0707521,35.1727502
김이태소아청소년과의원,의원,부산,210015,부산사상구,"부산광역시 사상구 사상로 252, (괘법동)",128.982358,35.1672794
김익곤정형외과의원,의원,부산,210007,부산영도구,"부산광역시 영도구 태종로 98, 4층 (대교동2가, 모닝아일랜드)",129.0414763,35.0912131
김인영치과의원,치과의원,부산,210004,부산진구,"부산광역시 부산진구 백양관문로 7, 203호 (개금동, 3개금주공복합상가)",129.0298645,35.1602793
김일태치과의원,치과의원,부산,210010,부산사하구,"부산광역시 사하구 하신번영로 201, (신평동)",128.9583792,35.09886
김장현치과의원,치과의원,부산,210004,부산진구,"부산광역시 부산진구 부전로 71, (부전동, 정산빌딩)",129.0545317,35.1564552
김재곤의원,의원,부산,210002,부산동구,"부산광역시 동구 범일로 97, 6층 (범일동, 대한방직협회빌딩)",129.0590276,35.1386663
김재도줄기정형외과의원,의원,부산,210014,부산수영구,"부산광역시 수영구 수영로 411, 글로리 8층 (남천동)",129.1084027,35.1430059
김재연한의원,한의원,부산,210014,부산수영구,"부산광역시 수영구 수영로384번길 43, 2,3층 (남천동)",129.1083303,35.1393745
김재욱김선린이비인후과의원,의원,부산,210004,부산진구,"부산광역시 부산진구 대학로 12, 3층 (가야동)",129.0370099,35.1543104
김정근내과의원,의원,부산,210006,부산서구,"부산광역시 서구 구덕로 124, 2층 (토성동4가)",129.0227102,35.0967775
김정수치과의원,치과의원,부산,210003,부산동래구,"부산광역시 동래구 사직북로 25-1, 3층 (사직동)",129.0600902,35.1981387
김정숙치과의원,치과의원,부산,210015,부산사상구,"부산광역시 사상구 사상로 226, 2층 (괘법동)",128.9833861,35.1651344
김정열 장(長)건강내과의원,의원,부산,210003,부산동래구,"부산광역시 동래구 충렬대로 252, (수안동)",129.086672,35.2009322
김정유이비인후과의원,의원,부산,210006,부산서구,"부산광역시 서구 대영로 48, 2층 (서대신동1가)",129.0167917,35.109508
김정태정형외과의원,의원,부산,210001,부산남구,"부산광역시 남구 수영로 230, (대연동)",129.0916044,35.1348632
김정희치과의원,치과의원,부산,210013,부산연제구,"부산광역시 연제구 연수로 201, 2,3층 (연산동)",129.0928104,35.1740047
김종석소아청소년과의원,의원,부산,210010,부산사하구,"부산광역시 사하구 다대로 437, 2층 (다대동)",128.9798421,35.0639982
김종성한의원,한의원,부산,210010,부산사하구,"부산광역시 사하구 옥천로 3, (감천동)",129.0050129,35.0879705
김종성한의원,한의원,부산,210001,부산남구,"부산광역시 남구 못골로 74, (대연동)",129.0903449,35.1359088
김종윤치과의원,치과의원,부산,210003,부산동래구,"부산광역시 동래구 반송로240번길 20, (안락동)",129.0999127,35.2014351
김종주의행복의원,의원,부산,210011,부산금정구,"부산광역시 금정구 수림로 51, (장전동)",129.0866963,35.239848
김종환한의원,한의원,부산,210001,부산남구,"부산광역시 남구 용호로97번길 4, 3,4층 (용호동)",129.1126184,35.1234513
김주인내과의원,의원,부산,210004,부산진구,"부산광역시 부산진구 서면로 64, 8층 (부전동)",129.0580718,35.1564715
김주태내과의원,의원,부산,210007,부산영도구,"부산광역시 영도구 남항로 48-1, (영선동2가)",129.0415221,35.0882681
김주형치과의원,치과의원,부산,210014,부산수영구,"부산광역시 수영구 과정로 52-2, (망미동)",129.1076284,35.1760347
김준배치과의원,치과의원,부산,210005,부산북구,"부산광역시 북구 만덕대로 16, 7층 (덕천동)",129.0068772,35.2102434
김준영치과의원,치과의원,부산,210001,부산남구,"부산광역시 남구 용호로 194, (용호동)",129.1108483,35.1150344
김준한의원,한의원,부산,210001,부산남구,"부산광역시 남구 못골로41번길 12, 2층 (대연동)",129.0871137,35.136293
김준호안과의원,의원,부산,210009,부산해운대구,"부산광역시 해운대구 양운로 82, 404호 (좌동, 화인크리닉센타)",129.1755732,35.1704651
김준호정신건강의학과의원,의원,부산,210010,부산사하구,"부산광역시 사하구 낙동대로 214, (괴정동)",128.9934487,35.1004456
김중규의원,의원,부산,210009,부산해운대구,"부산광역시 해운대구 재송2로 31, (재송동)",129.1303218,35.1923322
김지수산부인과의원,의원,부산,210004,부산진구,"부산광역시 부산진구 중앙대로 751, 부전메디컬빌딩 5층 일부호 (부전동)",129.0603055,35.1597576
김지연산부인과의원,의원,부산,210003,부산동래구,"부산광역시 동래구 충렬대로 252, (수안동)",129.086672,35.2009322
김지환내과의원,의원,부산,210003,부산동래구,"부산광역시 동래구 명륜로 161, 4층 (명륜동)",129.0818921,35.2082526
김진구내과의원,의원,부산,210011,부산금정구,"부산광역시 금정구 구서로 23, 3층 (구서동)",129.0886141,35.24662
김진규내과의원,의원,부산,210001,부산남구,"부산광역시 남구 고동골로78번길 12, (문현동)",129.0720402,35.1437917
김진기치과의원,치과의원,부산,210002,부산동구,"부산광역시 동구 범일로 89-1, 2층 (범일동)",129.0591387,35.1381026
김진동삼성내과의원,의원,부산,210003,부산동래구,"부산광역시 동래구 안연로 74, 3층 (안락동)",129.0988464,35.1938974
김진태한의원,한의원,부산,210004,부산진구,"부산광역시 부산진구 부전로140번길 3, (부전동)",129.0569417,35.1616162
김창영치과의원,치과의원,부산,210015,부산사상구,"부산광역시 사상구 백양대로 903, (모라동)",128.9905729,35.1869003
김창욱내과의원,의원,부산,210005,부산북구,"부산광역시 북구 백양대로 1204, (덕천동)",129.0059238,35.2099677
김창준치과의원,치과의원,부산,210008,부산중구,"부산광역시 중구 대청로 77-1, (대청동3가)",129.0285112,35.1031189
김채규내과의원,의원,부산,210013,부산연제구,"부산광역시 연제구 과정로 144, (연산동, 2층 일부)",129.1074059,35.1842747
김철권정신건강의학과의원,의원,부산,210008,부산중구,"부산광역시 중구 구덕로 4, 서주빌딩 8층 (광복동1가)",129.0351304,35.0983077
김철수이비인후과의원,의원,부산,210011,부산금정구,"부산광역시 금정구 금정로 147, 서강빌딩 2~3층 (장전동)",129.0876556,35.2377041
김태관치과의원,치과의원,부산,210011,부산금정구,"부산광역시 금정구 서동로 73, 2층 (부곡동)",129.0953915,35.2176535
김태규치과의원,치과의원,부산,210010,부산사하구,"부산광역시 사하구 낙동대로 454, 5층 (당리동)",128.9693326,35.105612
김태균내과의원,의원,부산,210011,부산금정구,"부산광역시 금정구 중앙대로1719번길 16, (부곡동)",129.0913058,35.237951
김태균마취통증의학과의원,의원,부산,210011,부산금정구,"부산광역시 금정구 중앙대로 2091, 3층 (남산동, 금정메디컬센타)",129.0923886,35.2710142
김태준치과의원,치과의원,부산,210013,부산연제구,"부산광역시 연제구 과정로 148, 6층 (연산동)",129.1073644,35.1846615
김태진내과의원,의원,부산,210004,부산진구,"부산광역시 부산진구 가야대로 594, (가야동)",129.0368592,35.1545212
김태형신경과의원,의원,부산,210004,부산진구,"부산광역시 부산진구 가야대로 777, 5층 (부전동)",129.0566467,35.157964
김태형이비인후과의원,의원,부산,210009,부산해운대구,"부산광역시 해운대구 재반로 219, 2층 (반여동)",129.1307521,35.1968112
김태효한의원,한의원,부산,210004,부산진구,"부산광역시 부산진구 신암로 34, 108동 202호(범천경남아파트 상가 2층) (범천동)",129.0562133,35.1450932
김판석정형외과의원,의원,부산,210015,부산사상구,"부산광역시 사상구 사상로 359, (덕포동)",128.9844442,35.1767641
김평주정신건강의학과의원,의원,부산,210010,부산사하구,"부산광역시 사하구 낙동대로 455, 4층 (하단동)",128.968849,35.105339
김한규치과의원,치과의원,부산,210008,부산중구,"부산광역시 중구 충장대로9번길 23-2, (중앙동4가)",129.0374894,35.1075806
김향안과의원,의원,부산,210003,부산동래구,"부산광역시 동래구 아시아드대로 225, (온천동)",129.0666022,35.2042991
김향주소아청소년과의원,의원,부산,210014,부산수영구,"부산광역시 수영구 연수로315번길 16, 301호 (망미동)",129.1065824,35.1733812
김혁한치과의원,치과의원,부산,210011,부산금정구,"부산광역시 금정구 금사로 97, (금사동)",129.112341,35.2212361
김현경안과의원,의원,부산,210009,부산해운대구,"부산광역시 해운대구 좌동순환로 174, 303호 (좌동, 거성프라자)",129.1750479,35.1776265
김현정신건강의학과의원,의원,부산,210010,부산사하구,"부산광역시 사하구 낙동대로 466, 6층 (하단동, 하단오피스)",128.9687251,35.1064241
김현지키움소아청소년과의원,의원,부산,210001,부산남구,"부산광역시 남구 수영로 260, 3층 311,312호 (대연동, 대연백리명가에덴)",129.0952329,35.1351378
김형권내과의원,의원,부산,210010,부산사하구,"부산광역시 사하구 장림번영로 23, 2층 (장림동)",128.9680504,35.0812834
김형석소아청소년과의원,의원,부산,210011,부산금정구,"부산광역시 금정구 구서로 17, (구서동)",129.0890496,35.2466285
김형숙치과의원,치과의원,부산,210003,부산동래구,"부산광역시 동래구 안남로 86-1, (안락동)",129.1015069,35.1934633
김호일정형외과의원,의원,부산,210005,부산북구,"부산광역시 북구 시랑로 12, (구포동)",129.0040824,35.2045831
김호철치과의원,치과의원,부산,210002,부산동구,"부산광역시 동구 조방로49번길 4, (범일동)",129.059907,35.1405548
김황세외과의원,의원,부산,210015,부산사상구,"부산광역시 사상구 괘감로 100-1, (감전동)",128.9854051,35.157073
김효건한의원,한의원,부산,210014,부산수영구,"부산광역시 수영구 수영로 565, (광안동)",129.1125322,35.1562824
김효준내과의원,의원,부산,210001,부산남구,"부산광역시 남구 석포로 76, 3층 (대연동)",129.0886423,35.1244753
김휘철치과의원,치과의원,부산,210003,부산동래구,"부산광역시 동래구 금강공원로 2, 303, 304호 (온천동, SK HUB olive)",129.0841369,35.2186436
김희정치과의원,치과의원,부산,210013,부산연제구,"부산광역시 연제구 과정로 217, 3층 (연산동)",129.1033888,35.18755
깃든한의원,한의원,부산,210001,부산남구,"부산광역시 남구 수영로325번길 11, 4층 (대연동, 마로니에타운)",129.1010351,35.1385529
까치한의원,한의원,부산,210003,부산동래구,"부산광역시 동래구 충렬대로459번길 21, 2층 (안락동, 신호빌딩)",129.1094391,35.1959867
끌레르의원,의원,부산,210013,부산연제구,"부산광역시 연제구 중앙대로 1111, 위드타워 13층 (연산동)",129.0811097,35.1867689
나나재활의학과의원,의원,부산,210007,부산영도구,"부산광역시 영도구 남항로9번길 56, 1,2층 (대교동1가)",129.0390313,35.0920987
나눔 정신건강의학과의원,의원,부산,210004,부산진구,"부산광역시 부산진구 서면문화로 8, (부전동)",129.0578741,35.1586762
나라경희한의원,한의원,부산,210014,부산수영구,"부산광역시 수영구 수영로384번길 40, 1층 (남천동)",129.1079465,35.1393628
나라치과의원,치과의원,부산,210009,부산해운대구,"부산광역시 해운대구 좌동순환로 457, 401호 (중동,백송오피스텔)",129.1708374,35.1619867
나란이치과교정과치과의원,치과의원,부산,210001,부산남구,"부산광역시 남구 용호로 50, 2층 (용호동)",129.1093223,35.1263364
나래마취통증의학과의원,의원,부산,210009,부산해운대구,"부산광역시 해운대구 좌동순환로 505, 센트럴메디타워 505~508호 (중동)",129.1682073,35.165667
나르샤병원,병원,부산,210003,부산동래구,"부산광역시 동래구 중앙대로1493번길 6, (온천동)",129.0845992,35.2190565
나무내과의원,의원,부산,210013,부산연제구,"부산광역시 연제구 과정로 102, 4층 (연산동)",129.1073475,35.1805536
나무한의원,한의원,부산,210003,부산동래구,"부산광역시 동래구 명안로85번길 42, (명장동)",129.1020878,35.204549
나비산부인과의원,의원,부산,210015,부산사상구,"부산광역시 사상구 사상로 236, 4층 (괘법동)",128.9830174,35.1659783
나비샘내과의원,의원,부산,210014,부산수영구,"부산광역시 수영구 수영로 710-1, 301호 (광안동, 프라임메디칼빌딩)",129.1172176,35.1677173
나비솔한의원,한의원,부산,210009,부산해운대구,"부산광역시 해운대구 해운대로 802, B동 404호 (좌동, 웅신시네아트, 일부)",129.1766569,35.1691635
나비유박외과의원,의원,부산,210010,부산사하구,"부산광역시 사하구 낙동대로 363, (당리동)",128.9777182,35.1016115
나비한의원,한의원,부산,210004,부산진구,"부산광역시 부산진구 서면로 64, 청석빌딩 13층 일부호 (부전동)",129.0580718,35.1564715
나상옥신경과의원,의원,부산,210015,부산사상구,"부산광역시 사상구 가야대로 274-3, 5~7층 (주례동)",129.0026097,35.1501509
나우향정신건강의학과의원,의원,부산,210011,부산금정구,"부산광역시 금정구 부곡로 122-1, 4층 (부곡동)",129.0920906,35.2268003
나원섭치과의원,치과의원,부산,210001,부산남구,"부산광역시 남구 수영로 237, (대연동, 대연 메디타워 402호)",129.0926269,35.135417
나은내일신경외과의원,의원,부산,210013,부산연제구,"부산광역시 연제구 반송로 33, 샤르망라이프 2층 201호, 202호 (연산동)",129.0840961,35.1883317
나은소아청소년과의원,의원,부산,210001,부산남구,"부산광역시 남구 용호로198번길 2, (용호동)",129.1108065,35.1148211
나을소아청소년과의원,의원,부산,210005,부산북구,"부산광역시 북구 금곡대로 228, 3층 (화명동, 동원상가)",129.0142986,35.2282927
나지정한의원,한의원,부산,210004,부산진구,"부산광역시 부산진구 당감로17번길 83, 1층 (당감동)",129.0354263,35.1619801
나치과의원,치과의원,부산,210011,부산금정구,"부산광역시 금정구 중앙대로 2091, 5층 (남산동, 금정메디컬센타)",129.0923886,35.2710142
날씬엄마튼튼아이한의원,한의원,부산,210005,부산북구,"부산광역시 북구 금곡대로 287, 305호 (화명동, 삼한골든뷰)",129.0133222,35.2341977
남경의원,의원,부산,210012,부산강서구,"부산광역시 강서구 공항앞길 5, (대저2동)",128.9545374,35.1802084
남경한의원,한의원,부산,210001,부산남구,"부산광역시 남구 수영로 312, 3층 322호 (대연동, 21세기센츄리시티건물)",129.1006207,35.1369795
남궁한의원,한의원,부산,210013,부산연제구,"부산광역시 연제구 과정로 119, (연산동)",129.1069156,35.1821695
남부민의원,의원,부산,210006,부산서구,"부산광역시 서구 해돋이로 37-1, (남부민동)",129.0178319,35.0831775
남산 선치과의원,치과의원,부산,210011,부산금정구,"부산광역시 금정구 중앙대로 2005, 4층 (남산동)",129.0917605,35.2632942
남산내과의원,의원,부산,210011,부산금정구,"부산광역시 금정구 중앙대로 1917, 2~4층 (구서동)",129.0910651,35.2555301
남산정요양병원,요양병원,부산,210005,부산북구,"부산광역시 북구 만덕대로 158, (덕천동)",129.0219608,35.213061
남산제일내과의원,의원,부산,210011,부산금정구,"부산광역시 금정구 금강로 713, (남산동)",129.0888375,35.2712096
남산치과의원,치과의원,부산,210011,부산금정구,"부산광역시 금정구 팔송로 36, 2층 (남산동)",129.0886438,35.2722068
남산하나정형외과의원,의원,부산,210011,부산금정구,"부산광역시 금정구 중앙대로 2049, 2,3층 (남산동)",129.0925248,35.267226
남은소아청소년과의원,의원,부산,210005,부산북구,"부산광역시 북구 화명신도시로 120, 501호 (화명동)",129.0111527,35.2345977
남은영한의원,한의원,부산,210003,부산동래구,"부산광역시 동래구 아시아드대로228번길 26, (온천동)",129.0684324,35.2034541
남주치과의원,치과의원,부산,210100,부산기장군,"부산광역시 기장군 일광읍 해빛로 17, 501호",129.2260207,35.2663011
남천 치과의원,치과의원,부산,210014,부산수영구,"부산광역시 수영구 수영로 381, 5층 (남천동, 남천빌딩)",129.1063966,35.1410168
남천도원한의원,한의원,부산,210014,부산수영구,"부산광역시 수영구 수영로 506, 상가2호 (광안동)",129.111598,35.150676
남천맥한의원,한의원,부산,210014,부산수영구,"부산광역시 수영구 수영로388번길 6, (남천동)",129.1072761,35.1409925
남천바른생각치과의원,치과의원,부산,210014,부산수영구,"부산광역시 수영구 수영로 393, 예진메디칼센타 3층 (남천동)",129.1072814,35.1418093
남천부부치과의원,치과의원,부산,210014,부산수영구,"부산광역시 수영구 황령대로489번길 24, 3층 (남천동, 삼일빌딩)",129.1086027,35.1390857
남천선하한의원,한의원,부산,210014,부산수영구,"부산광역시 수영구 수영로 403, 1층 (남천동)",129.1078669,35.1423428
남천한의원,한의원,부산,210014,부산수영구,"부산광역시 수영구 수영로 410, 남천동 정암빌딩 601호 (남천동)",129.1087622,35.1424766
남치과의원,치과의원,부산,210004,부산진구,"부산광역시 부산진구 동평로 92, (당감동)",129.0395977,35.1653509
남태수내과의원,의원,부산,210014,부산수영구,"부산광역시 수영구 수영로 681, (광안동)",129.1146923,35.1665931
남포고운피부과의원,의원,부산,210008,부산중구,"부산광역시 중구 구덕로 40, (남포동2가)",129.0315676,35.0984623
남포신용훈내과의원,의원,부산,210008,부산중구,"부산광역시 중구 구덕로 40, 6,7층 (남포동2가)",129.0315676,35.0984623
남플란트치과의원,치과의원,부산,210010,부산사하구,"부산광역시 사하구 하신번영로 376, 4층 (하단동)",128.9607899,35.1143104
남호한의원,한의원,부산,210003,부산동래구,"부산광역시 동래구 충렬대로137번길 22, (온천동)",129.0760678,35.2063747
내공한의원,한의원,부산,210005,부산북구,"부산광역시 북구 만덕1로 3, 2층 201호 (만덕동)",129.0363911,35.2136654
내담치과의원,치과의원,부산,210005,부산북구,"부산광역시 북구 시랑로 80, 2층 (구포동)",129.0057055,35.1984706
내담한의원,한의원,부산,210003,부산동래구,"부산광역시 동래구 사직북로 27, 2층 (사직동)",129.0600895,35.198275
내마음엔척의원,의원,부산,210012,부산강서구,"부산광역시 강서구 명지국제2로 27, 805호,806호 (명지동)",128.9061493,35.0941549
내몸편안한의원,한의원,부산,210004,부산진구,"부산광역시 부산진구 가야대로 775, 5층 (부전동)",129.0563361,35.1579146
내사랑내과의원,의원,부산,210013,부산연제구,"부산광역시 연제구 월드컵대로 24, 3,4층 (연산동)",129.0860253,35.1769359
내성한의원,한의원,부산,210011,부산금정구,"부산광역시 금정구 부산대학로64번길 135, (장전동)",129.0858633,35.2375261
내원한의원,한의원,부산,210010,부산사하구,"부산광역시 사하구 하신번영로 376, (하단동)",128.9607899,35.1143104
내일엔(N)성형외과의원,의원,부산,210006,부산서구,"부산광역시 서구 보수대로 9, 2층 202,203호 (충무동1가)",129.0249139,35.0976617
내츄럴치과의원,치과의원,부산,210009,부산해운대구,"부산광역시 해운대구 마린시티3로 23, (우동, 벽산e오렌지프라자)",129.1469306,35.1566471
네이처치과의원,치과의원,부산,210009,부산해운대구,"부산광역시 해운대구 해운대로 415, 2층 201호 (우동)",129.1411817,35.1669113
노덕현이비인후과의원,의원,부산,210011,부산금정구,"부산광역시 금정구 서동로 168, 3층 (서동, 송월빌딩)",129.1047804,35.2144461
노바치과의원,치과의원,부산,210009,부산해운대구,"부산광역시 해운대구 좌동순환로 505, 9층 905~908호 (중동, 센트럴메디타워)",129.1682073,35.165667
노바치과의원,치과의원,부산,210014,부산수영구,"부산광역시 수영구 장대골로 4, (광안동)",129.1130076,35.1589798
노박젠틀브이의원,의원,부산,210004,부산진구,"부산광역시 부산진구 동평로 420, 2층 (양정동)",129.0705037,35.1729696
노블레스성형외과의원,의원,부산,210009,부산해운대구,"부산광역시 해운대구 센텀2로 20, 센텀타워메디컬 3층 303호 (우동)",129.1320258,35.1671978
노블레스요양병원,요양병원,부산,210003,부산동래구,"부산광역시 동래구 충렬대로 437, 안락동 요양병원 (안락동)",129.1062622,35.196697
노블레스피부과의원,의원,부산,210004,부산진구,"부산광역시 부산진구 서면로68번길 1, 8층 (부전동)",129.0580729,35.1568836
노블레스홍인식성형외과의원,의원,부산,210009,부산해운대구,"부산광역시 해운대구 센텀2로 33, 센텀뷰라움 3층 301.302.303호 (우동)",129.1334088,35.1664153
노블리안치과의원,치과의원,부산,210008,부산중구,"부산광역시 중구 중앙대로 80, (중앙동4가)",129.0367199,35.1047917
노선화산부인과의원,의원,부산,210009,부산해운대구,"부산광역시 해운대구 좌동순환로 173, 301호 (좌동, 영풍프라자)",129.1752749,35.1781714
노아치과의원,치과의원,부산,210004,부산진구,"부산광역시 부산진구 가야대로784번길 29, (부전동)",129.0573576,35.1561335
노창기마취통증의학과의원,의원,부산,210004,부산진구,"부산광역시 부산진구 대학로 12, 9층 (가야동)",129.0370099,35.1543104
노치과의원,치과의원,부산,210007,부산영도구,"부산광역시 영도구 태종로 96, 4층 (대교동2가)",129.0412735,35.0913752
녹십자의원,의원,부산,210100,부산기장군,"부산광역시 기장군 장안읍 해맞이로 427, ()",129.2821917,35.3296757
녹십자의원,의원,부산,210009,부산해운대구,"부산광역시 해운대구 우동1로20번길 67, 2층 (우동)",129.1597489,35.1653589
누가정형외과재활의학과의원,의원,부산,210011,부산금정구,"부산광역시 금정구 금사로 122, 1,2층 (금사동)",129.1138465,35.2228709
누네빛안과의원,의원,부산,210004,부산진구,"부산광역시 부산진구 부전로 77, 7~13층 (부전동)",129.0545121,35.1569247
누네조은안과의원,의원,부산,210004,부산진구,"부산광역시 부산진구 동평로 106, 앨리움 메디컬센터 6층 (당감동)",129.0411348,35.1655911
누리마루한의원,한의원,부산,210009,부산해운대구,"부산광역시 해운대구 마린시티3로 23, (우동, 벽산e오렌지프라자 309, 310호)",129.1469306,35.1566471
누리사랑외과소아청소년과의원,의원,부산,210009,부산해운대구,"부산광역시 해운대구 해운대로 415, 3층 (우동)",129.1411817,35.1669113
누엘의원,의원,부산,210012,부산강서구,"부산광역시 강서구 명지국제8로 245, 7층 701, 702호 (명지동, 명지뉴타워)",128.9198442,35.0984094
눈사랑안과의원,의원,부산,210004,부산진구,"부산광역시 부산진구 중앙대로 700, 3층 (부전동)",129.059521,35.1552532
눈시원안과의원,의원,부산,210004,부산진구,"부산광역시 부산진구 범일로 186, 4층 (범천동)",129.0596264,35.1466816
눈에손안과의원,의원,부산,210004,부산진구,"부산광역시 부산진구 서면로 64, 9층 (부전동, 청석빌딩)",129.0580718,35.1564715
눈초롱안과의원,의원,부산,210006,부산서구,"부산광역시 서구 구덕로 109, 5~6층 (충무동1가)",129.0241404,35.0961904
뉴라인성형외과의원,의원,부산,210004,부산진구,"부산광역시 부산진구 부전로66번길 40, 2,3,4층 (부전동)",129.0569228,35.1557348
뉴미시간치과의원,치과의원,부산,210004,부산진구,"부산광역시 부산진구 가야대로 783, 10층 (부전동)",129.0572367,35.15799
뉴본여성의원,의원,부산,210010,부산사하구,"부산광역시 사하구 낙동대로 234, 2~7, 10층 (괴정동, 조일빌딩)",128.9914252,35.0998911
뉴센치과의원,치과의원,부산,210009,부산해운대구,"부산광역시 해운대구 해운대로38번길 70, 3층 (재송동)",129.1175913,35.191057
뉴스타일성형외과의원,의원,부산,210004,부산진구,"부산광역시 부산진구 부전로66번길 24, 2,3층 (부전동)",129.0559527,35.1557977
뉴아미치과의원,치과의원,부산,210011,부산금정구,"부산광역시 금정구 중앙대로1629번길 26, 3층 (부곡동)",129.0897415,35.2302738
뉴아트치과의원,치과의원,부산,210004,부산진구,"부산광역시 부산진구 가야대로 519, 2층 (가야동)",129.0287726,35.1536772
뉴욕100세치과의원,치과의원,부산,210003,부산동래구,"부산광역시 동래구 충렬대로 358, (안락동)",129.0975758,35.1977612
뉴욕더원치과의원,치과의원,부산,210014,부산수영구,"부산광역시 수영구 수영로 710-1, 7층 (광안동, 프라임메디컬)",129.1172176,35.1677173
뉴욕서울치과의원,치과의원,부산,210013,부산연제구,"부산광역시 연제구 중앙대로 1111, 3층 (연산동)",129.0811097,35.1867689
뉴욕성형외과의원,의원,부산,210010,부산사하구,"부산광역시 사하구 낙동남로 1414, 삼영빌딩 3층 (하단동)",128.9662695,35.1058794
뉴욕스마일치과의원,치과의원,부산,210009,부산해운대구,"부산광역시 해운대구 좌동로 88, 9층 903호 (좌동, 울트라타워 )",129.174951,35.1719523
뉴욕아름다운치과의원,치과의원,부산,210009,부산해운대구,"부산광역시 해운대구 좌동순환로 506, 604호 (중동, 영풍리젠시)",129.1687362,35.1661755
뉴욕초이스치과의원,치과의원,부산,210013,부산연제구,"부산광역시 연제구 중앙대로 1107, 5층 (연산동)",129.0809947,35.1866707
뉴욕치과의원,치과의원,부산,210012,부산강서구,"부산광역시 강서구 명지국제8로 251, 4층 401,402호 (명지동, 명지국제타워)",128.9204949,35.0983522
뉴욕치과의원,치과의원,부산,210013,부산연제구,"부산광역시 연제구 중앙대로 1114, 5층 (연산동)",129.0816702,35.1870461
뉴욕치과의원,치과의원,부산,210014,부산수영구,"부산광역시 수영구 수영로 577, 7층 (광안동, 지우메디팰리스)",129.1127221,35.157337
뉴욕플란트치과의원,치과의원,부산,210004,부산진구,"부산광역시 부산진구 골드테마길 3, 5층 (범천동)",129.0599146,35.1417927
뉴원성형외과의원,의원,부산,210004,부산진구,"부산광역시 부산진구 서면로 59, 삼정노블빌딩 2층 201호 (부전동)",129.0575468,35.1560117
뉴웰성형외과의원,의원,부산,210004,부산진구,"부산광역시 부산진구 가야대로 781-1, 4,5층 (부전동)",129.0571179,35.1580275
뉴의원,의원,부산,210014,부산수영구,"부산광역시 수영구 수영로 393, 예진메디칼센타 4층 (남천동)",129.1072814,35.1418093
뉴튼치과병원,치과병원,부산,210002,부산동구,"부산광역시 동구 중앙대로 216, 2~3층 (초량동)",129.0408126,35.1163248
뉴티스치과교정과치과의원,치과의원,부산,210011,부산금정구,"부산광역시 금정구 구서로 17, 덕원메디컬 5층 502호 (구서동)",129.0890496,35.2466285
뉴페이스의원,의원,부산,210004,부산진구,"부산광역시 부산진구 동천로 73, 디에스타워 3층 (부전동)",129.0621056,35.15524
뉴플란트치과의원,치과의원,부산,210011,부산금정구,"부산광역시 금정구 중앙대로1719번길 37, 5층 (부곡동, 정암빌딩)",129.0901416,35.2376859
뉴플랜여성의원,의원,부산,210001,부산남구,"부산광역시 남구 유엔평화로 4, 3,4층 (대연동)",129.0916541,35.1346575
뉴플랜한의원,한의원,부산,210001,부산남구,"부산광역시 남구 유엔평화로 4, 4층 (대연동)",129.0916541,35.1346575
뉴하트의원,의원,부산,210014,부산수영구,"부산광역시 수영구 수영로 699, 수영동 디온 플레이스 4층 (수영동)",129.1158563,35.1678979
느티나무내과의원,의원,부산,210009,부산해운대구,"부산광역시 해운대구 해운대해변로 83, 402호 (우동, 경남마리나상가)",129.1423237,35.1616441
느티나무치과의원,치과의원,부산,210011,부산금정구,"부산광역시 금정구 구서로 23, 3층 (구서동)",129.0886141,35.24662
느티나무한의원,한의원,부산,210003,부산동래구,"부산광역시 동래구 충렬대로 227, 1층 (수안동)",129.0844667,35.2019193
늘가까운비뇨의학과의원,의원,부산,210010,부산사하구,"부산광역시 사하구 낙동대로 214, 2층 (괴정동)",128.9934487,35.1004456
늘다봄의원,의원,부산,210003,부산동래구,"부산광역시 동래구 아시아드대로 142, 사직빌딩 1동 2층 (사직동)",129.0659641,35.1970968
늘벗한의원,한의원,부산,210015,부산사상구,"부산광역시 사상구 사상로 515, (모라동)",128.9887197,35.1904407
늘봄내과의원,의원,부산,210003,부산동래구,"부산광역시 동래구 충렬대로 413, 8,9,10층 (안락동)",129.1036174,35.1968773
늘봄의원,의원,부산,210011,부산금정구,"부산광역시 금정구 수림로 55, 3층 (장전동)",129.0863137,35.239816
늘빛영상의학과의원,의원,부산,210003,부산동래구,"부산광역시 동래구 명륜로 106, 3,4층 (명륜동, 늘빛메디칼빌딩 )",129.083335,35.2034593
늘사랑치과의원,치과의원,부산,210004,부산진구,"부산광역시 부산진구 가야대로 597, 308호 (가야동, 한신센타뷰)",129.0370193,35.155162
늘찬마취통증의학과의원,의원,부산,210007,부산영도구,"부산광역시 영도구 태종로 98, 504호 (대교동2가, 모닝아일랜드)",129.0414763,35.0912131
늘편안하내과의원,의원,부산,210001,부산남구,"부산광역시 남구 분포로 113, 1005동 4층 6호 (용호동, 엘지메트로시티아파트)",129.109571,35.129786
늘편한 이비인후과의원,의원,부산,210012,부산강서구,"부산광역시 강서구 명지오션시티4로 67, 강서타워빌딩 4층 401호 (명지동)",128.9039621,35.0830186
늘편한내과의원,의원,부산,210009,부산해운대구,"부산광역시 해운대구 반여로 131, 306호 (반여동, 프레스상가)",129.1234496,35.2034393
늘편한내과의원,의원,부산,210011,부산금정구,"부산광역시 금정구 중앙대로1841번길 15, 2층 (구서동)",129.0909746,35.2484637
늘편한내과의원,의원,부산,210001,부산남구,"부산광역시 남구 진남로 4, 3층 (대연동)",129.0920109,35.1353582
늘편한치과의원,치과의원,부산,210012,부산강서구,"부산광역시 강서구 명지국제8로 229, 403호 (명지동)",128.917995,35.0985822
늘편한한의원,한의원,부산,210009,부산해운대구,"부산광역시 해운대구 선수촌로 104-10, 선수촌빌딩 2층 (반여동)",129.1199099,35.2026807
늘푸른내과의원,의원,부산,210010,부산사하구,"부산광역시 사하구 다대로 263, 6층 601호 (장림동)",128.9777379,35.0788382
늘푸른미소치과의원,치과의원,부산,210003,부산동래구,"부산광역시 동래구 금강공원로 2, 201호 (온천동, SK허브올리브)",129.0841369,35.2186436
늘푸른의원,의원,부산,210005,부산북구,"부산광역시 북구 약초골목길 28, (구포동)",129.0027456,35.2082509
늘푸른의원,의원,부산,210004,부산진구,"부산광역시 부산진구 동평로 373, 2층 (양정동)",129.0659532,35.175005
늘푸른치과의원,치과의원,부산,210002,부산동구,"부산광역시 동구 범곡북로 1, 2층 (범일동)",129.0556327,35.1416315
늘푸른치과의원,치과의원,부산,210009,부산해운대구,"부산광역시 해운대구 재반로 206, (반여동)",129.1309252,35.1956241
늘푸른치과의원,치과의원,부산,210014,부산수영구,"부산광역시 수영구 수영로 384, 3층 (남천동, 수영빌딩)",129.1069632,35.1407825
능인한의원,한의원,부산,210004,부산진구,"부산광역시 부산진구 가야대로 757-1, (부전동)",129.0544404,35.1578876
니어치과의원,치과의원,부산,210004,부산진구,"부산광역시 부산진구 서전로 25, 이오스프라자 3층 (전포동)",129.0625882,35.1579683
다나마취통증의학과의원,의원,부산,210011,부산금정구,"부산광역시 금정구 온천장로 131, 4층 (장전동, 우성빌딩)",129.0849861,35.2223453
다나산부인과의원,의원,부산,210009,부산해운대구,"부산광역시 해운대구 재반로 213, (반여동, 3층)",129.1306583,35.1962368
다나아마취통증의학과의원,의원,부산,210001,부산남구,"부산광역시 남구 수영로 240-1, (대연동, 이지스퀘어빌딩4층)",129.0930379,35.1349339
다나은내과의원,의원,부산,210004,부산진구,"부산광역시 부산진구 범일로 127, 4층 (범천동, 삼일빌딩)",129.0590642,35.1415079
다나은의원,의원,부산,210003,부산동래구,"부산광역시 동래구 안연로 88, 3층 (안락동)",129.0980685,35.1952763
다나한의원,한의원,부산,210004,부산진구,"부산광역시 부산진구 서전로 46, 2층 (전포동, 경기위너비타)",129.0646903,35.1575846
다다치과의원,치과의원,부산,210003,부산동래구,"부산광역시 동래구 우장춘로 14, 3층 301호 (온천동)",129.0702712,35.2089187
다담한의원,한의원,부산,210009,부산해운대구,"부산광역시 해운대구 재반로 200-1, 2층 (반여동)",129.1308324,35.1951307
다대동의한의원,한의원,부산,210010,부산사하구,"부산광역시 사하구 다대로 680, 4층 (다대동)",128.9668617,35.0481397
다대안심내과의원,의원,부산,210010,부산사하구,"부산광역시 사하구 다대로 556, 4,5,6층 (다대동)",128.9705344,35.0567967
다대원이비인후과의원,의원,부산,210010,부산사하구,"부산광역시 사하구 다대로 702, 6층 (다대동)",128.9651331,35.0490237
다대자연병원,정신병원,부산,210010,부산사하구,"부산광역시 사하구 장평로 1, (장림동)",128.9771391,35.0686092
다대정내과의원,의원,부산,210010,부산사하구,"부산광역시 사하구 다대로 547, (다대동)",128.9713871,35.0573807
다대치과의원,치과의원,부산,210010,부산사하구,"부산광역시 사하구 다대로 556, 3층 (다대동, 한건빌딩)",128.9705344,35.0567967
다대튼튼치과의원,치과의원,부산,210010,부산사하구,"부산광역시 사하구 다대로 698, 5층 (다대동)",128.9653676,35.0485879
다리안흉부외과의원,의원,부산,210004,부산진구,"부산광역시 부산진구 서면로 74, 1701, 1704호 (부전동, 아이온시티 17층)",129.0581339,35.1570677
다미안피부과의원,의원,부산,210005,부산북구,"부산광역시 북구 금곡대로285번길 5, (화명동)",129.0131863,35.2336922
다미인한의원,한의원,부산,210009,부산해운대구,"부산광역시 해운대구 해운대로 802, 웅신시네아트 403호 (좌동)",129.1766569,35.1691635
다믿주치과의원,치과의원,부산,210004,부산진구,"부산광역시 부산진구 가야대로784번길 27, 3,4층 (부전동)",129.0573721,35.1562479
다복한의원,한의원,부산,210004,부산진구,"부산광역시 부산진구 중앙번영로20번길 3, (범천동)",129.0616141,35.1446367
다봄가정의학과의원,의원,부산,210002,부산동구,"부산광역시 동구 중앙대로371번길 26, 2,3층 (수정동)",129.047328,35.1294343
다봄안과의원,의원,부산,210004,부산진구,"부산광역시 부산진구 가야대로 783, 5층 (부전동)",129.0572367,35.15799
다사랑내과의원,의원,부산,210012,부산강서구,"부산광역시 강서구 명지국제11로 25, 지상3층 (명지동, 동명빌딩)",128.9212855,35.1048452
다사랑요양병원,요양병원,부산,210005,부산북구,"부산광역시 북구 덕천로 339, (만덕동)",129.0407558,35.2091397
다사랑의원,의원,부산,210006,부산서구,"부산광역시 서구 자갈치로 2, 2층 (충무동1가, 유진빌딩)",129.02474,35.0962013
다사랑한의원,한의원,부산,210001,부산남구,"부산광역시 남구 못골로 101, 4층 (대연동)",129.0934319,35.135688
다산미즈한의원,한의원,부산,210004,부산진구,"부산광역시 부산진구 가야대로784번길 29, 9층 (부전동)",129.0573576,35.1561335
다선한의원,한의원,부산,210004,부산진구,"부산광역시 부산진구 가야대로 664, (가야동)",129.044428,35.1558143
다솔부부한의원,한의원,부산,210003,부산동래구,"부산광역시 동래구 명륜로 179, 2층 (명륜동)",129.082253,35.20982
다솜메디칼의원,의원,부산,210100,부산기장군,"부산광역시 기장군 기장읍 차성로 436, 3,4층",129.2177784,35.254483
다솜부부치과의원,치과의원,부산,210001,부산남구,"부산광역시 남구 용호로 50, (용호동)",129.1093223,35.1263364
다솜의원,의원,부산,210006,부산서구,"부산광역시 서구 자갈치로 10, (충무동1가)",129.0254267,35.0961247
다솜의원,의원,부산,210013,부산연제구,"부산광역시 연제구 종합운동장로 7, 부산아시아드주경기장노외주차장 지하1층 일부호 (거제동)",129.06202,35.1912669
다솜의원,의원,부산,210001,부산남구,"부산광역시 남구 전포대로91번길 47, (문현동, 이마트 3층 일부)",129.064221,35.1443189
다솜의원,의원,부산,210013,부산연제구,"부산광역시 연제구 연수로 89, (연산동, 3층 일부)",129.0813506,35.176118
다솜한의원,한의원,부산,210002,부산동구,"부산광역시 동구 중앙대로371번길 42, 2층 (수정동)",129.0466989,35.1299962
다스림한의원,한의원,부산,210011,부산금정구,"부산광역시 금정구 온천장로125번길 68, (장전동)",129.0824233,35.2242274
다시봄날의원,의원,부산,210004,부산진구,"부산광역시 부산진구 서면로 15-6, 디알메디칼센터 14층,15층 (부전동)",129.0575113,35.1522845
다시봄요양병원,요양병원,부산,210009,부산해운대구,"부산광역시 해운대구 해운대로 604, 명성빌딩 5~10층 (우동)",129.157347,35.1624655
다온가정의원,의원,부산,210004,부산진구,"부산광역시 부산진구 가야대로 530, 2,3층 (가야동)",129.0300181,35.1533079
다온요양병원,요양병원,부산,210014,부산수영구,"부산광역시 수영구 남천서로20번길 49, (남천동)",129.1069357,35.1461179
다온치과의원,치과의원,부산,210012,부산강서구,"부산광역시 강서구 범방3로46번길 13, 서평상가 1동 3층 302호 (범방동)",128.8816031,35.1473392
다온한의원,한의원,부산,210012,부산강서구,"부산광역시 강서구 명지국제8로 251, 302호 (명지동)",128.9204949,35.0983522
다우치과의원,치과의원,부산,210013,부산연제구,"부산광역시 연제구 월드컵대로 221, (거제동)",129.0726378,35.1888169
다움병원,정신병원,부산,210011,부산금정구,"부산광역시 금정구 체육공원로 608, (두구동)",129.1118972,35.2948146
다움치과의원,치과의원,부산,210005,부산북구,"부산광역시 북구 금곡대로638번가길 42, 2층 (금곡동)",129.0167301,35.2657198
다이아몬드치과의원,치과의원,부산,210014,부산수영구,"부산광역시 수영구 수영로 699, 901호 (수영동, 수영동디온플레이스)",129.1158563,35.1678979
다이트한의원,한의원,부산,210004,부산진구,"부산광역시 부산진구 범일로 177, 메타타워Ⅲ 8층 (범천동)",129.0589004,35.1458009
다인의원,의원,부산,210010,부산사하구,"부산광역시 사하구 다대로 279, 금천빌딩 3층 (장림동)",128.9774972,35.0772987
다인치과의원,치과의원,부산,210002,부산동구,"부산광역시 동구 초량중로 74, (초량동)",129.0391841,35.1183022
다인한의원,한의원,부산,210006,부산서구,"부산광역시 서구 대영로45번길 102, (서대신동3가)",129.0142099,35.1138961
다정부부치과의원,치과의원,부산,210015,부산사상구,"부산광역시 사상구 가야대로 278, 4층 (주례동)",129.0028717,35.150167
다정신경외과의원,의원,부산,210004,부산진구,"부산광역시 부산진구 중앙대로 923-1, 1층 (양정동)",129.0705502,35.1727242
다정한의원,한의원,부산,210010,부산사하구,"부산광역시 사하구 낙동대로 571, (하단동)",128.9622549,35.1143475
다정한의원,한의원,부산,210100,부산기장군,"부산광역시 기장군 기장읍 읍내로104번길 19, (기장읍)",129.215945,35.2432045
다정한한의원,한의원,부산,210013,부산연제구,"부산광역시 연제구 과정로 347, 2층 일부호 (연산동)",129.0900337,35.1907272
다진한의원,한의원,부산,210100,부산기장군,"부산광역시 기장군 정관읍 정관로 712, 2층",129.1905538,35.3212327
다편한마취통증의학과의원,의원,부산,210005,부산북구,"부산광역시 북구 백양대로 1200, 정수빌딩 6층 (덕천동)",129.0058219,35.2093621
다함신경외과의원,의원,부산,210005,부산북구,"부산광역시 북구 백양대로 1108, 1-4층 (구포동)",129.0003482,35.2033742
닥터남아름다운의원,의원,부산,210004,부산진구,"부산광역시 부산진구 당감로 24, (당감동)",129.0397818,35.1637668
닥터뉴욕치과의원,치과의원,부산,210001,부산남구,"부산광역시 남구 황령대로492번길 8, 영보빌딩 2층 (대연동)",129.1071265,35.1380366
닥터문마취통증의학과의원,의원,부산,210003,부산동래구,"부산광역시 동래구 명륜로 90, 4층 (수안동, 호원빌딩)",129.0840935,35.2022612
닥터박치과의원,치과의원,부산,210010,부산사하구,"부산광역시 사하구 사하로 184, 5층 (괴정동)",128.9941408,35.0981361
닥터배치과의원,치과의원,부산,210013,부산연제구,"부산광역시 연제구 중앙대로 1112, 6층 (연산동)",129.0817393,35.1868365
닥터셈매직뷰티의원,의원,부산,210004,부산진구,"부산광역시 부산진구 중앙대로 711, 8층 (부전동)",129.0587795,35.1563418
닥터스한의원,한의원,부산,210100,부산기장군,"부산광역시 기장군 일광읍 해빛1로 5, 4층 402, 403호",129.2257858,35.2659629
닥터안치과의원,치과의원,부산,210001,부산남구,"부산광역시 남구 용주로6번길 30, 신국제약국 2층 (용호동)",129.1111945,35.1116586
닥터앰버치과의원,치과의원,부산,210009,부산해운대구,"부산광역시 해운대구 달맞이길117번가길 153, 3층 (중동)",129.1818054,35.1586963
닥터웰뷰티의원,의원,부산,210002,부산동구,"부산광역시 동구 범일로 120, 3층, 4층 일부 (범일동)",129.0596463,35.1406904
닥터유바른신경외과의원,의원,부산,210014,부산수영구,"부산광역시 수영구 수영로 586, 5층 501호 (광안동)",129.1135557,35.1578877
닥터조이치과의원,치과의원,부산,210003,부산동래구,"부산광역시 동래구 충렬대로 219, 마노 4층 (명륜동)",129.0832741,35.2023046
닥터진앤모의원,의원,부산,210013,부산연제구,"부산광역시 연제구 중앙대로 1085, 오오빌딩 4층 (연산동)",129.0803159,35.184889
닥터풍치과의원,치과의원,부산,210014,부산수영구,"부산광역시 수영구 수영로 703, 4층 (수영동)",129.1162686,35.1680236
닥터한스의원,의원,부산,210005,부산북구,"부산광역시 북구 백양대로 1025, (구포동)",128.995157,35.1978559
단골병원,병원,부산,210011,부산금정구,"부산광역시 금정구 중앙대로 1829, 5~10, 14층 12~13층 일부호 (구서동)",129.0919619,35.2476664
단디치과의원,치과의원,부산,210011,부산금정구,"부산광역시 금정구 서동로 151, 2층 (서동)",129.103259,35.2149571
단디치과의원,치과의원,부산,210015,부산사상구,"부산광역시 사상구 학감대로 117, 3층 (학장동, (주)세원)",128.9886006,35.1411562
단스위티의원,의원,부산,210011,부산금정구,"부산광역시 금정구 장전온천천로 51, 테라스파크 4층 406호 (장전동)",129.088808,35.2296047
달곰 치과의원,치과의원,부산,210013,부산연제구,"부산광역시 연제구 과정로 307, 2층 (연산동)",129.0937532,35.1886977
달맞이요양병원,요양병원,부산,210009,부산해운대구,"부산광역시 해운대구 달맞이길117번나길 30, (중동)",129.1811843,35.1584119
당감미치과의원,치과의원,부산,210004,부산진구,"부산광역시 부산진구 동평로 83, 미래메디칼 5층 (당감동)",129.0386371,35.1656186
당감베스트정형외과의원,의원,부산,210004,부산진구,"부산광역시 부산진구 동평로 106, 앨리움 메디컬센터 2층 (당감동)",129.0411348,35.1655911
당감부부치과의원,치과의원,부산,210004,부산진구,"부산광역시 부산진구 당감로 79, 3층 306호 (부암동, 화승상가)",129.037512,35.169001
당감치과의원,치과의원,부산,210004,부산진구,"부산광역시 부산진구 당감로 15, (당감동, 당감삼익상가 17동 301-2~3호)",129.0395331,35.1630076
당감한의원,한의원,부산,210004,부산진구,"부산광역시 부산진구 당감로 61, (당감동, 3층)",129.0386364,35.1671121
당근정신건강의학과의원,의원,부산,210001,부산남구,"부산광역시 남구 유엔평화로 12, 3층 (대연동)",129.0917753,35.1338391
당당한의원,한의원,부산,210011,부산금정구,"부산광역시 금정구 중앙대로1719번길 37, 4층 (부곡동, 정암빌딩)",129.0901416,35.2376859
당당한의원,한의원,부산,210004,부산진구,"부산광역시 부산진구 부전로66번길 20, (부전동)",129.0558054,35.1556666
당리한의원,한의원,부산,210010,부산사하구,"부산광역시 사하구 제석로 54, (당리동)",128.9747536,35.1053561
당봄한의원 부산점,한의원,부산,210001,부산남구,"부산광역시 남구 문현금융로 40, 부산국제금융센터 230호 (문현동)",129.0656311,35.1472602
당신e빛나는 치과의원,치과의원,부산,210013,부산연제구,"부산광역시 연제구 아시아드대로 96, (거제동, 2층 일부)",129.0673409,35.1933034
당신의피부과의원,의원,부산,210004,부산진구,"부산광역시 부산진구 서면로 25, 삼한개발주식회사 4층 403호 (부전동)",129.0572817,35.1529575
당신이소중한치과의원,치과의원,부산,210009,부산해운대구,"부산광역시 해운대구 마린시티2로 33, 104동 729~731호 (우동, 해운대두산위브더제니스)",129.145091,35.156667
대건한의원,한의원,부산,210003,부산동래구,"부산광역시 동래구 석사로 13, (사직동)",129.0613428,35.1985011
대남한의원,한의원,부산,210014,부산수영구,"부산광역시 수영구 수영로 398, (남천동)",129.1078714,35.1417351
대대손손한의원,한의원,부산,210006,부산서구,"부산광역시 서구 구덕로296번길 3, 2층 (동대신동2가)",129.0178227,35.1106221
대도한의원,한의원,부산,210011,부산금정구,"부산광역시 금정구 금단로175번길 37, (남산동)",129.0930118,35.2660952
대동병원,종합병원,부산,210003,부산동래구,"부산광역시 동래구 충렬대로 187, (명륜동)",129.0802033,35.2042538
대동의원,의원,부산,210014,부산수영구,"부산광역시 수영구 구락로 74, (망미동)",129.117149,35.1737048
대명치과의원,치과의원,부산,210001,부산남구,"부산광역시 남구 못골로 87, 대연스퀘어 A동 3층 301.302호 (대연동)",129.0920138,35.1361106
대명한의원,한의원,부산,210004,부산진구,"부산광역시 부산진구 범일로 158, 104동 209호 (범천동)",129.059733,35.1441135
대보한의원,한의원,부산,210004,부산진구,"부산광역시 부산진구 골드테마길 14, (범천동)",129.0601399,35.1422767
대붕한의원,한의원,부산,210010,부산사하구,"부산광역시 사하구 윤공단로14번길 54, 2층 (다대동)",128.9699436,35.0570679
대산한의원,한의원,부산,210001,부산남구,"부산광역시 남구 용호로 112, (용호동)",129.11214,35.1223308
대성류한의원,한의원,부산,210002,부산동구,"부산광역시 동구 진시장로 19-3, (범일동)",129.0588226,35.1374475
대성치과의원,치과의원,부산,210013,부산연제구,"부산광역시 연제구 연수로 177, 3층 (연산동)",129.0901298,35.1743848
대세한의원,한의원,부산,210006,부산서구,"부산광역시 서구 대영로 52, 1,2,3층 (서대신동1가)",129.0169855,35.1095569
대세한의원,한의원,부산,210011,부산금정구,"부산광역시 금정구 서부로 6, 1층 (서동)",129.1048989,35.21496
대솔한의원,한의원,부산,210001,부산남구,"부산광역시 남구 석포로 71, (대연동)",129.0881497,35.124561
대신바른본의원,의원,부산,210006,부산서구,"부산광역시 서구 대영로 54, 2, 3층 (서대신동1가, 대신메디컬센터)",129.0173389,35.1096821
대신성모정형외과의원,의원,부산,210006,부산서구,"부산광역시 서구 구덕로 311, (서대신동2가)",129.0168123,35.1116415
대신스마일치과의원,치과의원,부산,210006,부산서구,"부산광역시 서구 구덕로 323, 2층 (서대신동3가)",129.0161822,35.1126552
대신치과의원,치과의원,부산,210006,부산서구,"부산광역시 서구 구덕로 300-1, (동대신동2가)",129.0177318,35.1108434
대신한의원,한의원,부산,210006,부산서구,"부산광역시 서구 보수대로 15, (토성동1가,봄여름가을겨울 상가1층 104호)",129.0244089,35.0985063
대안한의원,한의원,부산,210002,부산동구,"부산광역시 동구 초량상로 104, 1층 (초량동)",129.039523,35.1208341
대연88마취통증의학과의원,의원,부산,210001,부산남구,"부산광역시 남구 진남로 4, 4층 (대연동)",129.0920109,35.1353582
대연건치과의원,치과의원,부산,210001,부산남구,"부산광역시 남구 못골로12번길 35, 대동레미안센트럴시티 401호~404호 (대연동)",129.0857478,35.1355082
대연균형한의원,한의원,부산,210001,부산남구,"부산광역시 남구 진남로 4, 2층 (대연동)",129.0920109,35.1353582
대연뜰한의원,한의원,부산,210001,부산남구,"부산광역시 남구 황령대로492번길 8, 영보빌딩 4층 (대연동)",129.1071265,35.1380366
대연류피부과의원,의원,부산,210001,부산남구,"부산광역시 남구 수영로 240-1, 이지스퀘어빌딩 2층 (대연동)",129.0930379,35.1349339
대연맑은내과의원,의원,부산,210001,부산남구,"부산광역시 남구 수영로 233, 민석빌딩 11층 일부호 (대연동)",129.092185,35.1354275
대연본안과의원,의원,부산,210001,부산남구,"부산광역시 남구 수영로 260, 4층 (대연동, 대연백리명가에덴)",129.0952329,35.1351378
대연봄정신건강의학과의원,의원,부산,210001,부산남구,"부산광역시 남구 수영로 233, 민석빌딩 8층 (대연동)",129.092185,35.1354275
대연성모병원,정신병원,부산,210001,부산남구,"부산광역시 남구 황령대로353번길 66, (대연동)",129.098745,35.1481294
대연성모안과의원,의원,부산,210001,부산남구,"부산광역시 남구 수영로 198-1, (대연동)",129.0882965,35.1346849
대연속내과의원,의원,부산,210001,부산남구,"부산광역시 남구 유엔평화로 4, 9,10층 (대연동)",129.0916541,35.1346575
대연약손한의원,한의원,부산,210001,부산남구,"부산광역시 남구 못골번영로 11, 2층 (대연동)",129.0889406,35.1361685
대연어린이치과의원,치과의원,부산,210001,부산남구,"부산광역시 남구 수영로 324, 리마크빌 대연 2층 205호 일부호 (대연동)",129.1015514,35.1374999
대연유치과의원,치과의원,부산,210001,부산남구,"부산광역시 남구 수영로 196, 3층 (대연동)",129.088124,35.134743
대연으뜸내과의원,의원,부산,210001,부산남구,"부산광역시 남구 못골로 87, 3층 305호 (대연동)",129.0920138,35.1361106
대연의원,의원,부산,210001,부산남구,"부산광역시 남구 수영로 256, 혜인한의원 2층 (대연동)",129.0945762,35.1351209
대연정형외과의원,의원,부산,210001,부산남구,"부산광역시 남구 수영로 225-1, 2층 (대연동)",129.0913294,35.1353825
대연척척한의원,한의원,부산,210001,부산남구,"부산광역시 남구 석포로 74, 2층 (대연동)",129.088528,35.1243282
대연탑비뇨의학과의원,의원,부산,210001,부산남구,"부산광역시 남구 수영로 240, 정성약국 3층 (대연동)",129.0928712,35.1349234
대연혁신치과의원,치과의원,부산,210001,부산남구,"부산광역시 남구 수영로 345, 115동 303호 (대연동, ,대연힐스테이트푸르지오)",129.1010779,35.1422158
대연힐정신건강의학과의원,의원,부산,210001,부산남구,"부산광역시 남구 수영로 295, 503호 (대연동)",129.0983236,35.1369934
대영한의원,한의원,부산,210001,부산남구,"부산광역시 남구 못골로 18, 2층 (대연동)",129.0841774,35.1354132
대운한의원,한의원,부산,210009,부산해운대구,"부산광역시 해운대구 양운로 182, (좌동, 두산1차@주상가동 207,208호)",129.170284,35.1802354
대저치과의원,치과의원,부산,210012,부산강서구,"부산광역시 강서구 대저로 276, (대저1동)",128.9820954,35.2125386
대정한의원,한의원,부산,210006,부산서구,"부산광역시 서구 보수대로 238, (동대신동3가)",129.0181953,35.1155454
대진한의원,한의원,부산,210008,부산중구,"부산광역시 중구 흑교로 24-1, (부평동2가)",129.0253484,35.1016722
대창치과의원,치과의원,부산,210004,부산진구,"부산광역시 부산진구 새싹로28번길 23, (부전동)",129.0584308,35.1605888
대청치과의원,치과의원,부산,210008,부산중구,"부산광역시 중구 대청로 95-1, (대청동2가)",129.0304728,35.1030585
대추나무한의원,한의원,부산,210001,부산남구,"부산광역시 남구 용호로 204, (용호동)",129.1108182,35.114165
대추나무한의원,한의원,부산,210004,부산진구,"부산광역시 부산진구 범일로 127, 7층 (범천동, 삼일빌딩)",129.0590642,35.1415079
대추나무한의원,한의원,부산,210010,부산사하구,"부산광역시 사하구 낙동대로 260-1, 1층 (괴정동)",128.9885447,35.0994414
대통한의원,한의원,부산,210003,부산동래구,"부산광역시 동래구 안남로 23, 보림프라자 306호 (낙민동)",129.0948221,35.194646
대티한의원,한의원,부산,210010,부산사하구,"부산광역시 사하구 낙동대로 158, (괴정동)",128.9987151,35.1028446
대평한의원,한의원,부산,210011,부산금정구,"부산광역시 금정구 서동로141번길 5, (서동)",129.101992,35.2154982
대학치과의원,치과의원,부산,210004,부산진구,"부산광역시 부산진구 새싹로 127, (부암동)",129.0508825,35.167632
대한마취통증의학과의원,의원,부산,210002,부산동구,"부산광역시 동구 범일로 102, 4층 (범일동, 성호빌딩)",129.059695,35.1392273
대한메포츠의원,의원,부산,210001,부산남구,"부산광역시 남구 황령대로492번길 8, 영보빌딩 7층 (대연동)",129.1071265,35.1380366
대한민국정형외과의원,의원,부산,210015,부산사상구,"부산광역시 사상구 사상로 200, 엠시티빌딩 10층 (괘법동)",128.9846023,35.1629712
대한영상의학과의원,의원,부산,210004,부산진구,"부산광역시 부산진구 황령대로 6, (범천동)",129.0602913,35.1474386
대한의원,의원,부산,210004,부산진구,"부산광역시 부산진구 골드테마길 1, 2층 (범천동)",129.0597687,35.1417977
대한정형외과의원,의원,부산,210003,부산동래구,"부산광역시 동래구 아시아드대로 224, (온천동)",129.0671915,35.2037321
대한최강정형외과의원,의원,부산,210006,부산서구,"부산광역시 서구 구덕로 102-1, 1층 (충무동1가)",129.024391,35.0969133
대한한의원,한의원,부산,210001,부산남구,"부산광역시 남구 수영로 177, (대연동, (2층))",129.0860176,35.1350744
대한항공김해부속의원,의원,부산,210012,부산강서구,"부산광역시 강서구 테크센터로 55, 창공회관 3층동 (대저2동)",128.9342795,35.176727
대항길외과의원,의원,부산,210008,부산중구,"부산광역시 중구 구덕로 90, 8층 (남포동6가)",129.0260148,35.0975764
더(The)예쁜얼굴만들기성형외과의원,의원,부산,210004,부산진구,"부산광역시 부산진구 가야대로784번길 36, (부전동)",129.0571666,35.1557983
더가까운치과의원,치과의원,부산,210013,부산연제구,"부산광역시 연제구 중앙대로 1033, 3층 (연산동)",129.0771446,35.1809323
더건강한내과의원,의원,부산,210100,부산기장군,"부산광역시 기장군 일광읍 해송4로 17, 5층 501호",129.2313798,35.2668406
더고운피부과의원,의원,부산,210011,부산금정구,"부산광역시 금정구 온천장로 131, 3층 (장전동, 우성빌딩)",129.0849861,35.2223453
더굿치과의원,치과의원,부산,210013,부산연제구,"부산광역시 연제구 종합운동장로 7, (거제동, 지하1층 일부)",129.06202,35.1912669
더굿치과의원,치과의원,부산,210001,부산남구,"부산광역시 남구 수영로 190, 4층 일부호 (대연동)",129.0873776,35.1346343
더꼼꼼한치과의원,치과의원,부산,210003,부산동래구,"부산광역시 동래구 안연로 74, 4층 일부 (안락동)",129.0988464,35.1938974
더꼼꼼한치과의원,치과의원,부산,210004,부산진구,"부산광역시 부산진구 가야대로 586, (가야동)",129.0359406,35.1543348
더나은마취통증의학과의원,의원,부산,210003,부산동래구,"부산광역시 동래구 사직북로 4, 사직동 자이언츠 파크 602,603호 (사직동)",129.0613598,35.1962582
더나은정신건강의학과의원,의원,부산,210005,부산북구,"부산광역시 북구 화명대로 44, 금호타워 3층 303호 (화명동)",129.013,35.2343739
더뉴치과의원,치과의원,부산,210100,부산기장군,"부산광역시 기장군 일광읍 해빛5로 25, 5층 505호",129.2218535,35.260501
더드림한의원,한의원,부산,210005,부산북구,"부산광역시 북구 금곡대로 287, 삼한골든뷰 3층 302,303호 (화명동)",129.0133222,35.2341977
더맑은의원,의원,부산,210007,부산영도구,"부산광역시 영도구 동삼로 12, 1층 (동삼동)",129.0732743,35.0756551
더문성형외과의원,의원,부산,210004,부산진구,"부산광역시 부산진구 서면로 59, 4층 (부전동, 노블빌딩)",129.0575468,35.1560117
더미즈웰산부인과의원,의원,부산,210005,부산북구,"부산광역시 북구 금곡대로 284, (화명동)",129.0139573,35.23363
더바디성형외과의원,의원,부산,210004,부산진구,"부산광역시 부산진구 서면로 51, 4,5,6,7층 (부전동)",129.057576,35.1554116
더바른구강내과치과의원,치과의원,부산,210003,부산동래구,"부산광역시 동래구 충렬대로 207, 2층 (명륜동)",129.0824839,35.202664
더바른이치과의원,치과의원,부산,210001,부산남구,"부산광역시 남구 수영로 297, (대연동, 서전텔콤빌딩 2층)",129.0986524,35.1370387
더바른한의원,한의원,부산,210009,부산해운대구,"부산광역시 해운대구 해운대로 794, 엘리움 304,305,403호 (좌동)",129.1757451,35.168815
더보라안과의원,의원,부산,210013,부산연제구,"부산광역시 연제구 중앙천로 93, 아람메디컬빌딩 3층 일부, 4층 전체 (연산동)",129.0785079,35.1815106
더본정형외과의원,의원,부산,210010,부산사하구,"부산광역시 사하구 다대로 263, 5층 (장림동)",128.9777379,35.0788382
더본정형외과의원,의원,부산,210100,부산기장군,"부산광역시 기장군 정관읍 정관로 563, 3층 301호",129.1756378,35.3219389
더붐의원,의원,부산,210004,부산진구,"부산광역시 부산진구 서면로68번길 15, 5층,6층 (부전동)",129.0585384,35.1562877
더브레인한의원,한의원,부산,210004,부산진구,"부산광역시 부산진구 서면로 74, 1306호 (부전동,아이온시티)",129.0581339,35.1570677
더블유에스치과병원,치과병원,부산,210009,부산해운대구,"부산광역시 해운대구 좌동순환로 6, 5층및 6층일부층 (중동)",129.1680556,35.1672265
더블유의원,의원,부산,210010,부산사하구,"부산광역시 사하구 낙동대로 472, 로타리산업빌딩 3(일부)층 (하단동)",128.9683518,35.106955
더블유치과의원,치과의원,부산,210013,부산연제구,"부산광역시 연제구 중앙대로 1125, A동 405호 (연산동)",129.0806647,35.1880545
더블유한의원,한의원,부산,210001,부산남구,"부산광역시 남구 분포로 145, 스퀘어동 1층 1113호 (용호동, 더블유)",129.1126448,35.1337125
더블치과교정과치과의원,치과의원,부산,210100,부산기장군,"부산광역시 기장군 정관읍 정관중앙로 45, 3층 303,319호",129.1782764,35.3211949
더사랑의원,의원,부산,210003,부산동래구,"부산광역시 동래구 아시아드대로 239, 1층 (온천동)",129.0674583,35.2052326
더스마일치과의원,치과의원,부산,210010,부산사하구,"부산광역시 사하구 낙동대로 468, 3층 (하단동)",128.9685206,35.1066082
더스카이치과의원,치과의원,부산,210004,부산진구,"부산광역시 부산진구 가야대로 777, (부전동)",129.0566467,35.157964
더시크릿의원,의원,부산,210004,부산진구,"부산광역시 부산진구 서면로 74, 2층 202호 (부전동, 아이온씨티)",129.0581339,35.1570677
더아름다운성형외과의원,의원,부산,210009,부산해운대구,"부산광역시 해운대구 센텀2로 15, 601호 (우동, 센텀브라이언)",129.1323537,35.1677016
더아름다운한의원,한의원,부산,210003,부산동래구,"부산광역시 동래구 충렬대로 256, 2층 (낙민동)",129.0871695,35.2008658
더예쁜 의원,의원,부산,210012,부산강서구,"부산광역시 강서구 명지국제2로28번길 23, 네오웨스턴스퀘아 2동 2층 201,202,203호 (명지동)",128.909913,35.0934355
더원이비인후과의원,의원,부산,210009,부산해운대구,"부산광역시 해운대구 선수촌로 103-4, 5층 (반여동)",129.1193242,35.2031837
더원피부과의원,의원,부산,210013,부산연제구,"부산광역시 연제구 월드컵대로 125, 더웰타워 4층 402호 (연산동)",129.0818247,35.1852318
더위드치과의원,치과의원,부산,210003,부산동래구,"부산광역시 동래구 온천장로 11, 2층 (온천동, 관성빌딩)",129.0788274,35.213331
더젠의원,의원,부산,210009,부산해운대구,"부산광역시 해운대구 센텀남대로 50, A903호 (우동, 센텀임페리얼타워)",129.1313001,35.1681037
더조은 한의원,한의원,부산,210007,부산영도구,"부산광역시 영도구 태종로 139, 대양빌딩 6층 (봉래동3가)",129.0442202,35.0924145
더조은의원,의원,부산,210007,부산영도구,"부산광역시 영도구 상리로 25, 가동 205.206호 (동삼동, 동삼그린힐아파트 상가동 2층)",129.067689,35.0848503
더조은의원,의원,부산,210001,부산남구,"부산광역시 남구 수영로 233, 민석빌딩 3,5층 (대연동)",129.092185,35.1354275
더조은이비인후과의원,의원,부산,210015,부산사상구,"부산광역시 사상구 사상로 200, 5층 501호 (괘법동)",128.9846023,35.1629712
더조은치과의원,치과의원,부산,210013,부산연제구,"부산광역시 연제구 거제천로87번길 22, 3층 (거제동)",129.0721438,35.1826368
더좋은에스의원,의원,부산,210004,부산진구,"부산광역시 부산진구 서면로 25, 11층 (부전동, 서면삼한골든뷰)",129.0572817,35.1529575
더좋은이동훈치과의원,치과의원,부산,210010,부산사하구,"부산광역시 사하구 옥천로 1, 2층 (감천동)",129.0049577,35.0878725
더착한치과의원,치과의원,부산,210012,부산강서구,"부산광역시 강서구 명지오션시티4로 59, 601,602호 (명지동, 스타빌딩)",128.9039016,35.0837542
더참안과의원,의원,부산,210004,부산진구,"부산광역시 부산진구 중앙대로 708, 8층 (부전동)",129.0594806,35.1561411
더큰아이소아청소년과의원,의원,부산,210009,부산해운대구,"부산광역시 해운대구 해운대로 794, 엘리움 201~203호, 902호 (좌동)",129.1757451,35.168815
더큰한의원,한의원,부산,210005,부산북구,"부산광역시 북구 만덕1로 9, 세영빌딩 2~3층 (만덕동)",129.0362923,35.2139564
더탄탄병원,병원,부산,210010,부산사하구,"부산광역시 사하구 사하로 189, 2층,3~4 일부층 (괴정동, 괴정어반푸르지오)",128.9933657,35.0984657
더퍼스트성모안과의원,의원,부산,210012,부산강서구,"부산광역시 강서구 명지국제2로 41, 판매시설동 1층 249~252호 (명지동, 더샵 명지퍼스트월드 3단지)",128.9061688,35.0953046
더퍼스트피부과의원,의원,부산,210001,부산남구,"부산광역시 남구 수영로 299, 대한결핵협회 부산광역시지부 3,9층 (대연동)",129.0988754,35.1371668
더퍼스트피부과의원 부산본점,의원,부산,210005,부산북구,"부산광역시 북구 금곡대로 287, 삼한골든뷰 7층 702,703,704호 (화명동)",129.0133222,35.2341977
더페이스성형외과의원,의원,부산,210004,부산진구,"부산광역시 부산진구 부전로66번길 22, 3~6,8,9층 (부전동)",129.0559199,35.155715
더편한 디지털치과의원,치과의원,부산,210100,부산기장군,"부산광역시 기장군 기장읍 차성로288번길 50, 2층",129.2163365,35.2429198
더편한정신건강의학과의원,의원,부산,210015,부산사상구,"부산광역시 사상구 가야대로 272, 메디칼센타 10층 (주례동)",129.0022775,35.1501098
더편한치과의원,치과의원,부산,210010,부산사하구,"부산광역시 사하구 낙동대로 416, 3층 (당리동)",128.9729767,35.1041396
더편한치과의원,치과의원,부산,210013,부산연제구,"부산광역시 연제구 반송로 40, 104동 1층 114,115,116호 (연산동, e편한세상 연산 더퍼스트)",129.0850926,35.1881007
더편한치과의원,치과의원,부산,210002,부산동구,"부산광역시 동구 조방로 14, 401호402호 (범일동, 동일타워)",129.0634901,35.1387523
더플러스치과의원,치과의원,부산,210015,부산사상구,"부산광역시 사상구 가야대로 256, 새한빛병원 5층 (주례동)",129.0007406,35.1499622
더필의원,의원,부산,210100,부산기장군,"부산광역시 기장군 정관읍 정관로 575-3, 5층 502,503호 (정관제일타워Ⅱ)",129.1767317,35.3215409
더하얀의원,의원,부산,210001,부산남구,"부산광역시 남구 수영로 345, 115동 306호 (대연동, 대연힐스테이트푸르지오)",129.1010779,35.1422158
더한의원,한의원,부산,210003,부산동래구,"부산광역시 동래구 명륜로 76, 1층 (수안동)",129.084467,35.200735
더화이트치과의원,치과의원,부산,210009,부산해운대구,"부산광역시 해운대구 해운대로 632, 깨끗한 빌딩 6층 (우동)",129.1598137,35.1638826
더희망찬병원,병원,부산,210011,부산금정구,"부산광역시 금정구 부곡로 130, (부곡동)",129.0923006,35.2274554
더힐러스병원,정신병원,부산,210002,부산동구,"부산광역시 동구 범일로 112, (범일동)",129.0596592,35.1399429
더힘찬한의원,한의원,부산,210009,부산해운대구,"부산광역시 해운대구 좌동로 98, 디베르비타 301호 (좌동)",129.1759075,35.1724315
더힘찬한의원,한의원,부산,210011,부산금정구,"부산광역시 금정구 구서로 14, 태명제1빌딩 2,3층 (구서동)",129.0894465,35.2468672
더힘찬한의원,한의원,부산,210004,부산진구,"부산광역시 부산진구 시민공원로19번길 7, 3층 (부암동)",129.0517613,35.163479
덕림한의원,한의원,부산,210005,부산북구,"부산광역시 북구 만덕대로 52, 3층 (덕천동)",129.0104993,35.2111606
덕바로치과의원,치과의원,부산,210009,부산해운대구,"부산광역시 해운대구 좌동순환로 505, 센트럴메디타워 5층 503~504호 (중동)",129.1682073,35.165667
덕산 한의원,한의원,부산,210001,부산남구,"부산광역시 남구 천제등로 24, (대연동)",129.0876974,35.1330704
덕산한의원,한의원,부산,210005,부산북구,"부산광역시 북구 금곡대로 123, (덕천동)",129.0074258,35.2204035
덕산한의원,한의원,부산,210003,부산동래구,"부산광역시 동래구 여고로113번길 70, (사직동)",129.0742704,35.2015102
덕산한의원,한의원,부산,210004,부산진구,"부산광역시 부산진구 냉정로 226, 4층 (개금동)",129.0244173,35.1509112
덕성치과의원,치과의원,부산,210015,부산사상구,"부산광역시 사상구 대동로 137, 3층 (학장동)",128.9821528,35.140406
덕수치과의원,치과의원,부산,210002,부산동구,"부산광역시 동구 고관로 124, (수정동)",129.0474202,35.1295318
덕천38플란트치과의원,치과의원,부산,210005,부산북구,"부산광역시 북구 만덕대로 24, 국민은행 덕천동지점 5층 (덕천동)",129.007765,35.2104608
덕천가람치과의원,치과의원,부산,210005,부산북구,"부산광역시 북구 백양대로 1202, 3층 (덕천동)",129.005941,35.2097118
덕천굿모닝치과의원,치과의원,부산,210005,부산북구,"부산광역시 북구 낙동대로1781번길 1, (덕천동)",129.0038766,35.2099628
덕천김안과의원,의원,부산,210005,부산북구,"부산광역시 북구 만덕대로 14, (덕천동)",129.0067235,35.2102083
덕천내과의원,의원,부산,210005,부산북구,"부산광역시 북구 백양대로 1189, (구포동)",129.0049823,35.2084947
덕천바른흉부외과의원,의원,부산,210005,부산북구,"부산광역시 북구 만덕대로 15, 4층 (덕천동)",129.006706,35.2107268
덕천삼성정형외과의원,의원,부산,210005,부산북구,"부산광역시 북구 만덕대로 58, 3층 (덕천동)",129.0114353,35.2113769
덕천성모안과의원,의원,부산,210005,부산북구,"부산광역시 북구 만덕대로 21, (덕천동)",129.0073181,35.2108582
덕천어린이치과의원,치과의원,부산,210005,부산북구,"부산광역시 북구 만덕대로 22, 드림 메디칼 빌딩 5층 (덕천동)",129.0075603,35.2103495
덕천엘정신건강의학과의원,의원,부산,210005,부산북구,"부산광역시 북구 만덕대로 16, 5층 (덕천동)",129.0068772,35.2102434
덕천요양병원,요양병원,부산,210005,부산북구,"부산광역시 북구 기찰로 2-1, (덕천동)",129.0054717,35.2111844
덕천요편한비뇨기과의원,의원,부산,210005,부산북구,"부산광역시 북구 만덕대로 22, 7층 (덕천동, 드림메디칼빌딩)",129.0075603,35.2103495
덕천원내과의원,의원,부산,210005,부산북구,"부산광역시 북구 만덕대로27번길 3, 2층, 5층 (덕천동)",129.0079373,35.2110281
덕천치과의원,치과의원,부산,210005,부산북구,"부산광역시 북구 만덕대로 17, (덕천동)",129.006946,35.2107578
덕천코뿔소정형외과의원,의원,부산,210005,부산북구,"부산광역시 북구 만덕대로 16, 2,3층 (덕천동)",129.0068772,35.2102434
덕천퍼스트치과의원,치과의원,부산,210005,부산북구,"부산광역시 북구 만덕대로 20-1, 나이키랜드 3층 (덕천동)",129.0074203,35.2103748
덕천필피부과의원,의원,부산,210005,부산북구,"부산광역시 북구 만덕대로 22, (덕천동)",129.0075603,35.2103495
덕천한의원,한의원,부산,210005,부산북구,"부산광역시 북구 백양대로 1195, 2층 (구포동)",129.0051069,35.2090603
데르마피부과의원,의원,부산,210009,부산해운대구,"부산광역시 해운대구 해운대로 415, 8층 (우동)",129.1411817,35.1669113
덴큐치과의원,치과의원,부산,210013,부산연제구,"부산광역시 연제구 반송로 12, 5층 (연산동)",129.0827405,35.1866545
덴타피아치과의원,치과의원,부산,210004,부산진구,"부산광역시 부산진구 범일로 135, (범천동)",129.0588827,35.1422042
델타치과의원,치과의원,부산,210009,부산해운대구,"부산광역시 해운대구 좌동순환로 181, 4층 (좌동, 진성빌딩)",129.1760224,35.1779775
도기공안과의원,의원,부산,210007,부산영도구,"부산광역시 영도구 태종로 102, (대교동2가)",129.0419502,35.0911632
도담외과의원,의원,부산,210004,부산진구,"부산광역시 부산진구 새싹로 22-1, 라이프빌리지 2,3층 (부전동)",129.0576686,35.1599048
도담한의원,한의원,부산,210004,부산진구,"부산광역시 부산진구 동평로 98-1, 1,2층 (당감동)",129.0402764,35.1654729
도레미의원,의원,부산,210001,부산남구,"부산광역시 남구 수영로 298, 산암빌딩 6층 (대연동)",129.0990388,35.1365892
도마스이비인후과의원,의원,부산,210001,부산남구,"부산광역시 남구 용호로 189-2, 4층 (용호동)",129.1112128,35.1153152
도마한의원,한의원,부산,210003,부산동래구,"부산광역시 동래구 금강공원로 51, (온천동)",129.0790451,35.2185744
도시치과의원,치과의원,부산,210001,부산남구,"부산광역시 남구 수영로 26, (문현동, 시티프라자 230호)",129.0704552,35.1363127
도원소아청소년과의원,의원,부산,210010,부산사하구,"부산광역시 사하구 다대로 381, (다대동)",128.978584,35.0687275
도원한의원,한의원,부산,210009,부산해운대구,"부산광역시 해운대구 센텀1로 9, E동 304호 (우동, 롯데갤러리움센텀)",129.1310641,35.1676318
도원한의원,한의원,부산,210004,부산진구,"부산광역시 부산진구 전포대로 274, 2층 206,207호 (전포동, 서면대우디오빌2)",129.065803,35.1609334
독수리눈안과의원,의원,부산,210003,부산동래구,"부산광역시 동래구 사직북로 24, 3층 (사직동)",129.0605403,35.1979788
독일미소치과의원,치과의원,부산,210010,부산사하구,"부산광역시 사하구 다대로 247, 406호 (장림동)",128.9775607,35.0803053
돌고래마취통증의학과의원,의원,부산,210011,부산금정구,"부산광역시 금정구 중앙대로 1941, 태일빌딩 4층 (구서동)",129.0910486,35.2575901
동경한의원,한의원,부산,210011,부산금정구,"부산광역시 금정구 금정로 147-1, (장전동)",129.0876639,35.2378099
동구보건소,보건소,부산,210002,부산동구,"부산광역시 동구 구청로 1, (수정동)",129.0453253,35.1292746
동구정형외과의원,의원,부산,210002,부산동구,"부산광역시 동구 수정로 28-1, 2~3층 (수정동)",129.0441529,35.1286457
동국한의원,한의원,부산,210007,부산영도구,"부산광역시 영도구 동삼로 56, 한나타워 209호 (동삼동)",129.0709519,35.0783879
동그라미치과의원,치과의원,부산,210014,부산수영구,"부산광역시 수영구 수영로 697, 7층 (수영동, 홍인빌딩)",129.1157246,35.1678201
동남권원자력의학원원자력병원,종합병원,부산,210100,부산기장군,"부산광역시 기장군 장안읍 좌동길 40, (장안읍)",129.2435492,35.3214002
동남치과의원,치과의원,부산,210010,부산사하구,"부산광역시 사하구 감천로 38, 101동 2층 (감천동, 감천현대아파트 상가)",128.9964374,35.0906805
동남치과의원,치과의원,부산,210009,부산해운대구,"부산광역시 해운대구 해운대로 600, 3층 (우동)",129.1569856,35.1622907
동래나눔과행복병원,정신병원,부산,210013,부산연제구,"부산광역시 연제구 중앙대로 1239, (거제동)",129.0785744,35.1979049
동래로덴치과병원,치과병원,부산,210003,부산동래구,"부산광역시 동래구 충렬대로237번길 3, (수안동)",129.0850796,35.2017145
동래리더스치과의원,치과의원,부산,210003,부산동래구,"부산광역시 동래구 우장춘로 7, 보민빌딩 11층 1101호 (온천동)",129.0696459,35.208727
동래마취통증의학과의원,의원,부산,210003,부산동래구,"부산광역시 동래구 충렬대로 252, (수안동)",129.086672,35.2009322
동래미래로여성의원,의원,부산,210003,부산동래구,"부산광역시 동래구 충렬대로155번길 19, 3층 301호 (온천동)",129.0770949,35.2057897
동래미치과의원,치과의원,부산,210011,부산금정구,"부산광역시 금정구 부곡로 38, 2층 (부곡동)",129.0883938,35.2202033
동래보스톤치과의원,치과의원,부산,210003,부산동래구,"부산광역시 동래구 충렬대로 222, 4층 (수안동)",129.0833198,35.2016245
동래봄산부인과의원,의원,부산,210003,부산동래구,"부산광역시 동래구 동래로 25, 9층 일부호 (온천동)",129.0783424,35.2125513
동래봉생병원,종합병원,부산,210003,부산동래구,"부산광역시 동래구 안연로109번길 27, (안락동)",129.0961356,35.1969224
동래사암한의원,한의원,부산,210003,부산동래구,"부산광역시 동래구 아시아드대로 224, 2층 (온천동, 온천동 대한메디컬)",129.0671915,35.2037321
동래성모병원,병원,부산,210003,부산동래구,"부산광역시 동래구 충렬대로 188, (명륜동)",129.0801814,35.2032587
동래성병년정형외과의원,의원,부산,210003,부산동래구,"부산광역시 동래구 중앙대로 1325, (온천동)",129.0775368,35.2053247
동래센트럴정형외과의원,의원,부산,210003,부산동래구,"부산광역시 동래구 충렬대로 152, 2층 일부호 (온천동)",129.0766381,35.2046475
동래센트럴치과의원,치과의원,부산,210003,부산동래구,"부산광역시 동래구 충렬대로 259, 동호 디시티 5층 (낙민동)",129.0876941,35.2012313
동래손치과의원,치과의원,부산,210003,부산동래구,"부산광역시 동래구 명륜로 161, 3층 301호 (명륜동)",129.0818921,35.2082526
동래아동병원,병원,부산,210003,부산동래구,"부산광역시 동래구 충렬대로 384, (안락동)",129.1002145,35.1970495
동래아트치과의원,치과의원,부산,210003,부산동래구,"부산광역시 동래구 충렬대로 160, 5층 (온천동)",129.0773947,35.2043683
동래어린이치과의원,치과의원,부산,210003,부산동래구,"부산광역시 동래구 온천장로 123-1, 8층 (온천동)",129.084789,35.2217307
동래에이스정형외과의원,의원,부산,210003,부산동래구,"부산광역시 동래구 충렬대로237번길 3, 2,3층 (수안동, 로덴빌딩)",129.0850796,35.2017145
동래우리한의원,한의원,부산,210003,부산동래구,"부산광역시 동래구 충렬대로237번길 31, (수안동)",129.0852923,35.2028957
동래유어스치과의원,치과의원,부산,210003,부산동래구,"부산광역시 동래구 충렬대로 417, (안락동)",129.1040954,35.1967773
동래장천한의원,한의원,부산,210003,부산동래구,"부산광역시 동래구 온천천로 77, 1층 (명륜동)",129.0802025,35.2123882
동래장편한내과의원,의원,부산,210003,부산동래구,"부산광역시 동래구 온천장로 123-1, 2층 (온천동)",129.084789,35.2217307
동래정한방병원,한방병원,부산,210003,부산동래구,"부산광역시 동래구 충렬대로359번길 14, 세원메디칼센터 2~6층 (안락동)",129.0985249,35.1985294
동래주니어치과의원,치과의원,부산,210003,부산동래구,"부산광역시 동래구 충렬대로 384, (안락동)",129.1002145,35.1970495
동래준피부과의원,의원,부산,210003,부산동래구,"부산광역시 동래구 충렬대로 239, 8,9층 802,902호 (수안동, 수안메디컬센터)",129.0856419,35.2016571
동래중앙치과의원,치과의원,부산,210013,부산연제구,"부산광역시 연제구 중앙대로 1108, 2층 (연산동)",129.08199,35.1867464
동래참편한내과의원,의원,부산,210003,부산동래구,"부산광역시 동래구 중앙대로 1523, SK HUB SKY 3층 B3-08호 (온천동)",129.0855308,35.2208431
동래하람의원,의원,부산,210003,부산동래구,"부산광역시 동래구 연안로59번길 105, (안락동)",129.1025211,35.1949133
동래한의원,한의원,부산,210003,부산동래구,"부산광역시 동래구 충렬대로 157-1, 2층 (온천동)",129.0776326,35.2048998
동래현대치과의원,치과의원,부산,210003,부산동래구,"부산광역시 동래구 온천장로 123-1, 7층 (온천동, 드림메디컬)",129.084789,35.2217307
동림한의원,한의원,부산,210013,부산연제구,"부산광역시 연제구 과정로 322, 2층 (연산동)",129.0926262,35.1895852
동명이비인후과의원,의원,부산,210003,부산동래구,"부산광역시 동래구 충렬대로 91, (온천동)",129.0711677,35.2075168
동문소아청소년과의원,의원,부산,210005,부산북구,"부산광역시 북구 덕천로276번길 60, 312,313호 (만덕동, 백양산동문굿모닝힐상가)",129.032675,35.207631
동문치과의원,치과의원,부산,210005,부산북구,"부산광역시 북구 덕천로276번길 60, 308, 309, 310호 (만덕동, 백양산동문굿모닝힐상가)",129.032675,35.207631
동문한의원,한의원,부산,210006,부산서구,"부산광역시 서구 해돋이로 259-1, 2층 (아미동2가)",129.0160599,35.0997547
동문한의원,한의원,부산,210005,부산북구,"부산광역시 북구 덕천로276번길 60, 상가동 2층 211호 (만덕동, 백양산동문굿모닝힐)",129.032675,35.207631
동민한의원,한의원,부산,210001,부산남구,"부산광역시 남구 수영로 340, (대연동)",129.1029533,35.1384594
동방한의원,한의원,부산,210100,부산기장군,"부산광역시 기장군 기장읍 기장해안로 172, 2층 206호",129.2177678,35.1920183
동백한의원,한의원,부산,210009,부산해운대구,"부산광역시 해운대구 아랫반송로 23, 반송새마을금고 3, 4층 (반송동)",129.1487093,35.2251563
동백한의원,한의원,부산,210013,부산연제구,"부산광역시 연제구 거제천로 246, 3층 (연산동)",129.0838139,35.1919663
동보한의원,한의원,부산,210004,부산진구,"부산광역시 부산진구 가야대로765번길 32, (부전동)",129.0553101,35.1592388
동부산정형외과의원,의원,부산,210100,부산기장군,"부산광역시 기장군 기장읍 차성동로 76, (기장읍)",129.2169463,35.2445793
동부한의원,한의원,부산,210004,부산진구,"부산광역시 부산진구 중앙대로 941, 1, 3층 (양정동)",129.0718002,35.1740485
동비한의원,한의원,부산,210011,부산금정구,"부산광역시 금정구 금강로 206-16, 2층 (장전동)",129.0833204,35.2265181
동빈한의원,한의원,부산,210013,부산연제구,"부산광역시 연제구 과정로 139, 2층 (연산동)",129.1068618,35.1837935
동산라벨라의원,의원,부산,210011,부산금정구,"부산광역시 금정구 중앙대로1945번길 12, -1층 (구서동)",129.090621,35.2580907
동산의원,의원,부산,210007,부산영도구,"부산광역시 영도구 태종로 106-1, 2.3층 (영선동1가)",129.042355,35.0910335
동산한의원,한의원,부산,210011,부산금정구,"부산광역시 금정구 중앙대로1945번길 12, 2,3층 (구서동)",129.090621,35.2580907
동산한의원,한의원,부산,210013,부산연제구,"부산광역시 연제구 과정로 144, (연산동)",129.1074059,35.1842747
동선한의원,한의원,부산,210006,부산서구,"부산광역시 서구 충무대로 37-1, (암남동)",129.0167339,35.0789741
동성한의원,한의원,부산,210006,부산서구,"부산광역시 서구 구덕로 312-1, (동대신동2가)",129.0170494,35.1118602
동신외과의원,의원,부산,210011,부산금정구,"부산광역시 금정구 금정로 55, (장전동)",129.0860219,35.2295896
동아대학교대신병원,병원,부산,210006,부산서구,"부산광역시 서구 대신공원로 26, 동아대학교병원 (동대신동3가)",129.0175391,35.1201682
동아대학교병원,상급종합,부산,210006,부산서구,"부산광역시 서구 대신공원로 26, (동대신동3가)",129.0175391,35.1201682
동아마취통증의학과의원,의원,부산,210010,부산사하구,"부산광역시 사하구 낙동대로 445, 7층 (하단동)",128.9697585,35.1046816
동아심혈다하는내과의원,의원,부산,210006,부산서구,"부산광역시 서구 구덕로 95, 2층 (충무동1가)",129.0255203,35.0966656
동아의원,의원,부산,210002,부산동구,"부산광역시 동구 초량로 77, (초량동)",129.034291,35.1201557
동아의원,의원,부산,210011,부산금정구,"부산광역시 금정구 금강로 206-1, 2층 (장전동)",129.0830158,35.2267285
동안비책한의원,한의원,부산,210011,부산금정구,"부산광역시 금정구 중앙대로 1617-12, (부곡동)",129.0904449,35.2295618
동의당한의원,한의원,부산,210003,부산동래구,"부산광역시 동래구 동래로19번길 2, 온천빌딩 1층 (온천동)",129.0781082,35.2128151
동의대부속 한방병원,한방병원,부산,210004,부산진구,"부산광역시 부산진구 양정로 62, 지상2층 일부, 지상3층 일부, 지상9층 전부, 지상10층 일부 (양정동)",129.076514,35.1698203
동의보감한의원,한의원,부산,210100,부산기장군,"부산광역시 기장군 기장읍 차성동로 89, 1층",129.2166373,35.245742
동의부부한의원,한의원,부산,210006,부산서구,"부산광역시 서구 까치고개로 202-1, 2층 (아미동2가)",129.0178942,35.099682
동의서면한의원,한의원,부산,210004,부산진구,"부산광역시 부산진구 새싹로 20, (부전동)",129.0578097,35.1597051
동의치과의원,치과의원,부산,210004,부산진구,"부산광역시 부산진구 양정로 62, 동의의료원, 동의병원, 동의대학교한방병원 4층 (양정동)",129.076514,35.1698203
동인당한의원,한의원,부산,210009,부산해운대구,"부산광역시 해운대구 재송2로 16, 3층 (재송동)",129.1297044,35.1925452
동일치과의원,치과의원,부산,210010,부산사하구,"부산광역시 사하구 감천로 55, (감천동)",128.9987461,35.0905205
동일한의원,한의원,부산,210002,부산동구,"부산광역시 동구 고관로 82-2, (수정동)",129.0448686,35.1263741
동재비뇨기과의원,의원,부산,210001,부산남구,"부산광역시 남구 용호로 144, (용호동)",129.1118589,35.1195269
동제한의원,한의원,부산,210004,부산진구,"부산광역시 부산진구 중앙대로 612, 국제저축은행 7~10층 (범천동)",129.0600008,35.1472614
동주치과의원,치과의원,부산,210004,부산진구,"부산광역시 부산진구 동평로 85, 2층 (당감동)",129.0388398,35.165552
동창당한의원,한의원,부산,210006,부산서구,"부산광역시 서구 까치고개로 204-3, (아미동2가)",129.0183681,35.0995704
동천한의원,한의원,부산,210001,부산남구,"부산광역시 남구 용호로 100, (용호동)",129.112262,35.1234742
동춘당한의원,한의원,부산,210006,부산서구,"부산광역시 서구 흑교로 108, (동대신동1가)",129.0209954,35.1077889
동평한의원,한의원,부산,210004,부산진구,"부산광역시 부산진구 당감서로 71, (당감동)",129.0365512,35.16676
동해치과의원,치과의원,부산,210100,부산기장군,"부산광역시 기장군 기장읍 읍내로 115, 2층 (Mr.피자)",129.2170507,35.2452396
동해한의원,한의원,부산,210005,부산북구,"부산광역시 북구 화명대로 35, 4층 403~404호 (화명동, 신호타워)",129.0119897,35.2351559
동호한의원,한의원,부산,210014,부산수영구,"부산광역시 수영구 수영로741번길 12, (수영동)",129.1208176,35.1685381
동화한의원,한의원,부산,210002,부산동구,"부산광역시 동구 고관로 123, (수정동)",129.047105,35.1296155
동훈한의원,한의원,부산,210002,부산동구,"부산광역시 동구 중앙대로 393, (수정동)",129.0498792,35.1301863
두드림정형외과의원,의원,부산,210009,부산해운대구,"부산광역시 해운대구 세실로 43, 경동코아 2층 (좌동)",129.17845,35.1687646
두드림한의원,한의원,부산,210003,부산동래구,"부산광역시 동래구 아시아드대로 234, (온천동, 반도보라스카이뷰오피스텔304호)",129.0686636,35.204255
두실내과의원,의원,부산,210011,부산금정구,"부산광역시 금정구 중앙대로 1931, 구서동 175-37 2층 (구서동)",129.0910832,35.2567915
두실부부치과의원,치과의원,부산,210011,부산금정구,"부산광역시 금정구 중앙대로 1939, 4층 (구서동)",129.0909982,35.257473
두실정담한의원,한의원,부산,210011,부산금정구,"부산광역시 금정구 중앙대로 1939, 3층 (구서동)",129.0909982,35.257473
두실한의원,한의원,부산,210011,부산금정구,"부산광역시 금정구 중앙대로 1941, 2층 (구서동)",129.0910486,35.2575901
드라마101의원,의원,부산,210014,부산수영구,"부산광역시 수영구 수영로 596, 2,3층 (광안동, 모아크리닉)",129.1136481,35.1589611
드라마피부과의원,의원,부산,210001,부산남구,"부산광역시 남구 분포로 111, (용호동, 엘지메트로시티 2상가 401호)",129.1121446,35.1279925
드로잉의원,의원,부산,210004,부산진구,"부산광역시 부산진구 서면로68번길 15, 4층 (부전동)",129.0585384,35.1562877
드림내과의원,의원,부산,210009,부산해운대구,"부산광역시 해운대구 중동1로 32, 2층 (중동)",129.1627304,35.1625476
드림연합소아청소년과의원,의원,부산,210100,부산기장군,"부산광역시 기장군 정관읍 정관로 395, 401호",129.1660003,35.3341599
드림치주과치과의원,치과의원,부산,210010,부산사하구,"부산광역시 사하구 낙동대로 450, 4층 (당리동)",128.9695379,35.1053889
드림키소아청소년과의원,의원,부산,210004,부산진구,"부산광역시 부산진구 중앙대로 747, 6층 (부전동)",129.0600126,35.1593889
드림키즈치과의원,치과의원,부산,210100,부산기장군,"부산광역시 기장군 정관읍 정관로 569, 정관 제일타워 303호",129.1762601,35.321684
드림패밀리치과의원,치과의원,부산,210001,부산남구,"부산광역시 남구 용호로 54, (용호동)",129.1096584,35.1261619
드림한의원,한의원,부산,210015,부산사상구,"부산광역시 사상구 사상로 289-4, 1층 (덕포동, 정할인마트)",128.9824932,35.1707551
드림한의원,한의원,부산,210013,부산연제구,"부산광역시 연제구 월드컵대로 195, (거제동)",129.0752508,35.1878393
득정형외과의원,의원,부산,210010,부산사하구,"부산광역시 사하구 다대로 302, (장림동)",128.9764678,35.075453
든든한덕모신경외과의원,의원,부산,210011,부산금정구,"부산광역시 금정구 가마실로 21-1, (부곡동)",129.0913767,35.2248517
든든한마취통증의학과의원,의원,부산,210004,부산진구,"부산광역시 부산진구 동평로 106, 4층 일부(401호,402호) (당감동)",129.0411348,35.1655911
든든한의원,한의원,부산,210003,부산동래구,"부산광역시 동래구 사직북로 10-1, 2층 (사직동)",129.0609048,35.1968058
듣는마음이선호정형외과의원,의원,부산,210012,부산강서구,"부산광역시 강서구 명지국제8로 230, 산양타워 3층 303, 304호 (명지동)",128.9178871,35.0979175
듬직한 현내과의원,의원,부산,210013,부산연제구,"부산광역시 연제구 반송로 89, 3층 302호 (연산동)",129.0882978,35.1915381
디데이의원,의원,부산,210008,부산중구,"부산광역시 중구 구덕로34번길 4, 쏠레마빌딩 2층전부, 10층일부 (남포동2가)",129.0322801,35.0982936
디딤돌한의원,한의원,부산,210100,부산기장군,"부산광역시 기장군 기장읍 차성동로67번길 3, (기장읍)",129.2160623,35.2436941
디에르치과의원,치과의원,부산,210004,부산진구,"부산광역시 부산진구 가야대로 795, (부전동)",129.0582254,35.1579904
디에스다솜치과의원,치과의원,부산,210013,부산연제구,"부산광역시 연제구 중앙대로 1091, 제세빌딩 9층 일부호 (연산동)",129.0806502,35.1854186
디에이치성형외과의원,의원,부산,210004,부산진구,"부산광역시 부산진구 가야대로 783, 11,12층 (부전동)",129.0572367,35.15799
디엘의원,의원,부산,210009,부산해운대구,"부산광역시 해운대구 센텀2로 15, 1001호 (우동, 센텀브라이빌딩)",129.1323537,35.1677016
디엘치과의원,치과의원,부산,210001,부산남구,"부산광역시 남구 유엔로 14, 3층 (우암동, 우암센텀메디컬)",129.0797324,35.1256053
디오스치과의원,치과의원,부산,210014,부산수영구,"부산광역시 수영구 수영로 411, 글로리 2층 (남천동)",129.1084027,35.1430059
디올이비인후과의원,의원,부산,210001,부산남구,"부산광역시 남구 수영로 216, 미즈빌딩 1,9층 (대연동)",129.0901151,35.1347824
디움의원,의원,부산,210003,부산동래구,"부산광역시 동래구 반송로 353, 지하1,지상1,2층 (명장동)",129.1048088,35.2103809
디이엔치과의원,치과의원,부산,210011,부산금정구,"부산광역시 금정구 중앙대로 2002-1, 2층 (남산동, 디이엔치과)",129.0922558,35.2629767
디자인성형외과의원,의원,부산,210004,부산진구,"부산광역시 부산진구 가야대로 785, 성영빌딩 10층 (부전동)",129.0574677,35.1581247
디자인의원,의원,부산,210009,부산해운대구,"부산광역시 해운대구 마린시티2로 2, 507~510호 (우동, 마린파크)",129.1442096,35.15934
디자인치과교정과치과의원,치과의원,부산,210008,부산중구,"부산광역시 중구 구덕로 4, (광복동1가)",129.0351408,35.0983145
디지털 진치과의원,치과의원,부산,210006,부산서구,"부산광역시 서구 구덕로 124, 4층 (토성동4가)",129.0227102,35.0967775
디지털닥터정치과의원,치과의원,부산,210001,부산남구,"부산광역시 남구 분포로 145, 2077호 (용호동, 더블유)",129.1126448,35.1337125
디지털아트치과의원,치과의원,부산,210004,부산진구,"부산광역시 부산진구 부전로 79, 동아빌딩 1,2,3층 (부전동)",129.0544683,35.1571272
디킴스피부과의원,의원,부산,210011,부산금정구,"부산광역시 금정구 중앙대로 1937, 3층 (구서동)",129.0910578,35.2573214
따뜻한 한의원,한의원,부산,210001,부산남구,"부산광역시 남구 진남로 205-1, (문현동)",129.0764871,35.1442209
따뜻한청진기내과의원,의원,부산,210014,부산수영구,"부산광역시 수영구 남천동로 36, 3층 (남천동)",129.1116528,35.1412164
따뜻할 온 한의원,한의원,부산,210100,부산기장군,"부산광역시 기장군 기장읍 차성로 434, 2층 202호",129.2176036,35.254246
따스한봄날한의원,한의원,부산,210003,부산동래구,"부산광역시 동래구 사직로 80, 223동 101호 (사직동, 사직 쌍용 예가)",129.0557802,35.1969782
똑똑1층한의원,한의원,부산,210013,부산연제구,"부산광역시 연제구 중앙대로 1043, 1층 일부호 (연산동)",129.0778309,35.181762
똑똑재활의학과의원,의원,부산,210009,부산해운대구,"부산광역시 해운대구 해운대로 814, 세종월드프라자 A동 501-1 일부호 (좌동)",129.1776778,35.1695768
라띠엔느의원,의원,부산,210009,부산해운대구,"부산광역시 해운대구 센텀3로 20, 벡스코 비지니스호텔 203호 (우동)",129.1329585,35.1678901
라라정신건강의학과의원,의원,부산,210013,부산연제구,"부산광역시 연제구 중앙대로 1077, 상계빌딩 6,7층 (연산동)",129.0798349,35.184312
라라피부과의원,의원,부산,210009,부산해운대구,"부산광역시 해운대구 APEC로 17, 센텀리더스마크 405~412호 (우동)",129.1324308,35.1659261
라온셀의원,의원,부산,210009,부산해운대구,"부산광역시 해운대구 중동1로 11, 우1동우체국 8층 (우동)",129.1611758,35.1639638
라온치과의원,치과의원,부산,210011,부산금정구,"부산광역시 금정구 금강로 429-1, 해금빌딩 4층 (구서동)",129.088654,35.2459372
라이프치과의원,치과의원,부산,210009,부산해운대구,"부산광역시 해운대구 중동1로 17, (중동)",129.1618527,35.1635378
라이프케어부산의료복지사회적협동조합 라이프케어부산한의원,한의원,부산,210005,부산북구,"부산광역시 북구 와석장터로 16, 아이쿱생협부산센터 2층 일부 (화명동)",129.0158144,35.2354249
라인업치과병원,치과병원,부산,210004,부산진구,"부산광역시 부산진구 서면문화로 26, 3~4층 (부전동)",129.0563278,35.1597052
라인정형외과의원,의원,부산,210001,부산남구,"부산광역시 남구 유엔로 14, 우암 센텀 메디컬 4,5층 (우암동)",129.0797324,35.1256053
라인즈치과의원,치과의원,부산,210100,부산기장군,"부산광역시 기장군 일광읍 해빛1로 5, 3층",129.2257858,35.2659629
라임부부치과의원,치과의원,부산,210003,부산동래구,"부산광역시 동래구 중앙대로 1325, (온천동, 이센타워11층)",129.0775368,35.2053247
라임비뇨기과의원,의원,부산,210002,부산동구,"부산광역시 동구 중앙대로 383, 동부 메디칼센터 (수정동)",129.0490939,35.1295419
라임소아청소년과의원,의원,부산,210009,부산해운대구,"부산광역시 해운대구 마린시티2로 2, 706호 (우동, 마린파크)",129.1442096,35.15934
라치과의원,치과의원,부산,210004,부산진구,"부산광역시 부산진구 백양대로320번길 4, 7층 701호 (개금동)",129.0166253,35.1542264
라파요양병원,요양병원,부산,210010,부산사하구,"부산광역시 사하구 다대로 544, 3-4층 (다대동, 진요빌딩)",128.9709781,35.0578274
란치과의원,치과의원,부산,210014,부산수영구,"부산광역시 수영구 수영로 607, (광안동)",129.1133481,35.1599669
래미안치과의원,치과의원,부산,210011,부산금정구,"부산광역시 금정구 금정로 35, 2층 (장전동)",129.0857838,35.2278449
래미안치과의원,치과의원,부산,210004,부산진구,"부산광역시 부산진구 새싹로 212, 2층 일부층 (초읍동)",129.0490208,35.1751514
램브란트치과의원,치과의원,부산,210005,부산북구,"부산광역시 북구 만덕대로 18, 금샘빌딩 8층 (덕천동)",129.0071035,35.2103352
럭키치과의원,치과의원,부산,210003,부산동래구,"부산광역시 동래구 충렬대로107번길 54, 상가동 301호 (온천동, 럭키아파트)",129.0748927,35.2086542
레아의원,의원,부산,210014,부산수영구,"부산광역시 수영구 수영로 389, 2층 205~209호 (남천동, 더샵 남천프레스티지)",129.1058029,35.1416738
레알성형외과의원,의원,부산,210004,부산진구,"부산광역시 부산진구 동평로 410, 3층 (양정동)",129.0694948,35.1735944
레이필의원,의원,부산,210004,부산진구,"부산광역시 부산진구 서면로 66, 3층 (부전동)",129.0580143,35.1566177
레전드이비인후과의원,의원,부산,210001,부산남구,"부산광역시 남구 수영로 151-1, 3층 (대연동)",129.083275,35.1348596
레진치과의원,치과의원,부산,210001,부산남구,"부산광역시 남구 용호로 48, 대성빌딩 2층 (용호동)",129.1091537,35.1263992
로담한의원,한의원,부산,210004,부산진구,"부산광역시 부산진구 가야대로 785, 인제메디컬센터 7층일부층 (부전동)",129.0574677,35.1581247
로덴치과의원,치과의원,부산,210005,부산북구,"부산광역시 북구 금곡대로 366, 4층 (화명동, 대천빌딩)",129.014286,35.2410512
로덴치과의원,치과의원,부산,210007,부산영도구,"부산광역시 영도구 동삼로 61, 지상2층 (동삼동)",129.0702696,35.0787729
로덴치과의원,치과의원,부산,210001,부산남구,"부산광역시 남구 분포로 113, 1005동 302호 (용호동, 엘지메트로시티주상가)",129.109571,35.129786
로덴치과의원,치과의원,부산,210001,부산남구,"부산광역시 남구 수영로 241, 9층 (대연동)",129.0929573,35.1353763
로덴치과의원,치과의원,부산,210014,부산수영구,"부산광역시 수영구 연수로 419, (수영동)",129.1148216,35.1678272
로덴치과의원,치과의원,부산,210004,부산진구,"부산광역시 부산진구 동천로 70, 409호 (전포동, 쌍용플래티넘)",129.0626551,35.1549596
"로덴치과의원(경성대,부경대점)",치과의원,부산,210001,부산남구,"부산광역시 남구 용소로 7, (대연동, 청라빌딩 5,6층)",129.1006276,35.1366808
로뎀소아청소년과의원,의원,부산,210009,부산해운대구,"부산광역시 해운대구 해운대로 365, 8층 (우동)",129.1374368,35.1704318
로뎀치과의원,치과의원,부산,210005,부산북구,"부산광역시 북구 덕천로 302, 3층 (만덕동)",129.036862,35.209351
로아르피부과의원,의원,부산,210011,부산금정구,"부산광역시 금정구 금강로 441, 이강빌딩 5층 (구서동)",129.0887076,35.2469781
로앤산부인과의원,의원,부산,210004,부산진구,"부산광역시 부산진구 서면로 74, 2층 203호 (부전동, 아이온시티)",129.0581339,35.1570677
로얄키즈소아청소년과의원,의원,부산,210009,부산해운대구,"부산광역시 해운대구 양운로 82, 604호 (좌동, 화인크리닉센터)",129.1755732,35.1704651
로운치과의원,치과의원,부산,210001,부산남구,"부산광역시 남구 분포로 145, 스퀘어동 2087-2호 (용호동, 더블유)",129.1126448,35.1337125
로즈여성의원,의원,부산,210008,부산중구,"부산광역시 중구 구덕로 40, (남포동2가)",129.0315676,35.0984623
루르드성모의원,의원,부산,210013,부산연제구,"부산광역시 연제구 중앙대로 1091, 제세빌딩 4층 401호 (연산동)",129.0806502,35.1854186
루이송의원,의원,부산,210004,부산진구,"부산광역시 부산진구 가야대로 783, 2층,4층 (부전동)",129.0572367,35.15799
류내과의원,의원,부산,210004,부산진구,"부산광역시 부산진구 가야대로 454, (개금동)",129.021683,35.1529094
류마리스내과의원,의원,부산,210010,부산사하구,"부산광역시 사하구 낙동대로 466, (하단동)",128.9687251,35.1064241
류마본내과의원,의원,부산,210005,부산북구,"부산광역시 북구 백양대로 1200, 4층 401호 (덕천동, 정수빌딩)",129.0058219,35.2093621
류마부산김승영내과의원,의원,부산,210002,부산동구,"부산광역시 동구 중앙대로 197, (초량동)",129.0392211,35.1151156
류마앤내과의원,의원,부산,210003,부산동래구,"부산광역시 동래구 충렬대로 259, 동호 디시티 4층 (낙민동)",129.0876941,35.2012313
류마이준희내과의원,의원,부산,210004,부산진구,"부산광역시 부산진구 가야대로 785, 3층 (부전동)",129.0574677,35.1581247
류마이지내과의원,의원,부산,210009,부산해운대구,"부산광역시 해운대구 반여로41번길 54, 꿈의메디컬 3, 4층 (반여동)",129.1189716,35.1975199
류마조인트내과의원,의원,부산,210002,부산동구,"부산광역시 동구 중앙대로 383, 4층 (수정동, 메디칼센터)",129.0490939,35.1295419
류마참내과의원,의원,부산,210001,부산남구,"부산광역시 남구 수영로 240-1, 5층 (대연동, 이지스퀘어빌딩)",129.0930379,35.1349339
류마통내과의원,의원,부산,210011,부산금정구,"부산광역시 금정구 중앙대로 2027, 새생명빌딩 3층 (남산동)",129.0921098,35.2654608
류마편한내과의원,의원,부산,210003,부산동래구,"부산광역시 동래구 충렬대로 160, 지하1, 지상3층 (온천동)",129.0773947,35.2043683
류비뇨의학과의원,의원,부산,210004,부산진구,"부산광역시 부산진구 중앙대로 930, 3층 (양정동)",129.0714814,35.1727193
류상효신경과의원,의원,부산,210001,부산남구,"부산광역시 남구 수영로 240, 정성약국 2층 (대연동)",129.0928712,35.1349234
류승주한의원,한의원,부산,210009,부산해운대구,"부산광역시 해운대구 센텀2로 28, 2층 202호 (우동)",129.1327004,35.1663585
류인열내과의원,의원,부산,210003,부산동래구,"부산광역시 동래구 충렬대로359번길 62, (안락동)",129.0996521,35.2004849
류정신건강의학과 의원,의원,부산,210010,부산사하구,"부산광역시 사하구 낙동대로 447, 6층 (하단동)",128.9695128,35.1048195
류청창앤이희정정형외과소아청소년과의원,의원,부산,210004,부산진구,"부산광역시 부산진구 당감로 38, 2,3,4층 (당감동)",129.0394835,35.1650565
류청치과의원,치과의원,부산,210011,부산금정구,"부산광역시 금정구 중앙대로1929번길 11, 4층 (구서동, 유림빌딩)",129.0904968,35.2563064
르네상스의원,의원,부산,210003,부산동래구,"부산광역시 동래구 충렬대로 244, 2층 (수안동, 신동빌딩)",129.0856935,35.2011751
르노코리아부속의원,의원,부산,210012,부산강서구,"부산광역시 강서구 르노삼성대로 61, (신호동)",128.8832153,35.095408
리네이처의원,의원,부산,210003,부산동래구,"부산광역시 동래구 사직북로 21, 3층 (사직동)",129.0602486,35.1977084
리노보의원,의원,부산,210004,부산진구,"부산광역시 부산진구 서면로 25, 삼한개발주식회사 6층 (부전동)",129.0572817,35.1529575
리뉴미피부과의원,의원,부산,210004,부산진구,"부산광역시 부산진구 가야대로 769, ABC메디컬센터 3,6층 (부전동)",129.0557793,35.1580057
리더스차치과의원,치과의원,부산,210011,부산금정구,"부산광역시 금정구 중앙대로 1727, (부곡동)",129.0921434,35.2385973
리더스치과의원,치과의원,부산,210012,부산강서구,"부산광역시 강서구 명지국제8로 254, 402호 (명지동)",128.9205491,35.0976878
리더스치과의원,치과의원,부산,210006,부산서구,"부산광역시 서구 대영로 54, 3층,6층 (서대신동1가, 대신메디컬센터)",129.0173389,35.1096821
리더스치과의원,치과의원,부산,210005,부산북구,"부산광역시 북구 만덕대로 20, (덕천동)",129.0072857,35.2103496
리베라치과의원,치과의원,부산,210009,부산해운대구,"부산광역시 해운대구 구남로29번길 26, 4층 (중동, 해운빌딩)",129.1619558,35.1622657
리본마취통증의학과의원,의원,부산,210001,부산남구,"부산광역시 남구 수영로 323, 태강프라자 2층 202호 (대연동)",129.1010282,35.1382148
리샘한의원,한의원,부산,210004,부산진구,"부산광역시 부산진구 중앙대로 747, 그린메디컬센터 4층 (부전동)",129.0600126,35.1593889
리셋치과의원,치과의원,부산,210004,부산진구,"부산광역시 부산진구 가야대로 753, 부전동 메디컬센터 12,13층 (부전동)",129.0540228,35.1579516
리스본병원,병원,부산,210013,부산연제구,"부산광역시 연제구 중앙대로 1090, 프라임시티 9~11, 13층 일부호 (연산동)",129.0810539,35.184791
리안산부인과의원,의원,부산,210003,부산동래구,"부산광역시 동래구 충렬대로 222, 5층 (수안동)",129.0833198,35.2016245
리안성모안과의원,의원,부산,210009,부산해운대구,"부산광역시 해운대구 해운대로 650, 201동 401호 (우동)",129.1613426,35.1646577
리안성형외과의원,의원,부산,210004,부산진구,"부산광역시 부산진구 서면로 57, 3,4층 (부전동)",129.0575658,35.155795
리앤박정신건강의학과의원,의원,부산,210013,부산연제구,"부산광역시 연제구 중앙대로 1114, (연산동, 4층 일부)",129.0816702,35.1870461
리앤치과의원,치과의원,부산,210002,부산동구,"부산광역시 동구 중앙대로 517, (범일동)",129.0562134,35.139427
리앤킴이비인후과의원,의원,부산,210010,부산사하구,"부산광역시 사하구 낙동대로 248, 우리메디칼센터 5층 (괴정동)",128.9898938,35.0995551
리엔하이피부과의원,의원,부산,210009,부산해운대구,"부산광역시 해운대구 해운대로 624, (우동)",129.1592545,35.1635728
리오라여성의원,의원,부산,210004,부산진구,"부산광역시 부산진구 중앙대로 736, 3,6,7층 (부전동)",129.0599753,35.1582541
리오성형외과의원,의원,부산,210004,부산진구,"부산광역시 부산진구 부전로66번길 34, 3,4층 (부전동)",129.0565417,35.1557462
리온의원,의원,부산,210001,부산남구,"부산광역시 남구 수영로 364, 6층 (대연동)",129.1053498,35.1394227
리우내과의원,의원,부산,210013,부산연제구,"부산광역시 연제구 중앙대로 1085, 오오빌딩 3층 (연산동)",129.0803159,35.184889
리저브성형외과의원,의원,부산,210004,부산진구,"부산광역시 부산진구 서면로 64, 청석빌딩 2층 (부전동)",129.0580718,35.1564715
리젠재활의학과의원,의원,부산,210009,부산해운대구,"부산광역시 해운대구 해운대로 413, 3~4층 (우동)",129.1409576,35.1671171
리젤마취통증의학과의원,의원,부산,210004,부산진구,"부산광역시 부산진구 새싹로 22-1, 라이프빌리지 5,6층 (부전동)",129.0576686,35.1599048
리조이스치과의원,치과의원,부산,210014,부산수영구,"부산광역시 수영구 수영로 630, 5층 (광안동)",129.1142523,35.1617709
리쥬미의원,의원,부산,210013,부산연제구,"부산광역시 연제구 중앙대로 1107, 9층 (연산동)",129.0809947,35.1866707
리쥬브의원,의원,부산,210009,부산해운대구,"부산광역시 해운대구 센텀2로 25, 센텀드림월드 1003호 (우동)",129.132947,35.1669544
리쥬브포맨의원,의원,부산,210004,부산진구,"부산광역시 부산진구 중앙대로 747, 2층 (부전동)",129.0600126,35.1593889
리즈김상식안과의원,의원,부산,210005,부산북구,"부산광역시 북구 만덕대로 18, 금샘빌딩 5층 (덕천동)",129.0071035,35.2103352
리즈온의원,의원,부산,210004,부산진구,"부산광역시 부산진구 가야대로 783, 15층 (부전동)",129.0572367,35.15799
리즈의원,의원,부산,210009,부산해운대구,"부산광역시 해운대구 센텀2로 25, 센텀드림월드 302호 (우동)",129.132947,35.1669544
리즈인여성의원,의원,부산,210004,부산진구,"부산광역시 부산진구 새싹로 22-1, 라이프빌리지 7~9층 (부전동)",129.0576686,35.1599048
리즈정신건강의학과의원,의원,부산,210001,부산남구,"부산광역시 남구 수영로 182-1, (대연동, 리즈메디칼4층)",129.0865615,35.1345804
리치치과의원,치과의원,부산,210009,부산해운대구,"부산광역시 해운대구 구남로 27, (중동)",129.1608933,35.1617604
리치치과의원,치과의원,부산,210014,부산수영구,"부산광역시 수영구 연수로315번길 16, 403-405호 (망미동, 더샵파크리치상가)",129.1065824,35.1733812
리팅성형외과의원,의원,부산,210004,부산진구,"부산광역시 부산진구 범일로 177, 에이플러스에셋부산빌딩 2,3층 (범천동)",129.0589004,35.1458009
리플란트치과의원,치과의원,부산,210004,부산진구,"부산광역시 부산진구 중앙대로 698, 5층 (부전동, 동강빌딩)",129.0594774,35.1550341
릴리프여성의원,의원,부산,210015,부산사상구,"부산광역시 사상구 사상로 200, 엠시티빌딩 9층 (괘법동)",128.9846023,35.1629712
마더즈의원,의원,부산,210003,부산동래구,"부산광역시 동래구 충렬대로 222, 9~15층 (수안동)",129.0833198,35.2016245
마디사랑정형외과의원,의원,부산,210013,부산연제구,"부산광역시 연제구 월드컵대로 24, 2층 (연산동)",129.0860253,35.1769359
마디튼튼프롤러의원,의원,부산,210001,부산남구,"부산광역시 남구 수영로 182-1, (대연동)",129.0865615,35.1345804
마디호한의원,한의원,부산,210009,부산해운대구,"부산광역시 해운대구 선수촌로 94, 대룡빌딩 302호 (반여동)",129.1195631,35.2021038
마리나메디컬의원,의원,부산,210009,부산해운대구,"부산광역시 해운대구 해운대해변로 154, 5층 (우동)",129.1485263,35.1581115
마리나웰치과의원,치과의원,부산,210009,부산해운대구,"부산광역시 해운대구 해운대해변로 117, 상가동 2층 207호 (우동, 대우마리나1차아파트)",129.146599,35.1603177
마리나정형외과의원,의원,부산,210009,부산해운대구,"부산광역시 해운대구 아랫반송로 12, 6~9층 (반송동)",129.1471653,35.2253583
마리안여성의원,의원,부산,210005,부산북구,"부산광역시 북구 만덕대로 17, 6층 (덕천동)",129.006946,35.2107578
마리여성의원,의원,부산,210001,부산남구,"부산광역시 남구 수영로 297, 동남CATV 4층 (대연동)",129.0986524,35.1370387
마린성형외과의원,의원,부산,210009,부산해운대구,"부산광역시 해운대구 구남로29번길 32, 3층 (중동, 해운대빌딩)",129.1621275,35.1623863
마린시티내과의원,의원,부산,210009,부산해운대구,"부산광역시 해운대구 마린시티2로 2, 701~3호 (우동, 마린파크)",129.1442096,35.15934
마린시티신경과의원,의원,부산,210009,부산해운대구,"부산광역시 해운대구 마린시티2로 2, 601~603호 (우동, 마린파크)",129.1442096,35.15934
마린시티치과교정과치과의원,치과의원,부산,210009,부산해운대구,"부산광역시 해운대구 마린시티2로 2, 1605호 (우동, 마린파크)",129.1442096,35.15934
마린안과의원,의원,부산,210009,부산해운대구,"부산광역시 해운대구 마린시티2로 2, 707~9호 (우동, 마린파크)",129.1442096,35.15934
마린플란트치과의원,치과의원,부산,210015,부산사상구,"부산광역시 사상구 사상로 194, 괘법동 메디컬센터 4,5,6,7층 (괘법동)",128.9847721,35.1625689
마린한의원,한의원,부산,210009,부산해운대구,"부산광역시 해운대구 마린시티2로 2, 마린파크 714~5호 (우동)",129.1442096,35.15934
마스터영상의학과의원,의원,부산,210004,부산진구,"부산광역시 부산진구 새싹로 19, 1층 일부, 2층, 10층, 12층 일부 (부전동)",129.0573082,35.159495
마음소아청소년과의원,의원,부산,210013,부산연제구,"부산광역시 연제구 아시아드대로 79, 5층 일부호 (거제동)",129.0669549,35.1915766
마음에청진기가정의학과의원,의원,부산,210012,부산강서구,"부산광역시 강서구 명지국제8로 243, 302호 (명지동)",128.9195119,35.098413
마음연정신건강의학과의원,의원,부산,210013,부산연제구,"부산광역시 연제구 중앙대로 1091, 제세빌딩 13층 1301호 (연산동)",129.0806502,35.1854186
마음온정신건강의학과의원,의원,부산,210004,부산진구,"부산광역시 부산진구 새싹로 10-1, (부전동)",129.0583766,35.1590602
마음웰치과의원,치과의원,부산,210008,부산중구,"부산광역시 중구 구덕로 40, 10층 (남포동2가)",129.0315676,35.0984623
마음의정원 정신건강의학과의원,의원,부산,210003,부산동래구,"부산광역시 동래구 충렬대로 152, 3층 303호 (온천동)",129.0766381,35.2046475
마음인정신건강의학과의원,의원,부산,210004,부산진구,"부산광역시 부산진구 중앙대로 707, 10층 (부전동)",129.0588017,35.1558472
마음청한의원,한의원,부산,210014,부산수영구,"부산광역시 수영구 수영로 695, 1층 (수영동)",129.1156407,35.1677092
마음튼튼정신건강의학과의원,의원,부산,210015,부산사상구,"부산광역시 사상구 사상로 194, 괘법동 메디컬센터 9층 (괘법동)",128.9847721,35.1625689
마음편안한의원,한의원,부산,210013,부산연제구,"부산광역시 연제구 연수로 214, 3층 (연산동)",129.0939979,35.1734705
마이본정형외과의원,의원,부산,210005,부산북구,"부산광역시 북구 만덕대로 43, 복음항외과빌딩 3층 (덕천동)",129.009647,35.2114478
마이비한의원,한의원,부산,210003,부산동래구,"부산광역시 동래구 반송로339번길 2, (명장동,2층)",129.1035632,35.2098239
마이비한의원,한의원,부산,210015,부산사상구,"부산광역시 사상구 엄궁북로 19, 2층 (엄궁동)",128.9726281,35.1286479
마이플한의원,한의원,부산,210004,부산진구,"부산광역시 부산진구 중앙대로691번길 5, 4, 6(일부)층 (부전동)",129.0586786,35.1542912
마인드풀정신건강의학과의원,의원,부산,210014,부산수영구,"부산광역시 수영구 수영로 699, 8층 801호 (수영동, 수영동디온플레이스)",129.1158563,35.1678979
마주봄치과의원,치과의원,부산,210012,부산강서구,"부산광역시 강서구 명지국제8로 269, 202~204호 (명지동)",128.92243,35.0981159
만덕속시원내과의원,의원,부산,210005,부산북구,"부산광역시 북구 만덕1로10번길 2, 2,3층 (만덕동)",129.0365123,35.2142176
만덕연세비앤이치과의원,치과의원,부산,210005,부산북구,"부산광역시 북구 만덕1로 34, (만덕동)",129.0338694,35.2144719
만덕치과의원,치과의원,부산,210005,부산북구,"부산광역시 북구 덕천로 310, 4층 (만덕동)",129.0378073,35.2092841
만덕탑치과의원,치과의원,부산,210005,부산북구,"부산광역시 북구 만덕3로 58, 5층 (만덕동)",129.0292985,35.2109846
만덕한의원,한의원,부산,210005,부산북구,"부산광역시 북구 은행나무로 13, 2층 (만덕동)",129.0376293,35.2082797
만세한의원,한의원,부산,210011,부산금정구,"부산광역시 금정구 서부곡로 2, 1층 (부곡동)",129.0915406,35.225959
만제한의원,한의원,부산,210004,부산진구,"부산광역시 부산진구 백양관문로 3, (개금동)",129.0311601,35.1594433
맑고고운의원,의원,부산,210009,부산해운대구,"부산광역시 해운대구 해운대로 650, 201동 501호 일부호 (우동, 해운대 센트럴 푸르지오)",129.1612447,35.164601
맑은누리한의원,한의원,부산,210003,부산동래구,"부산광역시 동래구 충렬대로237번길 23, 1층,2층일부,3층 (수안동)",129.0851749,35.2026442
맑은미소치과의원,치과의원,부산,210015,부산사상구,"부산광역시 사상구 백양대로 945, 2층 (모라동)",128.9915338,35.1906074
맑은샘가정의학과의원,의원,부산,210011,부산금정구,"부산광역시 금정구 식물원로39번길 26, 101,201호 (장전동)",129.0836169,35.2236518
맑은샘내과의원,의원,부산,210009,부산해운대구,"부산광역시 해운대구 윗반송로 68, 2층 (반송동)",129.1570485,35.2301295
맑은샘이비인후과의원,의원,부산,210012,부산강서구,"부산광역시 강서구 명지국제8로 230, 산양타워 5층 503호 (명지동)",128.9178871,35.0979175
맑은솔이비인후과의원,의원,부산,210001,부산남구,"부산광역시 남구 수영로 260, 백리명가 2층 211호 (대연동)",129.0952329,35.1351378
맑은숨이비인후과의원,의원,부산,210009,부산해운대구,"부산광역시 해운대구 좌동순환로 505, 601호, 602-1호 (중동)",129.1682073,35.165667
맑은숲고든몸한의원,한의원,부산,210005,부산북구,"부산광역시 북구 화명대로 40, 현천휴먼 타워 3층, 6층 (화명동)",129.0123598,35.234456
맑은숲구구팔한의원,한의원,부산,210014,부산수영구,"부산광역시 수영구 수영로 697, 홍인빌딩 3,4층 (수영동)",129.1157246,35.1678201
맑은유비뇨기과의원,의원,부산,210015,부산사상구,"부산광역시 사상구 낙동대로 786, 502호 (엄궁동)",128.9720865,35.1307295
맑은의원,의원,부산,210005,부산북구,"부산광역시 북구 화명신도시로 127, 7층 (화명동)",129.0106119,35.2353428
맑은이비인후과의원,의원,부산,210004,부산진구,"부산광역시 부산진구 동평로 108-1, 백양메디컬센터 2층 202호 (당감동)",129.0413744,35.1656564
맑은정신건강의학과의원,의원,부산,210010,부산사하구,"부산광역시 사하구 낙동남로 1392, (하단동)",128.9638445,35.1058699
맑은피부과의원,의원,부산,210006,부산서구,"부산광역시 서구 보수대로 9, 2층 201호 (충무동1가)",129.0249139,35.0976617
맑을청한의원,한의원,부산,210014,부산수영구,"부산광역시 수영구 광서로 4, 2층 (광안동)",129.1140508,35.1641078
맘모스소아청소년과의원,의원,부산,210003,부산동래구,"부산광역시 동래구 충렬대로155번길 19, 2층 202호 (온천동)",129.0770949,35.2057897
맘모스의원,의원,부산,210007,부산영도구,"부산광역시 영도구 태종로 325-1, 1층 (청학동)",129.0615904,35.0967401
맘편한내과의원,의원,부산,210005,부산북구,"부산광역시 북구 백양대로 1202, (덕천동)",129.005941,35.2097118
맘편한정신건강의학과의원,의원,부산,210003,부산동래구,"부산광역시 동래구 명륜로 90, 호원메디컬 5층 (수안동)",129.0840935,35.2022612
매그넘의원,의원,부산,210003,부산동래구,"부산광역시 동래구 중앙대로 1523, SK HUB SKY 2층 A2-14일부, A2-15~17전체호 (온천동)",129.0855308,35.2208431
매일본정형외과의원,의원,부산,210003,부산동래구,"부산광역시 동래구 충렬대로 219, 마노 2,3,6층 (명륜동)",129.0832741,35.2023046
매일여는한의원,한의원,부산,210012,부산강서구,"부산광역시 강서구 명지국제8로 254, 시온플라자 2층 201호 (명지동)",128.9205491,35.0976878
맥치과의원 명지점,치과의원,부산,210012,부산강서구,"부산광역시 강서구 명지국제5로 42, 동진빌딩 5층 (명지동)",128.9202536,35.0976753
맥피부과의원,의원,부산,210010,부산사하구,"부산광역시 사하구 낙동대로 209, (괴정동)",128.9939322,35.1001185
맥한의원,한의원,부산,210009,부산해운대구,"부산광역시 해운대구 해운대해변로 83, 404호 (우동, 경남마리나상가)",129.1423237,35.1616441
맨앤우먼비뇨의학과의원,의원,부산,210004,부산진구,"부산광역시 부산진구 서면문화로 8, 8층 (부전동, 목원빌딩)",129.0578741,35.1586762
맨즈업남성의원,의원,부산,210004,부산진구,"부산광역시 부산진구 가야대로 781-1, 2층 (부전동)",129.0571179,35.1580275
맨하탄치과의원,치과의원,부산,210011,부산금정구,"부산광역시 금정구 중앙대로 1717, (부곡동)",129.0919971,35.2377556
메가마취통증의학과의원,의원,부산,210003,부산동래구,"부산광역시 동래구 충렬대로 197, 메가마트 동래점 2층 일부호 (명륜동)",129.0811356,35.2046412
메드윌병원,병원,부산,210011,부산금정구,"부산광역시 금정구 중앙대로 1951, (구서동, 메드월병원)",129.0909617,35.2585111
메디스치과의원,치과의원,부산,210001,부산남구,"부산광역시 남구 수영로 295, 4층 (대연동)",129.0983236,35.1369934
메디스치과의원,치과의원,부산,210004,부산진구,"부산광역시 부산진구 가야대로 783, 7층 (부전동)",129.0572367,35.15799
메디스치과의원,치과의원,부산,210014,부산수영구,"부산광역시 수영구 수영로 710, 2층 (광안동)",129.1170529,35.1677479
메디신마취통증의학과의원,의원,부산,210014,부산수영구,"부산광역시 수영구 수영로 400, 3층 (남천동)",129.1072814,35.1418093
메디아트의원,의원,부산,210001,부산남구,"부산광역시 남구 수영로 304, 4층 401호 일부호 (대연동, 대승타워)",129.0995214,35.1367995
메디오의원,의원,부산,210006,부산서구,"부산광역시 서구 충무대로 8, 2,3층 233,307-3,307-5호 (암남동, 기산비치타운)",129.0164834,35.0764184
메디우먼여성의원,의원,부산,210009,부산해운대구,"부산광역시 해운대구 해운대로 602, 해피투모로우마린 2, 4, 5층 (우동)",129.1572157,35.162224
메디칼1307의원,의원,부산,210100,부산기장군,"부산광역시 기장군 정관읍 용수로 10, 2,3층",129.1797922,35.325539
메디칼마취통증의학과신경외과의원,의원,부산,210004,부산진구,"부산광역시 부산진구 가야대로 767-1, 12층 (부전동, 원광메디칼센타)",129.0556427,35.1580254
메디칼안과의원,의원,부산,210001,부산남구,"부산광역시 남구 동명로 137, 2층 (용호동, 원진빌딩)",129.1118871,35.119862
메디칼이비인후과의원,의원,부산,210004,부산진구,"부산광역시 부산진구 가야대로 767-1, (부전동)",129.0556427,35.1580254
메디칼치과의원,치과의원,부산,210004,부산진구,"부산광역시 부산진구 가야대로 767, 9층 (부전동, 서면메디칼센터)",129.0555001,35.1580587
메디칼항외과의원,의원,부산,210004,부산진구,"부산광역시 부산진구 가야대로 767-1, (부전동)",129.0556427,35.1580254
메디컬블룸한의원,한의원,부산,210009,부산해운대구,"부산광역시 해운대구 센텀2로 25, 센텀드림월드 602호 (우동)",129.132947,35.1669544
메디포맨남성의원,의원,부산,210004,부산진구,"부산광역시 부산진구 범일로 190, (범천동)",129.0599648,35.1469534
메리놀의원,의원,부산,210004,부산진구,"부산광역시 부산진구 당감서로 87, (당감동)",129.036538,35.16821
메리놀피부과의원,의원,부산,210003,부산동래구,"부산광역시 동래구 금강공원로 5, 2층 (온천동)",129.0837259,35.2181668
메리트치과의원,치과의원,부산,210008,부산중구,"부산광역시 중구 흑교로 6, 2층 (부평동2가)",129.0252799,35.0999237
메이성형외과의원,의원,부산,210004,부산진구,"부산광역시 부산진구 서면로 66, 5,6층 (부전동)",129.0580143,35.1566177
메이준피부과의원,의원,부산,210013,부산연제구,"부산광역시 연제구 반송로 89, 3층 301호 (연산동)",129.0882978,35.1915381
메이퓨어의원,의원,부산,210005,부산북구,"부산광역시 북구 만덕대로 16, 8층 (덕천동)",129.0068772,35.2102434
메타한방병원,한방병원,부산,210004,부산진구,"부산광역시 부산진구 중앙대로 653, DR에코시티 2~4층, 5층 일부 (부전동)",129.058863,35.150977
메트로성모안과의원,의원,부산,210001,부산남구,"부산광역시 남구 분포로 113, 1005동 5층 1호 (용호동, 엘지메트로시티아파트)",129.109571,35.129786
메트로적추병원,병원,부산,210014,부산수영구,"부산광역시 수영구 수영로 390-1, (남천동)",129.1075375,35.141148
멘파워비뇨기과의원,의원,부산,210004,부산진구,"부산광역시 부산진구 가야대로 472, 보문빌딩 8층 (개금동)",129.0236035,35.1529246
멜비유의원,의원,부산,210009,부산해운대구,"부산광역시 해운대구 센텀2로 28, 203호 (우동)",129.1327004,35.1663585
명가한의원,한의원,부산,210001,부산남구,"부산광역시 남구 수영로 220, (대연동, (1,2층))",129.0906672,35.1348204
명륜편한내과의원,의원,부산,210003,부산동래구,"부산광역시 동래구 시실로24번길 5, 2층 (명륜동)",129.0864026,35.2164418
명륜한의원 동래점,한의원,부산,210003,부산동래구,"부산광역시 동래구 명륜로 104-1, 2,3층 (명륜동)",129.0833609,35.2033023
명문부부치과의원,치과의원,부산,210013,부산연제구,"부산광역시 연제구 과정로 286, (연산동)",129.096268,35.1884754
명성 치과의원,치과의원,부산,210014,부산수영구,"부산광역시 수영구 수영로 665, 3층 (광안동, 송파지오스V)",129.1143736,35.1651225
명성마취통증의학과의원,의원,부산,210013,부산연제구,"부산광역시 연제구 반송로 21, 4층 (연산동)",129.0832027,35.1875585
명성부부치과의원,치과의원,부산,210004,부산진구,"부산광역시 부산진구 동성로 115, (전포동)",129.0661788,35.1599426
명성의원,의원,부산,210014,부산수영구,"부산광역시 수영구 수영성로 33-1, (수영동)",129.1162194,35.1702405
명성정형외과의원,의원,부산,210004,부산진구,"부산광역시 부산진구 새싹로 208, (초읍동)",129.0491503,35.174648
명성치과의원,치과의원,부산,210010,부산사하구,"부산광역시 사하구 장림번영로 40, 4층 (장림동, 장림동메디칼)",128.9697485,35.0804772
명성치과의원,치과의원,부산,210011,부산금정구,"부산광역시 금정구 부곡로 120-1, 5층 (부곡동)",129.0920669,35.2265791
명성한의원,한의원,부산,210008,부산중구,"부산광역시 중구 대청로 133, (동광동4가)",129.0344415,35.1029763
명성한의원,한의원,부산,210011,부산금정구,"부산광역시 금정구 온천장로 131, 2층 (장전동)",129.0849861,35.2223453
명세한의원,한의원,부산,210004,부산진구,"부산광역시 부산진구 동성로 115, (전포동)",129.0661788,35.1599426
명신한의원,한의원,부산,210003,부산동래구,"부산광역시 동래구 여고로 109-2, 1,2층 (사직동)",129.0750265,35.1985147
명아치과의원,치과의원,부산,210011,부산금정구,"부산광역시 금정구 중앙대로 1937, 5층 (구서동)",129.0910578,35.2573214
명의한의원,한의원,부산,210003,부산동래구,"부산광역시 동래구 명륜로 209, (명륜동)",129.0827898,35.2125113
명이비인후과의원,의원,부산,210001,부산남구,"부산광역시 남구 못골로12번길 84, (대연동)",129.0884339,35.1352795
명이비인후과의원,의원,부산,210010,부산사하구,"부산광역시 사하구 낙동대로 399, (당리동)",128.9744126,35.1030852
명인내과의원,의원,부산,210015,부산사상구,"부산광역시 사상구 낙동대로 790, 6층 (엄궁동)",128.972435,35.1310308
명인당한의원,한의원,부산,210004,부산진구,"부산광역시 부산진구 가야대로 474, 3층 (개금동)",129.0237744,35.1528352
명인당한의원,한의원,부산,210011,부산금정구,"부산광역시 금정구 수림로20번길 36, 2동 3~4층 (부곡동)",129.0907349,35.2415092
명인마취통증의학과의원,의원,부산,210010,부산사하구,"부산광역시 사하구 낙동남로 1389, 4,5층 (하단동)",128.9638146,35.106575
명인이플란트치과의원,치과의원,부산,210001,부산남구,"부산광역시 남구 수영로 223, 삼창빌딩 1층 (대연동)",129.0909037,35.1352897
명인한의원,한의원,부산,210010,부산사하구,"부산광역시 사하구 하신번영로 183, (신평동)",128.9601688,35.0986864
명인한의원,한의원,부산,210002,부산동구,"부산광역시 동구 망양로 940, (범일동)",129.0530397,35.1415376
명작의원,의원,부산,210100,부산기장군,"부산광역시 기장군 기장읍 읍내로 107, 정림빌딩 2층",129.2160113,35.2452692
명장치과의원,치과의원,부산,210003,부산동래구,"부산광역시 동래구 서동중심로 4, (명장동)",129.1042034,35.2101277
명장한의원,한의원,부산,210003,부산동래구,"부산광역시 동래구 명장로 48, 명장1동 새마을금고 3층 (명장동)",129.1059968,35.2046199
명제한의원,한의원,부산,210003,부산동래구,"부산광역시 동래구 충렬대로108번길 16, 명제한의원 1,2,3층 (온천동)",129.0723209,35.2059134
명지365다나슬한의원,한의원,부산,210012,부산강서구,"부산광역시 강서구 명지국제8로 230, 5층 501,502호 (명지동)",128.9178871,35.0979175
명지내과의원,의원,부산,210012,부산강서구,"부산광역시 강서구 명지국제2로 29, 성광타워 201,301~304,401~404,1002~1003호 (명지동)",128.9067902,35.094147
명지더나음한의원,한의원,부산,210012,부산강서구,"부산광역시 강서구 명지국제5로 42, 동진빌딩 402호 (명지동)",128.9202536,35.0976753
명지더봄안과의원,의원,부산,210012,부산강서구,"부산광역시 강서구 명지오션시티11로 74, 601,602호 (명지동)",128.9040357,35.0840454
명지맑은피부과의원,의원,부산,210012,부산강서구,"부산광역시 강서구 명지국제8로 229, 부산명지지구아이메디컬 5층 501,502호 (명지동)",128.917995,35.0985822
명지명인한의원,한의원,부산,210012,부산강서구,"부산광역시 강서구 명지오션시티4로 69, 105호 (명지동)",128.9039406,35.082798
명지바른 신경외과의원,의원,부산,210012,부산강서구,"부산광역시 강서구 명지국제8로 242, 씨에스프라자 2층 201,202호 (명지동)",128.9191968,35.0978011
명지베스트성형외과의원,의원,부산,210012,부산강서구,"부산광역시 강서구 명지국제2로28번길 3, 3층 302,303,304,305호 (명지동)",128.9076702,35.0940846
명지성모안과의원,의원,부산,210012,부산강서구,"부산광역시 강서구 명지국제8로 245, 명지뉴타워복합상가 6층 602,603,604호 (명지동)",128.9198442,35.0984094
명지아동병원,병원,부산,210012,부산강서구,"부산광역시 강서구 명지국제8로 240, 402,501,601호 (명지동, 국제메디칼빌딩)",128.9188877,35.0978297
명지어린이치과의원,치과의원,부산,210012,부산강서구,"부산광역시 강서구 명지오션시티4로 64, 7층 701호 (명지동)",128.9032461,35.083286
명지엘치과의원,치과의원,부산,210012,부산강서구,"부산광역시 강서구 명지국제8로 230, 403,404호 (명지동)",128.9178871,35.0979175
명지웰마취통증의학과의원,의원,부산,210012,부산강서구,"부산광역시 강서구 명지국제2로28번길 3, 동건프라자 6층 603, 604, 605호 (명지동)",128.9076702,35.0940846
명지이비인후과의원,의원,부산,210012,부산강서구,"부산광역시 강서구 명지국제8로 245, 5층 502호 (명지동, 명지뉴타워)",128.9198442,35.0984094
명지이편한치과의원,치과의원,부산,210012,부산강서구,"부산광역시 강서구 명지국제6로 168, 스타필드 시티 명지점 4층 4100호 (명지동)",128.9181436,35.093112
명지일신산부인과의원,의원,부산,210012,부산강서구,"부산광역시 강서구 명지오션시티4로 64, 502호 (명지동)",128.9032461,35.083286
명지자연병원,병원,부산,210012,부산강서구,"부산광역시 강서구 명지오션시티4로 99, 3~10층 (명지동)",128.9039428,35.0801998
명지정내과의원,의원,부산,210012,부산강서구,"부산광역시 강서구 명지국제8로 230, 4층 401,402호 (명지동)",128.9178871,35.0979175
명지정신건강의학과의원,의원,부산,210012,부산강서구,"부산광역시 강서구 명지국제5로 42, 602호 (명지동)",128.9202536,35.0976753
명지치과의원,치과의원,부산,210012,부산강서구,"부산광역시 강서구 명지오션시티4로 61, 301호 (명지동, 이건빌딩3층)",128.9039059,35.0835222
명지침례의원,의원,부산,210012,부산강서구,"부산광역시 강서구 명지새동네길1번길 32, (명지동)",128.9316838,35.1098994
명지튼튼정형외과의원,의원,부산,210012,부산강서구,"부산광역시 강서구 명지국제8로 245, 뉴타워 3층 302~304호 (명지동)",128.9198442,35.0984094
명지튼튼한의원,한의원,부산,210012,부산강서구,"부산광역시 강서구 명지오션시티4로 70, NC TOWER 402호 (명지동)",128.9032581,35.0827988
명지퍼스트치과의원,치과의원,부산,210012,부산강서구,"부산광역시 강서구 명지국제7로 37, 1층 206,207,208호 (명지동, 더샵 명지퍼스트월드 2단지)",128.9060117,35.0989136
명지한의원,한의원,부산,210012,부산강서구,"부산광역시 강서구 명지오션시티11로 66, (명지동, G타워 4층 402-1호)",128.9031455,35.0840394
명지항외과의원,의원,부산,210012,부산강서구,"부산광역시 강서구 명지국제5로 42, 8층 801,802호 (명지동)",128.9202536,35.0976753
명지화이트치과의원,치과의원,부산,210012,부산강서구,"부산광역시 강서구 명지국제2로 29, 503, 504호 (명지동)",128.9067902,35.094147
명진메디칼치과의원,치과의원,부산,210001,부산남구,"부산광역시 남구 수영로 203, 601호 (대연동)",129.0889129,35.1351854
명진정형외과의원,의원,부산,210004,부산진구,"부산광역시 부산진구 전포대로 196, 2층 (전포동)",129.0657563,35.1540404
명진한의원,한의원,부산,210015,부산사상구,"부산광역시 사상구 가야대로 290, 2,3층 (주례동)",129.0043863,35.1501236
명치과의원,치과의원,부산,210005,부산북구,"부산광역시 북구 효열로 212, 2층 (금곡동)",129.0190586,35.2629565
명프라임치과의원,치과의원,부산,210005,부산북구,"부산광역시 북구 백양대로 1200, (덕천동)",129.0058071,35.2093711
명한의원,한의원,부산,210005,부산북구,"부산광역시 북구 산성로 25, 1~2층 (화명동)",129.0163327,35.2397894
명한의원,한의원,부산,210013,부산연제구,"부산광역시 연제구 과정로 286, 2층 (연산동)",129.096268,35.1884754
모델라인의원,의원,부산,210004,부산진구,"부산광역시 부산진구 중앙대로 712, 6층 (부전동)",129.0594857,35.1562601
모든이치과의원,치과의원,부산,210001,부산남구,"부산광역시 남구 수영로 209, 102동 301호 (대연동, 일동지에닌아파트)",129.0892907,35.1353584
모라성모의원,의원,부산,210015,부산사상구,"부산광역시 사상구 백양대로 888, 3층 (모라동, 김상근치과)",128.9913221,35.1857097
모라에덴치과의원,치과의원,부산,210015,부산사상구,"부산광역시 사상구 모라로110번길 121, (모라동)",128.9980449,35.1844321
모리아의원,의원,부산,210015,부산사상구,"부산광역시 사상구 대동로 46, 한나선교교회 (엄궁동)",128.9748348,35.1347371
모모의원,의원,부산,210004,부산진구,"부산광역시 부산진구 범일로 177, 메타타워Ⅲ 11~12층 (범천동)",129.0589004,35.1458009
모생외과의원,의원,부산,210004,부산진구,"부산광역시 부산진구 부전로 79, (부전동,동아빌딩 9층)",129.0544683,35.1571272
모자이크성형외과의원,의원,부산,210004,부산진구,"부산광역시 부산진구 가야대로784번길 48, (부전동)",129.0571356,35.1552548
모짜르트치과의원,치과의원,부산,210009,부산해운대구,"부산광역시 해운대구 해운대로 802, 305호 (좌동, 웅진시네아트)",129.1766569,35.1691635
모철호치과의원,치과의원,부산,210011,부산금정구,"부산광역시 금정구 금정로60번길 2, 3층 (장전동)",129.0865428,35.2298386
모태규내과의원,의원,부산,210010,부산사하구,"부산광역시 사하구 낙동대로 212, 2층 (괴정동)",128.9936261,35.1005469
목인당한의원,한의원,부산,210013,부산연제구,"부산광역시 연제구 안연로7번길 54, 1층 (연산동)",129.0979347,35.1887342
목인이사랑치과의원,치과의원,부산,210005,부산북구,"부산광역시 북구 만덕1로 7, 4층 (만덕동)",129.0364403,35.213953
목화병원,병원,부산,210004,부산진구,"부산광역시 부산진구 거제대로36번길 27, 1층(일부), 2~6층, 7층(일부) (양정동)",129.0691505,35.1719361
목화산부인과의원,의원,부산,210001,부산남구,"부산광역시 남구 수영로 225-1, (대연동, (3층))",129.0913294,35.1353825
목화한의원,한의원,부산,210009,부산해운대구,"부산광역시 해운대구 좌동순환로 301, 금강빌딩 3층 (좌동)",129.1832772,35.1691765
몸과마음한의원,한의원,부산,210009,부산해운대구,"부산광역시 해운대구 좌동순환로 505, 센트럴메디타워 502호 (중동)",129.1682073,35.165667
몸맘소생한의원,한의원,부산,210001,부산남구,"부산광역시 남구 우암로 148, (우암동)",129.0804055,35.1234196
몸바로한의원 부곡점,한의원,부산,210011,부산금정구,"부산광역시 금정구 부곡로 118, 동원빌딩 2층 (부곡동)",129.0920353,35.2263484
몸튼튼재활의학과의원,의원,부산,210005,부산북구,"부산광역시 북구 덕천로 298, 4층 (만덕동)",129.0364016,35.2094148
몸편한 제통 재활의학과의원,의원,부산,210007,부산영도구,"부산광역시 영도구 동삼로 12, 3~4층 (동삼동)",129.0732743,35.0756551
몸편한한의원,한의원,부산,210015,부산사상구,"부산광역시 사상구 백양대로 893, 궁전빌딩 5층 (모라동)",128.9907076,35.1858648
못골이비인후과의원,의원,부산,210001,부산남구,"부산광역시 남구 수영로 206, 정학기정형외과 2층 (대연동)",129.0891418,35.1347338
무림한의원,한의원,부산,210015,부산사상구,"부산광역시 사상구 학감대로 105, (학장동)",128.9889419,35.1405127
무정당한의원,한의원,부산,210010,부산사하구,"부산광역시 사하구 낙동대로 402, 2층 (당리동)",128.9744436,35.1035621
무진한의원,한의원,부산,210010,부산사하구,"부산광역시 사하구 낙동대로249번길 41, (괴정동)",128.99095,35.0974821
무척바른한의원,한의원,부산,210014,부산수영구,"부산광역시 수영구 수영로 584, 2층,지하1층 (광안동)",129.1133788,35.1577709
무척편안한의원,한의원,부산,210012,부산강서구,"부산광역시 강서구 명지국제11로 25, 1동 2전부층 (명지동)",128.9212855,35.1048452
무통마취통증의학과의원,의원,부산,210010,부산사하구,"부산광역시 사하구 다대로 425, 4층 (다대동)",128.9799959,35.0649795
문국진한의원,한의원,부산,210014,부산수영구,"부산광역시 수영구 광안로 4, 광안동에스케이뷰 3층 303,304호 (광안동)",129.1133756,35.1569388
문내과의원,의원,부산,210009,부산해운대구,"부산광역시 해운대구 재반로 193-1, (반여동)",129.1304155,35.1945755
문두찬뷰티스피부과의원,의원,부산,210004,부산진구,"부산광역시 부산진구 가야대로 785, B동 7층 (부전동, 성영빌딩)",129.0574677,35.1581247
문상영치과의원,치과의원,부산,210003,부산동래구,"부산광역시 동래구 충렬대로107번길 54, (온천동)",129.0748927,35.2086542
문성훈치과의원,치과의원,부산,210003,부산동래구,"부산광역시 동래구 사직북로 23-2, (사직동)",129.0601584,35.1980494
문원배마취과의원,의원,부산,210003,부산동래구,"부산광역시 동래구 충렬대로137번길 4, 4층 (온천동)",129.0758241,35.2056856
문정환이비인후과의원,의원,부산,210010,부산사하구,"부산광역시 사하구 다대로 279, (장림동)",128.9774972,35.0772987
문지현가정의원,의원,부산,210004,부산진구,"부산광역시 부산진구 동평로 102, (당감동)",129.0406319,35.1655656
문찬한의원,한의원,부산,210004,부산진구,"부산광역시 부산진구 새싹로 238, (초읍동)",129.0483601,35.177284
문치과의원,치과의원,부산,210014,부산수영구,"부산광역시 수영구 감포로 2, (민락동)",129.1210684,35.1588499
문하눈재활의학과의원,의원,부산,210005,부산북구,"부산광역시 북구 만덕대로 15, 6층 (덕천동, 정암빌딩)",129.006706,35.2107268
문한의원,한의원,부산,210009,부산해운대구,"부산광역시 해운대구 좌동순환로 245, 5층 (좌동, 성암빌딩)",129.1809857,35.1740364
문현사랑의원,의원,부산,210001,부산남구,"부산광역시 남구 수영로 43, (문현동)",129.0726721,35.1367055
문현치과의원,치과의원,부산,210001,부산남구,"부산광역시 남구 수영로 25, (문현동)",129.0705747,35.1372169
문형기소아과의원,의원,부산,210003,부산동래구,"부산광역시 동래구 충렬대로 431, (안락동)",129.1056459,35.1966
문형일내과의원,의원,부산,210003,부산동래구,"부산광역시 동래구 안락로 17-1, (안락동)",129.0992627,35.2008598
문화신경외과의원,의원,부산,210010,부산사하구,"부산광역시 사하구 감천로 122, (감천동)",129.004721,35.0872224
문훈치과의원,치과의원,부산,210009,부산해운대구,"부산광역시 해운대구 재반로 253-1, (반여동)",129.1312945,35.1999915
문희철정형외과의원,의원,부산,210005,부산북구,"부산광역시 북구 덕천로 300, 2층 (만덕동, 금강빌딩)",129.0367105,35.2093272
물만골한의원,한의원,부산,210013,부산연제구,"부산광역시 연제구 월드컵대로 21, 3, 4층 (연산동, 물만골빌딩)",129.0854523,35.1765341
물방울치과보철과치과의원,치과의원,부산,210004,부산진구,"부산광역시 부산진구 서면로 62-1, 2층 (부전동)",129.058046,35.1563164
뮤즈의원,의원,부산,210004,부산진구,"부산광역시 부산진구 중앙대로 698, 3층 (부전동, 동강빌딩)",129.0594774,35.1550341
뮬피부과의원,의원,부산,210009,부산해운대구,"부산광역시 해운대구 센텀동로 26, B동 201-1호 (우동, 한화꿈에그린센텀)",129.132543,35.1720426
미&플란트치과의원,치과의원,부산,210007,부산영도구,"부산광역시 영도구 태종로 372, (청학동)",129.0646997,35.0938058
미남동의요양병원,요양병원,부산,210003,부산동래구,"부산광역시 동래구 아시아드대로 239-1, (온천동)",129.0674535,35.2054534
미남맑은내과의원,의원,부산,210003,부산동래구,"부산광역시 동래구 아시아드대로 239-1, 3층 (온천동, 월드메디컬타워)",129.0674535,35.2054534
미남제일한의원,한의원,부산,210003,부산동래구,"부산광역시 동래구 우장춘로 7, 보민빌딩 3층 302호 (온천동)",129.0696459,35.208727
미남치과의원,치과의원,부산,210003,부산동래구,"부산광역시 동래구 중앙대로1367번길 70-4, 2층 (온천동, 남명원룸)",129.0744741,35.2104147
미네소타구강악안면외과치과의원,치과의원,부산,210011,부산금정구,"부산광역시 금정구 중앙대로1629번길 16, 301동 2층 202호 (부곡동)",129.0897128,35.2308525
미다스의원,의원,부산,210009,부산해운대구,"부산광역시 해운대구 센텀2로 20, 803호 (우동, 센텀타워메디컬)",129.1320258,35.1671978
미담유외과의원,의원,부산,210014,부산수영구,"부산광역시 수영구 수영로 675, 큐비 메디컬센터 11층 (광안동)",129.1144938,35.1659533
미담한의원,한의원,부산,210003,부산동래구,"부산광역시 동래구 명륜로 79, B1,1,2,3층 (수안동)",129.0837977,35.2010376
미담한의원,한의원,부산,210100,부산기장군,"부산광역시 기장군 기장읍 읍내로 105, 2층 201호",129.2158192,35.245289
미드림이피부과의원,의원,부산,210004,부산진구,"부산광역시 부산진구 가야대로 486, (개금동)",129.0251966,35.1528642
미드림피부과의원,의원,부산,210005,부산북구,"부산광역시 북구 금곡대로303번길 2, 403호 (화명동, 시티타워)",129.0134842,35.2356469
미드림피부과의원,의원,부산,210007,부산영도구,"부산광역시 영도구 태종로 97, (대교동2가)",129.0414774,35.0917093
미드림필피부과의원,의원,부산,210003,부산동래구,"부산광역시 동래구 충렬대로238번길 7, (수안동)",129.0854558,35.2010201
미듬치과의원,치과의원,부산,210001,부산남구,"부산광역시 남구 용호로 141, 3층 (용호동)",129.1122342,35.1193884
미라인여성의원,의원,부산,210003,부산동래구,"부산광역시 동래구 충렬대로 194, 4층 (명륜동, 동림빌딩)",129.0809893,35.2029149
미라클의원,의원,부산,210013,부산연제구,"부산광역시 연제구 중앙대로 1077, (연산동, 4층 일부)",129.0798349,35.184312
미래내과의원,의원,부산,210004,부산진구,"부산광역시 부산진구 중앙대로 759-1, 3층 (부전동, 미래클리닉)",129.0608744,35.1603656
미래도담치과의원,치과의원,부산,210004,부산진구,"부산광역시 부산진구 가야대로 460, 3층 (개금동)",129.0223438,35.1528731
미래로병원,병원,부산,210005,부산북구,"부산광역시 북구 금곡대로 15, (덕천동)",129.004449,35.2113115
미래로치과의원,치과의원,부산,210010,부산사하구,"부산광역시 사하구 낙동대로 203, 2층 (괴정동)",128.9946875,35.1001571
미래마취통증의학과의원,의원,부산,210004,부산진구,"부산광역시 부산진구 중앙대로 759-1, 1층 일부, 2층, 5층 (부전동)",129.0608744,35.1603656
미래메디컬의원,의원,부산,210004,부산진구,"부산광역시 부산진구 백양관문로 106, 201호 (당감동, 모던플라자)",129.0279198,35.1682263
미래병원,병원,부산,210003,부산동래구,"부산광역시 동래구 충렬대로 358, (안락동)",129.0975758,35.1977612
미래소아청소년과의원,의원,부산,210004,부산진구,"부산광역시 부산진구 가야대로 460, (개금동, 지하1층,1,8,9,10,11층)",129.0223438,35.1528731
미래아이병원,병원,부산,210010,부산사하구,"부산광역시 사하구 낙동남로 1388, (하단동)",128.9634824,35.1058718
미래안마취통증의학과의원,의원,부산,210005,부산북구,"부산광역시 북구 낙동대로1781번길 1, 2층 (덕천동)",129.0038766,35.2099628
미래어린이병원,병원,부산,210015,부산사상구,"부산광역시 사상구 낙동대로 790, 3,4,7층(엄궁동,신우프라자) (엄궁동)",128.972435,35.1310308
미래어린이치과의원,치과의원,부산,210011,부산금정구,"부산광역시 금정구 중앙대로1841번길 2, (구서동)",129.0917272,35.2487533
미래여성병원,병원,부산,210004,부산진구,"부산광역시 부산진구 가야대로 459, 지하2~지상10층 (개금동)",129.0223781,35.153604
미래연합소아청소년과의원,의원,부산,210004,부산진구,"부산광역시 부산진구 가야대로 460, 2,5,6,7층 (개금동)",129.0223438,35.1528731
미래영상의학과의원,의원,부산,210003,부산동래구,"부산광역시 동래구 충렬대로238번길 7, 611호 (수안동, 성완세띠앙상가)",129.0854558,35.2010201
미래의원,의원,부산,210011,부산금정구,"부산광역시 금정구 금강로 711, 2층 (남산동)",129.0889137,35.2710472
미래의원,의원,부산,210001,부산남구,"부산광역시 남구 수영로266번길 36, 대연헬스타운 4층 (대연동)",129.0971531,35.13471
미래이비인후과의원,의원,부산,210001,부산남구,"부산광역시 남구 분포로 115, 힐탑탑플레이스 A동 302호 (용호동)",129.112892,35.132059
미래치과의원,치과의원,부산,210015,부산사상구,"부산광역시 사상구 사상로 295, (덕포동)",128.9827828,35.1711785
미래치과의원,치과의원,부산,210001,부산남구,"부산광역시 남구 용호로198번길 2, 2층 (용호동)",129.1108065,35.1148211
미래치과의원,치과의원,부산,210004,부산진구,"부산광역시 부산진구 중앙대로 759-1, 4층 (부전동, 미래클리닉)",129.0608744,35.1603656
미래통합의원,의원,부산,210004,부산진구,"부산광역시 부산진구 백양대로136번길 41, 3층 (당감동)",129.0338577,35.1618086
미래피부과의원,의원,부산,210004,부산진구,"부산광역시 부산진구 동평로 94, 당감 메디칼센터 4층 (당감동)",129.039779,35.165341
미로서면한의원,한의원,부산,210004,부산진구,"부산광역시 부산진구 중앙대로 786, (전포동, 에메랄드홈)",129.0631603,35.1619415
미로한의원,한의원,부산,210011,부산금정구,"부산광역시 금정구 중앙대로1841번길 91, 4층 (구서동, 마루빌딩)",129.0872426,35.2492456
미소고운선치과의원,치과의원,부산,210011,부산금정구,"부산광역시 금정구 금사로 76, 2층 (금사동)",129.1113858,35.2194793
미소담치과의원,치과의원,부산,210009,부산해운대구,"부산광역시 해운대구 재반로 150, 4층 (재송동)",129.1282604,35.1912677
미소담한의원,한의원,부산,210005,부산북구,"부산광역시 북구 만덕대로 20, 3층 (덕천동, 백송빌딩)",129.0072857,35.2103496
미소담한의원,한의원,부산,210014,부산수영구,"부산광역시 수영구 수영로 667, (광안동, 광안빌딩)",129.114484,35.1653656
미소드림치과의원,치과의원,부산,210011,부산금정구,"부산광역시 금정구 금강로 209, 4층 (장전동, 한신시티빌)",129.0827639,35.2271287
미소로한의원,한의원,부산,210004,부산진구,"부산광역시 부산진구 가야대로 781-1, 3층 (부전동)",129.0571179,35.1580275
미소를만드는치과교정과치과의원,치과의원,부산,210010,부산사하구,"부산광역시 사하구 하신중앙로 350, (하단동)",128.9684477,35.1055936
미소를만드는치과교정과치과의원,치과의원,부산,210003,부산동래구,"부산광역시 동래구 충렬대로 194, (명륜동)",129.0809893,35.2029149
미소를만드는치과교정과치과의원,치과의원,부산,210009,부산해운대구,"부산광역시 해운대구 해운대로 814, B동 520,521호 (좌동, 세종월드프라자)",129.1776778,35.1695768
미소를만드는치과교정과치과의원,치과의원,부산,210004,부산진구,"부산광역시 부산진구 중앙대로 708, 13층 (부전동)",129.0594806,35.1561411
미소를만드는치과의원,치과의원,부산,210005,부산북구,"부산광역시 북구 금곡대로 16, (덕천동)",129.0050787,35.2115096
미소마취통증의학과의원,의원,부산,210008,부산중구,"부산광역시 중구 대영로 235, 2층 (영주동)",129.0364076,35.1123726
미소메디칼내과의원,의원,부산,210009,부산해운대구,"부산광역시 해운대구 재반로 150, 301호 (재송동, 보라스카이타운)",129.1282604,35.1912677
미소美치과의원,치과의원,부산,210011,부산금정구,"부산광역시 금정구 금강로 711, 3층 (남산동, 홍원빌딩)",129.0889137,35.2710472
미소안의원,의원,부산,210008,부산중구,"부산광역시 중구 구덕로 40, 12층 (남포동2가)",129.0315676,35.0984623
미소온치과의원,치과의원,부산,210012,부산강서구,"부산광역시 강서구 명지국제2로28번길 3, 동건프라자 2층 203호 (명지동)",128.9076702,35.0940846
미소요양병원,요양병원,부산,210009,부산해운대구,"부산광역시 해운대구 아랫반송로6번길 37, (반송동)",129.1464996,35.2246667
미소웰산부인과의원,의원,부산,210011,부산금정구,"부산광역시 금정구 중앙대로1841번길 15, 4층 (구서동, 명성빌딩)",129.0909746,35.2484637
미소의원,의원,부산,210010,부산사하구,"부산광역시 사하구 낙동대로 245, (괴정동)",128.9901459,35.0989933
미소의원,의원,부산,210013,부산연제구,"부산광역시 연제구 좌수영로 241, 지하3층 (연산동)",129.1119643,35.1851208
미소의원,의원,부산,210004,부산진구,"부산광역시 부산진구 연수로 4, (양정동)",129.0718507,35.1729195
미소인정신건강의학과의원,의원,부산,210004,부산진구,"부산광역시 부산진구 골드테마길 3, 4층 (범천동)",129.0599146,35.1417927
미소인치과의원,치과의원,부산,210011,부산금정구,"부산광역시 금정구 중앙대로1719번길 30, 2층 (부곡동)",129.0904834,35.2379151
미소진치과의원,치과의원,부산,210004,부산진구,"부산광역시 부산진구 가야대로 462-1, 2일부,3,9일부층 (개금동)",129.0226048,35.1528735
미소치과의원,치과의원,부산,210013,부산연제구,"부산광역시 연제구 거제천로 258, 203호 (연산동)",129.0852542,35.1916108
미소플란트치과의원,치과의원,부산,210001,부산남구,"부산광역시 남구 수영로 304, 3층 (대연동, 대승타워)",129.0995214,35.1367995
미슬토의원,의원,부산,210004,부산진구,"부산광역시 부산진구 전포대로 155, 지하1층, 2~3층 (전포동)",129.0650241,35.1504985
미시간부부치과의원,치과의원,부산,210100,부산기장군,"부산광역시 기장군 기장읍 차성남로51번길 30, (기장읍)",129.2164239,35.2425685
미시간치과의원,치과의원,부산,210010,부산사하구,"부산광역시 사하구 낙동대로 158, (괴정동)",128.9986392,35.1028805
미시간치과의원,치과의원,부산,210009,부산해운대구,"부산광역시 해운대구 재반로 82, 2층 (재송동, 장안빌딩)",129.1257818,35.1860019
미시간치과의원,치과의원,부산,210013,부산연제구,"부산광역시 연제구 중앙대로 1111, 위드타워 5층 (연산동)",129.0811097,35.1867689
미시간치과의원,치과의원,부산,210004,부산진구,"부산광역시 부산진구 대학로 3, 세화빌딩 2층 202호 (가야동)",129.0380407,35.1545132
미시간치과의원,치과의원,부산,210009,부산해운대구,"부산광역시 해운대구 좌동순환로 174, 지하1층 (좌동, 거성플라자 )",129.1750479,35.1776265
미안의원,의원,부산,210004,부산진구,"부산광역시 부산진구 서면로 64, 3층 (부전동, 청석빌딩)",129.0580718,35.1564715
미안의원,의원,부산,210009,부산해운대구,"부산광역시 해운대구 해운대로 369, 6층 (우동, 해운대센텀메디컬)",129.1377353,35.1702057
미앤미의원,의원,부산,210009,부산해운대구,"부산광역시 해운대구 센텀2로 19, 센텀코아 702호 (우동)",129.1325792,35.1674411
미앤미의원,의원,부산,210004,부산진구,"부산광역시 부산진구 서면로 50, 2층 (부전동)",129.0580324,35.1551681
미앤아이의원,의원,부산,210004,부산진구,"부산광역시 부산진구 중앙대로 707, 8층 (부전동)",129.0588017,35.1558472
미앤아이한의원,한의원,부산,210004,부산진구,"부산광역시 부산진구 서면로 64, 청석빌딩 13층 (부전동)",129.0580718,35.1564715
미엘르의원,의원,부산,210004,부산진구,"부산광역시 부산진구 서면로 48, 7층 (부전동, 현경빌딩)",129.0580331,35.1549621
미엘인애한의원,한의원,부산,210005,부산북구,"부산광역시 북구 백양대로 1017, (구포동)",128.9945319,35.1967405
미엘치과의원,치과의원,부산,210010,부산사하구,"부산광역시 사하구 사하로 197, (괴정동)",128.9932767,35.0993342
미의원,의원,부산,210011,부산금정구,"부산광역시 금정구 금정로 83, 2층 (장전동)",129.0865846,35.2321431
미의원,의원,부산,210009,부산해운대구,"부산광역시 해운대구 아랫반송로 12, 4층 (반송동)",129.1471653,35.2253583
미주치과병원,치과병원,부산,210003,부산동래구,"부산광역시 동래구 충렬대로 114, (온천동)",129.0730121,35.2062313
미즈포유여성의원,의원,부산,210009,부산해운대구,"부산광역시 해운대구 양운로 82, 해운대화인크리닉센타 601호 (좌동)",129.1755732,35.1704651
미치과의원,치과의원,부산,210003,부산동래구,"부산광역시 동래구 사직북로 20, 3층 (사직동)",129.0606325,35.1976062
미치과의원,치과의원,부산,210001,부산남구,"부산광역시 남구 수영로 323, 702호 (대연동, 태강플라자)",129.1010282,35.1382148
미치과의원,치과의원,부산,210013,부산연제구,"부산광역시 연제구 과정로 212, 3층 (연산동)",129.1040637,35.1879561
미치과의원,치과의원,부산,210010,부산사하구,"부산광역시 사하구 제석로 54, 3층 (당리동)",128.9747536,35.1053561
미테크성형외과의원,의원,부산,210004,부산진구,"부산광역시 부산진구 중앙대로 704-1, 3층 (부전동)",129.0595542,35.1556187
미플란트치과의원,치과의원,부산,210003,부산동래구,"부산광역시 동래구 충렬대로 244, 3층 (수안동, 신동빌딩)",129.0856935,35.2011751
미플란트치과의원,치과의원,부산,210100,부산기장군,"부산광역시 기장군 정관읍 정관로 566, 4층",129.1755326,35.3212123
미플러스센텀의원,의원,부산,210009,부산해운대구,"부산광역시 해운대구 센텀남대로 50, A402호 (우동, 센텀임페리얼)",129.1313001,35.1681037
민강한의원,한의원,부산,210015,부산사상구,"부산광역시 사상구 백양대로 490, (주례동)",128.9988096,35.1534829
민들레내과의원,의원,부산,210011,부산금정구,"부산광역시 금정구 중앙대로 2093, 수광빌딩 5-6층 (남산동)",129.0923542,35.2711562
민들레돌봄의원,의원,부산,210011,부산금정구,"부산광역시 금정구 중앙대로 2093, 수광빌딩 3층일부7,8,10층 일부호 (남산동)",129.0923542,35.2711562
민들레치과의원,치과의원,부산,210009,부산해운대구,"부산광역시 해운대구 좌동로 96, (좌동, 블루수퀘어 A동 301호)",129.1756388,35.1721515
민락 치과의원,치과의원,부산,210014,부산수영구,"부산광역시 수영구 광남로 217, (민락동)",129.1226635,35.1589815
민부부치과의원,치과의원,부산,210011,부산금정구,"부산광역시 금정구 금사로 81, 2층 (금사동)",129.1113117,35.2200026
민의원,의원,부산,210013,부산연제구,"부산광역시 연제구 중앙대로 1111, 14층 (연산동)",129.0811097,35.1867689
민정식소아청소년과의원,의원,부산,210015,부산사상구,"부산광역시 사상구 사상로 293, 민정식소아과의원 (덕포동)",128.9827108,35.1710009
민중기외과의원,의원,부산,210013,부산연제구,"부산광역시 연제구 반송로 40, 104호 (연산동, e편한세상 연산 더퍼스트)",129.084946,35.1882917
민지학치과의원,치과의원,부산,210013,부산연제구,"부산광역시 연제구 과정로 144, 3층 (연산동)",129.1074059,35.1842747
민창한의원,한의원,부산,210010,부산사하구,"부산광역시 사하구 사하로198번길 7, (괴정동)",128.9940275,35.0996069
민트부부치과의원,치과의원,부산,210005,부산북구,"부산광역시 북구 만덕대로27번길 3, (덕천동)",129.0079373,35.2110281
민트치과의원,치과의원,부산,210002,부산동구,"부산광역시 동구 범일로 102, 3층 (범일동, 성호빌딩)",129.059695,35.1392273
민한의원,한의원,부산,210005,부산북구,"부산광역시 북구 백양대로 1013-1, 2층 (구포동)",128.9943684,35.1964409
민한의원,한의원,부산,210003,부산동래구,"부산광역시 동래구 안연로109번길 24, 5층 (안락동)",129.0966293,35.1971835
민현주여성의원,의원,부산,210001,부산남구,"부산광역시 남구 수영로 27, 201호 (문현동, 금호빌딩)",129.0708708,35.137228
바노바기의원,의원,부산,210004,부산진구,"부산광역시 부산진구 서면로 74, 아이온시티빌딩 1001호, 1803호 (부전동)",129.0581339,35.1570677
바다성형외과의원,의원,부산,210004,부산진구,"부산광역시 부산진구 서면로 64, 청석빌딩 10층 (부전동)",129.0580718,35.1564715
바다여성산부인과의원,의원,부산,210009,부산해운대구,"부산광역시 해운대구 좌동순환로 506, 영풍리젠시 503호 (중동)",129.1687362,35.1661755
바다치과의원,치과의원,부산,210009,부산해운대구,"부산광역시 해운대구 양운로 98, 306호 (좌동, 대하프라자)",129.1748353,35.1716411
바라봄의원,의원,부산,210014,부산수영구,"부산광역시 수영구 과정로 63, 2층 (망미동)",129.1070626,35.1770559
바람케이의원,의원,부산,210009,부산해운대구,"부산광역시 해운대구 해운대해변로 287, 씨클라우드 302-1호 303호 일부호 (중동)",129.1621842,35.1604522
바로그의원,의원,부산,210010,부산사하구,"부산광역시 사하구 낙동남로 1412, 경부빌딩 9층 (하단동)",128.966083,35.1057921
바로그의원,의원,부산,210005,부산북구,"부산광역시 북구 만덕대로 24, 국민은행 덕천동지점 4층 (덕천동)",129.007765,35.2104608
바로그의원,의원,부산,210009,부산해운대구,"부산광역시 해운대구 해운대로 794, 엘리움 703호 (좌동)",129.1757451,35.168815
바로그의원,의원,부산,210004,부산진구,"부산광역시 부산진구 중앙대로691번길 9, 2,3층 (부전동)",129.058543,35.1543542
바로나치과의원,치과의원,부산,210011,부산금정구,"부산광역시 금정구 온천장로 131, 5층 (장전동, 우성빌딩)",129.0849861,35.2223453
바로본항외과의원,의원,부산,210009,부산해운대구,"부산광역시 해운대구 세실로 64, 201-3호 (좌동, 화목데파트)",129.177663,35.1709808
바로서면병원,병원,부산,210004,부산진구,"부산광역시 부산진구 중앙대로 777, 4, 5, 6, 7층 (부전동)",129.0618849,35.1618574
바로서한의원,한의원,부산,210009,부산해운대구,"부산광역시 해운대구 해운대로76번길 16, 301호 (재송동)",129.1193147,35.1904041
바로선정형외과의원,의원,부산,210004,부산진구,"부산광역시 부산진구 동평로 108-1, 3,10층 (당감동, 백양메디컬센터)",129.0413744,35.1656564
바로이비인후과의원,의원,부산,210003,부산동래구,"부산광역시 동래구 우장춘로 7, 보민빌딩 8층 802호 (온천동)",129.0696459,35.208727
바로척신경외과의원,의원,부산,210015,부산사상구,"부산광역시 사상구 가야대로 276, M-square 메디컬센터 6층 (주례동)",129.0027505,35.1500418
바로치과의원,치과의원,부산,210009,부산해운대구,"부산광역시 해운대구 해운대해변로 83, 4층 (우동, 경남마리나상가)",129.1423237,35.1616441
바론한의원,한의원,부산,210012,부산강서구,"부산광역시 강서구 명지국제1로 56-1, 플러스타워 4층 405호 (명지동)",128.9053736,35.0936865
바룸내과의원,의원,부산,210003,부산동래구,"부산광역시 동래구 금강공원로 2, 3층 301, 302호 (온천동, sk허브올리브)",129.0841369,35.2186436
바르다마취통증의학과의원,의원,부산,210100,부산기장군,"부산광역시 기장군 일광읍 해빛6로 85-16, 4층",129.2256459,35.2656352
바른강치과의원,치과의원,부산,210015,부산사상구,"부산광역시 사상구 사상로 325, 부산정형외과 2층 (덕포동)",128.9836125,35.1737155
바른길병원,병원,부산,210009,부산해운대구,"부산광역시 해운대구 선수촌로 144, (반여동)",129.1217477,35.2059254
바른눈안과의원,의원,부산,210001,부산남구,"부산광역시 남구 수영로 297, 동남CATV 2층 (대연동)",129.0986524,35.1370387
바른마취통증의학과의원,의원,부산,210010,부산사하구,"부산광역시 사하구 다대로 550, (다대동)",128.9707449,35.0572853
바른맥한의원,한의원,부산,210005,부산북구,"부산광역시 북구 화명신도시로 120, 화명메디컬센터 2층 201호 (화명동)",129.0111527,35.2345977
바른몸청담한의원,한의원,부산,210003,부산동래구,"부산광역시 동래구 사직북로 24, (사직동)",129.0605403,35.1979788
바른몸청담한의원,한의원,부산,210011,부산금정구,"부산광역시 금정구 중앙대로1841번길 23, (구서동)",129.0905196,35.2486095
바른몸청담한의원,한의원,부산,210014,부산수영구,"부산광역시 수영구 수영로 390, 2층 (남천동)",129.1073212,35.1411461
바른병원,병원,부산,210006,부산서구,"부산광역시 서구 보수대로 9, 4~12층 (충무동1가)",129.0249139,35.0976617
바른성모안과의원,의원,부산,210006,부산서구,"부산광역시 서구 보수대로 9, 3층 (충무동1가, 바른빌딩)",129.0249139,35.0976617
바른소리의원,의원,부산,210003,부산동래구,"부산광역시 동래구 충렬대로 200, 4층 (수안동)",129.081413,35.2026779
바른손한의원,한의원,부산,210003,부산동래구,"부산광역시 동래구 온천장로 81-1, 2,3층 (온천동)",129.082266,35.2186379
바른안과의원,의원,부산,210003,부산동래구,"부산광역시 동래구 충렬대로 160, 2층 (온천동)",129.0773947,35.2043683
바른얼굴덕치과의원,치과의원,부산,210001,부산남구,"부산광역시 남구 수영로 261, 대연 SK VIEW Hills 401동 2층 208,209호 (대연동, 대연 SK VIEW Hills)",129.0938572,35.136867
바른윤곽치과병원,치과병원,부산,210004,부산진구,"부산광역시 부산진구 서면문화로 10, 13~14층 (부전동)",129.0576139,35.1588242
바른의원,의원,부산,210004,부산진구,"부산광역시 부산진구 중앙대로 921, 전원빌딩 3,6층 (양정동)",129.0705254,35.1725016
바른이 치과교정과 치과의원,치과의원,부산,210007,부산영도구,"부산광역시 영도구 태종로 114, (영선동1가)",129.0431342,35.0905982
바른이김대식치과의원,치과의원,부산,210014,부산수영구,"부산광역시 수영구 수영로 465, 3층 (남천동)",129.11009,35.1475113
바른이비인후과의원,의원,부산,210001,부산남구,"부산광역시 남구 수영로 323, 601호 (대연동, 태강프라자)",129.1010282,35.1382148
바른이비인후과의원,의원,부산,210100,부산기장군,"부산광역시 기장군 일광면 해빛로 17, 네오더퍼스트 6층 602호",129.2260207,35.2663011
바른이치과교정과치과의원,치과의원,부산,210013,부산연제구,"부산광역시 연제구 반송로 8, 3층 (연산동)",129.0824538,35.1864229
바른이치과의원,치과의원,부산,210005,부산북구,"부산광역시 북구 덕천로 233, (만덕동)",129.0298175,35.2108378
바른이치과의원,치과의원,부산,210004,부산진구,"부산광역시 부산진구 중앙대로 615, (범천동)",129.0586137,35.147678
바른이치과의원,치과의원,부산,210009,부산해운대구,"부산광역시 해운대구 양운로42번길 20, (좌동)",129.1773813,35.1686828
바른이치과의원,치과의원,부산,210100,부산기장군,"부산광역시 기장군 정관읍 정관로 495, (정관읍)",129.1706709,35.3259152
바른자세재활의학과의원,의원,부산,210001,부산남구,"부산광역시 남구 분포로 115, B동 5층 503, 504호 (용호동, 힐탑탑플레이스)",129.112892,35.132059
바른장내과의원,의원,부산,210014,부산수영구,"부산광역시 수영구 수영로 669, 신세계메디컬센터 4층 (광안동)",129.1145154,35.1655671
바른재활의학과의원,의원,부산,210015,부산사상구,"부산광역시 사상구 가야대로 272, 메디칼센타 2,4층 (주례동)",129.0022775,35.1501098
바른정내과의원,의원,부산,210009,부산해운대구,"부산광역시 해운대구 선수촌로 7, 201,301,601호 (반여동, 반여메디컬센터)",129.1185159,35.1944837
바른정치과의원,치과의원,부산,210011,부산금정구,"부산광역시 금정구 청룡예전로 2, 4층 (청룡동, 경신빌딩)",129.0923733,35.2739503
바른정플란트치과의원,치과의원,부산,210005,부산북구,"부산광역시 북구 금곡대로199번길 3, 6층 (화명동, 화명동K빌딩)",129.0105902,35.2265679
바른정한의원,한의원,부산,210005,부산북구,"부산광역시 북구 학사로 3, 2층 (화명동)",129.0086071,35.2236888
바른정형외과의원,의원,부산,210005,부산북구,"부산광역시 북구 금곡대로8번길 33, 2층 2-2호 (덕천동, 아남프라자)",129.0072295,35.2115127
바른정형외과의원,의원,부산,210100,부산기장군,"부산광역시 기장군 정관읍 정관4로 40, (정관읍)",129.1711148,35.3261931
바른정형외과의원,의원,부산,210004,부산진구,"부산광역시 부산진구 가야대로 476-1, 6,7층 (개금동)",129.0241632,35.1529083
바른치과의원,치과의원,부산,210003,부산동래구,"부산광역시 동래구 온천장로 75, 상가동 201호 (온천동, KH파인우스)",129.081946,35.21815
바른케어의원,의원,부산,210014,부산수영구,"부산광역시 수영구 광안해변로 291, 2층 (민락동)",129.125354,35.1564308
바른플란트치과의원,치과의원,부산,210003,부산동래구,"부산광역시 동래구 미남로132번길 112, 4층 (온천동)",129.0753945,35.2052314
바른플란트치과의원,치과의원,부산,210001,부산남구,"부산광역시 남구 수영로 240-1, 이지스퀘어빌딩 3층 301호 (대연동)",129.0930379,35.1349339
바른해인한의원,한의원,부산,210011,부산금정구,"부산광역시 금정구 금강로 198, 1층 (장전동)",129.0826719,35.2261074
바바성형외과의원,의원,부산,210010,부산사하구,"부산광역시 사하구 낙동남로 1426, 3, 4(일부)층 (하단동)",128.9676121,35.1059313
바스키아의원,의원,부산,210009,부산해운대구,"부산광역시 해운대구 좌동순환로 505, 센트럴메디타워 401~402호 (중동)",129.1682073,35.165667
박가정의학과의원,의원,부산,210010,부산사하구,"부산광역시 사하구 제석로 68, (당리동)",128.9753842,35.1064196
박경현치과의원,치과의원,부산,210013,부산연제구,"부산광역시 연제구 월드컵대로 142-1, 동해메디컬 17층 (연산동)",129.080821,35.1866122
박경호치과의원,치과의원,부산,210010,부산사하구,"부산광역시 사하구 낙동대로 443, (하단동)",128.9699704,35.1045912
박경호치과의원,치과의원,부산,210015,부산사상구,"부산광역시 사상구 가야대로 272-1, 4층 유창빌딩 (주례동)",129.0024355,35.1501131
박경훈한의원,한의원,부산,210003,부산동래구,"부산광역시 동래구 충렬대로237번길 2, 동래고은빌딩 1~2층 (수안동)",129.0854044,35.2016264
박관식내과의원,의원,부산,210012,부산강서구,"부산광역시 강서구 신호산단2로 21, 204호 (신호동)",128.877794,35.08708
박규욱비뇨기과의원,의원,부산,210003,부산동래구,"부산광역시 동래구 충렬대로 248, 2층 (수안동)",129.08623,35.2010244
박근준유외과의원,의원,부산,210013,부산연제구,"부산광역시 연제구 중앙대로 1091, 4층 (연산동, 제세빌딩)",129.0806502,35.1854186
박기남마취통증의학과의원,의원,부산,210011,부산금정구,"부산광역시 금정구 부곡로 120-1, 3층 (부곡동, 명성빌딩)",129.0920669,35.2265791
박기백치과의원,치과의원,부산,210013,부산연제구,"부산광역시 연제구 월드컵대로 3, 6층 (연산동)",129.0861014,35.1751031
박기봉치과의원,치과의원,부산,210011,부산금정구,"부산광역시 금정구 중앙대로1985번길 1, (남산동)",129.0913661,35.2615078
박기현이비인후과의원,의원,부산,210010,부산사하구,"부산광역시 사하구 낙동남로 1392, (하단동)",128.9638445,35.1058699
박내과의원,의원,부산,210005,부산북구,"부산광역시 북구 효열로 210, 202호 (금곡동)",129.0189482,35.2627539
박내과의원,의원,부산,210013,부산연제구,"부산광역시 연제구 거제천로87번길 40, (거제동)",129.0711818,35.1830412
박노춘내과의원,의원,부산,210014,부산수영구,"부산광역시 수영구 연수로 376, 1층 (광안동)",129.1109023,35.1700037
박달나무한의원,한의원,부산,210005,부산북구,"부산광역시 북구 만덕대로 21, 5층 (덕천동)",129.0073181,35.2108582
박동균치과의원,치과의원,부산,210001,부산남구,"부산광역시 남구 수영로 277, (대연동, 라오빌딩 5층)",129.0967844,35.1361049
박동수치과의원,치과의원,부산,210004,부산진구,"부산광역시 부산진구 동성로 133, (전포동)",129.0644843,35.1605527
박만규피부과의원,의원,부산,210015,부산사상구,"부산광역시 사상구 가야대로 272, 3층 (주례동)",129.0022775,35.1501098
박무정의원,의원,부산,210013,부산연제구,"부산광역시 연제구 월드컵대로 241, 2~3층 (거제동)",129.0706819,35.1897936
박민근외과의원,의원,부산,210011,부산금정구,"부산광역시 금정구 서동중심로 15, (서동)",129.1041724,35.2112588
박민기내과의원,의원,부산,210013,부산연제구,"부산광역시 연제구 중앙대로 1033, 2층,4층 (연산동)",129.0771446,35.1809323
박민성정신건강의학과의원,의원,부산,210010,부산사하구,"부산광역시 사하구 낙동남로 1417, 6층 (하단동)",128.9666289,35.1065996
박민호치과의원,치과의원,부산,210005,부산북구,"부산광역시 북구 만덕대로 78, (덕천동)",129.013509,35.2119768
박병규내과의원,의원,부산,210006,부산서구,"부산광역시 서구 까치고개로 191, 2층 (아미동2가)",129.0169769,35.1002227
박병률의원,의원,부산,210013,부산연제구,"부산광역시 연제구 시청로 34, (연산동)",129.0738025,35.1819774
박병엽내과의원,의원,부산,210013,부산연제구,"부산광역시 연제구 거제대로 158, (거제동)",129.0705704,35.1823435
박상욱가정의학과의원,의원,부산,210003,부산동래구,"부산광역시 동래구 동래로148번길 24, 1층일부,2층 (복천동)",129.0855839,35.2047048
박상조소아청소년과의원,의원,부산,210010,부산사하구,"부산광역시 사하구 하신중앙로 184, 111호 (신평동)",128.9623089,35.0952862
박상훈치과의원,치과의원,부산,210005,부산북구,"부산광역시 북구 시랑로 84, (구포동)",129.0058098,35.1981879
박상희내과의원,의원,부산,210010,부산사하구,"부산광역시 사하구 다대로 555, (다대동)",128.9710096,35.0566329
박서희정신건강의학과의원,의원,부산,210013,부산연제구,"부산광역시 연제구 월드컵대로 124, 9층 (연산동)",129.0823086,35.1854331
박성국치과의원,치과의원,부산,210007,부산영도구,"부산광역시 영도구 절영로 123, 2층 (영선동3가)",129.0425547,35.0850635
박성기소아청소년과의원,의원,부산,210010,부산사하구,"부산광역시 사하구 하신번영로 233, 227동 201~203호 (하단동, 가락타운2단지아파트상가)",128.9574385,35.1014214
박성배피부과의원,의원,부산,210003,부산동래구,"부산광역시 동래구 충렬대로 249-1, 2층 (수안동)",129.0867123,35.2014178
박성수내과의원,의원,부산,210004,부산진구,"부산광역시 부산진구 중앙대로 921, 2층 (양정동)",129.0705254,35.1725016
박성수소아청소년과의원,의원,부산,210009,부산해운대구,"부산광역시 해운대구 해운대로38번길 70, 3층 302호 (재송동)",129.1175913,35.191057
박성욱피부과의원,의원,부산,210010,부산사하구,"부산광역시 사하구 낙동남로 1424, 동원빌딩 6층 (하단동)",128.9674227,35.1058736
박성인안과의원,의원,부산,210003,부산동래구,"부산광역시 동래구 금강공원로 5-1, (온천동)",129.0836234,35.2182019
박세운치과의원,치과의원,부산,210003,부산동래구,"부산광역시 동래구 충렬대로182번길 4, 2층 (명륜동)",129.0795512,35.2034804
박소아청소년과의원,의원,부산,210002,부산동구,"부산광역시 동구 초량상로 92, (초량동)",129.0389377,35.1197395
박소아청소년과의원,의원,부산,210100,부산기장군,"부산광역시 기장군 일광읍 해빛로 17, 4층 402호",129.2260207,35.2663011
박소양산부인과의원,의원,부산,210001,부산남구,"부산광역시 남구 분포로 111, (용호동, LG메트로시티 상가 1003-305호)",129.1121446,35.1279925
박수연외과의원,의원,부산,210013,부산연제구,"부산광역시 연제구 과정로 336, (연산동)",129.0913643,35.190323
박숙현정신건강의학과의원,의원,부산,210014,부산수영구,"부산광역시 수영구 수영로 382, (남천동, 광림빌딩5층)",129.1067575,35.1406244
박승원소아청소년과의원,의원,부산,210015,부산사상구,"부산광역시 사상구 가야대로 290-8, (주례동)",129.0046713,35.1501454
박시영이비인후과의원,의원,부산,210015,부산사상구,"부산광역시 사상구 사상로 246, 5층 (괘법동)",128.9826389,35.1667643
박애의원,의원,부산,210015,부산사상구,"부산광역시 사상구 사상로 289, (덕포동)",128.9826403,35.1707375
박양희산부인과의원,의원,부산,210010,부산사하구,"부산광역시 사하구 낙동대로 442, 2층 (당리동)",128.970321,35.1049227
박언비뇨의학과의원,의원,부산,210001,부산남구,"부산광역시 남구 수영로 260, 백리명가에덴 5층 511,512호 (대연동)",129.0952329,35.1351378
박영내과의원,의원,부산,210009,부산해운대구,"부산광역시 해운대구 재반로 221-1, 2층 (반여동)",129.1308247,35.1971196
박영수비뇨기과의원,의원,부산,210010,부산사하구,"부산광역시 사하구 낙동대로 453, 3층 (하단동)",128.9689269,35.1052342
박영숙정신건강의학과의원,의원,부산,210009,부산해운대구,"부산광역시 해운대구 센텀2로 20, 804호 (우동, 센텀타워메디칼)",129.1320258,35.1671978
박영호비뇨기과의원,의원,부산,210003,부산동래구,"부산광역시 동래구 중앙대로 1325, 6층 (온천동)",129.0775368,35.2053247
박영환치과의원,치과의원,부산,210013,부산연제구,"부산광역시 연제구 과정로 102, 3층 (연산동)",129.1073475,35.1805536
박왕봉치과의원,치과의원,부산,210010,부산사하구,"부산광역시 사하구 다대로 246, 2층 (장림동)",128.9770723,35.0804113
박용상박동원비뇨기과의원,의원,부산,210008,부산중구,"부산광역시 중구 광복로97번안길 6-3, (광복동1가)",129.0346657,35.0992409
박용수치과의원,치과의원,부산,210015,부산사상구,"부산광역시 사상구 백양대로 887, (모라동)",128.9908684,35.1854193
박용환의원,의원,부산,210004,부산진구,"부산광역시 부산진구 당감로 24, (당감동)",129.0397818,35.1637668
박우경치과교정과치과의원,치과의원,부산,210014,부산수영구,"부산광역시 수영구 수영로 667, 5층 (광안동)",129.114484,35.1653656
박원욱병원,병원,부산,210014,부산수영구,"부산광역시 수영구 광안로 4, 지하1층,지상5~8층 (광안동, 에스케이뷰상가)",129.1133756,35.1569388
박윤하비뇨기과의원,의원,부산,210013,부산연제구,"부산광역시 연제구 반송로 5, 4층 (연산동)",129.0820854,35.1867513
박은선산부인과의원,의원,부산,210010,부산사하구,"부산광역시 사하구 사하로 201, 2층 (괴정동)",128.9931203,35.0997096
박이비인후과의원,의원,부산,210002,부산동구,"부산광역시 동구 중앙대로 383, (수정동, 메디칼센터)",129.0490939,35.1295419
박이비인후과의원,의원,부산,210009,부산해운대구,"부산광역시 해운대구 선수촌로 102-2, 3층 (반여동, 부원메디칼센터)",129.1196159,35.2027865
박이훈치과의원,치과의원,부산,210003,부산동래구,"부산광역시 동래구 사직북로 4, 5층 501호 (사직동, 삼정 자이언츠 파크)",129.0613598,35.1962582
박인범한의원,한의원,부산,210004,부산진구,"부산광역시 부산진구 냉정로 227, 2층 (개금동)",129.024567,35.1511919
박인순신경정신과의원,의원,부산,210002,부산동구,"부산광역시 동구 중앙대로 371, (수정동)",129.0484262,35.1287466
박인주마취통증의학과의원,의원,부산,210005,부산북구,"부산광역시 북구 만덕대로 13, (덕천동)",129.0065449,35.2106933
박재석내과의원,의원,부산,210005,부산북구,"부산광역시 북구 금곡대로 287, (화명동)",129.0133222,35.2341977
박재영이비인후과의원,의원,부산,210004,부산진구,"부산광역시 부산진구 서면로 74, 1801호 (부전동)",129.0581339,35.1570677
박재홍의원,의원,부산,210006,부산서구,"부산광역시 서구 대영로18번길 22, 2,3층 (서대신동2가)",129.0131047,35.1092591
박정숙소아청소년과의원,의원,부산,210009,부산해운대구,"부산광역시 해운대구 해운대해변로 83, 401호 (우동, 경남마리나상가)",129.1423237,35.1616441
박정원한의원,한의원,부산,210003,부산동래구,"부산광역시 동래구 반송로 271, (명장동)",129.1008877,35.2042134
박정하정형외과의원,의원,부산,210013,부산연제구,"부산광역시 연제구 과정로 274, 4~6층 (연산동)",129.097438,35.1881505
박정형외과의원,의원,부산,210011,부산금정구,"부산광역시 금정구 중앙대로 1727, 2,3층 (부곡동)",129.0921434,35.2385973
박정형웰치과의원,치과의원,부산,210014,부산수영구,"부산광역시 수영구 수영로 517, 센터럴타워 10층 1001호 (광안동)",129.1113216,35.1520778
박종권신경과의원,의원,부산,210009,부산해운대구,"부산광역시 해운대구 재반로12번길 27, 1층 (재송동)",129.1275415,35.1807932
박종남내과의원,의원,부산,210010,부산사하구,"부산광역시 사하구 장평로 298, (신평동)",128.9734434,35.0927409
박종성내과의원,의원,부산,210011,부산금정구,"부산광역시 금정구 서동로 165, (서동)",129.1045987,35.2147651
박종을치과의원,치과의원,부산,210006,부산서구,"부산광역시 서구 대티로 178, 12,13,14호 (서대신동2가, 대신해모로센트럴아파트)",129.0115556,35.1113599
박주원치과의원,치과의원,부산,210009,부산해운대구,"부산광역시 해운대구 선수촌로 102, 3층 (반여동, 부원빌딩)",129.1195107,35.2025927
박준석비뇨기과의원,의원,부산,210003,부산동래구,"부산광역시 동래구 사직북로 21, 7층 (사직동)",129.0602486,35.1977084
박준치과의원,치과의원,부산,210010,부산사하구,"부산광역시 사하구 다대로 624, (다대동)",128.9703065,35.0508787
박준형피부과의원,의원,부산,210009,부산해운대구,"부산광역시 해운대구 해운대로 409, 501호 (우동, 굿팀메디털)",129.1409667,35.167541
박지태치과의원,치과의원,부산,210011,부산금정구,"부산광역시 금정구 금강로 442, 2층 (구서동, 보배빌딩)",129.0891126,35.2470219
박지현산부인과의원,의원,부산,210015,부산사상구,"부산광역시 사상구 가야대로 272, (주례동)",129.0022775,35.1501098
박지호한의원,한의원,부산,210004,부산진구,"부산광역시 부산진구 성지로 56, 1층 (연지동)",129.0550299,35.1755128
박지훈정신건강의학과의원,의원,부산,210001,부산남구,"부산광역시 남구 수영로 330, 신화빌딩 3층 (대연동)",129.101997,35.1380535
박진복이비인후과의원,의원,부산,210005,부산북구,"부산광역시 북구 금곡대로 287, (화명동, 삼한골든뷰)",129.0133222,35.2341977
박진우내과의원,의원,부산,210100,부산기장군,"부산광역시 기장군 정관읍 정관로 569, 정관 제일타워 401,402,403호",129.1762601,35.321684
박진우치과의원,치과의원,부산,210004,부산진구,"부산광역시 부산진구 중앙대로 633, (범천동)",129.0589559,35.1492696
박진훈의원,의원,부산,210002,부산동구,"부산광역시 동구 진성로 15, 2층3층 (수정동)",129.0476241,35.1301062
박찬복내과의원,의원,부산,210014,부산수영구,"부산광역시 수영구 수영로 581, 3층 (광안동)",129.1128045,35.1576639
박찬석치과의원,치과의원,부산,210004,부산진구,"부산광역시 부산진구 가야대로 488, (개금동)",129.0253827,35.152901
박창수한의원,한의원,부산,210001,부산남구,"부산광역시 남구 고동골로 8, (문현동)",129.0712568,35.1376129
박창호안과의원,의원,부산,210013,부산연제구,"부산광역시 연제구 중앙대로 1033, 5층 (연산동)",129.0771446,35.1809323
박철보비뇨기과의원,의원,부산,210004,부산진구,"부산광역시 부산진구 가야대로 763-1, (부전동)",129.0551309,35.1579134
박철흠치과의원,치과의원,부산,210001,부산남구,"부산광역시 남구 용호로 95, (용호동)",129.1127358,35.1237589
박춘배치과의원,치과의원,부산,210003,부산동래구,"부산광역시 동래구 명륜로94번길 53, (복천동)",129.084005,35.2046821
박치과의원,치과의원,부산,210100,부산기장군,"부산광역시 기장군 기장읍 차성로288번길 57, (기장읍)",129.216927,35.2431864
박치과의원,치과의원,부산,210004,부산진구,"부산광역시 부산진구 당감로 19, (당감동)",129.0394898,35.1634099
박치호의원,의원,부산,210010,부산사하구,"부산광역시 사하구 낙동대로 447, 7층 (하단동)",128.9695128,35.1048195
박피부과의원,의원,부산,210004,부산진구,"부산광역시 부산진구 동천로 116, 404호 (전포동, 한신밴오피스텔)",129.0626336,35.1590568
박해일내과의원,의원,부산,210007,부산영도구,"부산광역시 영도구 동삼로 25, (동삼동)",129.0717648,35.0760275
박현숙치과의원,치과의원,부산,210100,부산기장군,"부산광역시 기장군 기장읍 차성동로 114, 4층 (신세계정형외과)",129.2170494,35.247926
박현용내과의원,의원,부산,210001,부산남구,"부산광역시 남구 용호로 141, 5층 (용호동)",129.1122342,35.1193884
박형근피부과의원,의원,부산,210005,부산북구,"부산광역시 북구 만덕대로 14, (덕천동)",129.0067235,35.2102083
박혜경내과의원,의원,부산,210009,부산해운대구,"부산광역시 해운대구 센텀2로 10, 702호 (우동, 센텀메디컬센터)",129.1315304,35.1678325
박홍석이비인후과의원,의원,부산,210001,부산남구,"부산광역시 남구 수영로 203, (대연동, 대연 메디칼센터 301호)",129.0889129,35.1351854
박후근내과의원,의원,부산,210014,부산수영구,"부산광역시 수영구 수영로 386-1, 4층 (남천동, 원탄클리닉)",129.1071528,35.1409233
박흥철치과의원,치과의원,부산,210009,부산해운대구,"부산광역시 해운대구 해운대로 814, 세종월드프라자 308호 (좌동)",129.1776778,35.1695768
박희령내과의원,의원,부산,210014,부산수영구,"부산광역시 수영구 과정로 61, (망미동)",129.1070735,35.1768668
반도치과의원,치과의원,부산,210010,부산사하구,"부산광역시 사하구 낙동대로 451, 3층 (하단동, 금동빌딩)",128.9689973,35.1050515
반석치과의원,치과의원,부산,210009,부산해운대구,"부산광역시 해운대구 선수촌로 101, 4층 (반여동)",129.1192416,35.2027792
반송치과의원,치과의원,부산,210009,부산해운대구,"부산광역시 해운대구 반송로 926, (반송동, 반송치과의원)",129.1546422,35.2326212
반송쾌한의원,한의원,부산,210009,부산해운대구,"부산광역시 해운대구 신반송로 208, 2층 (반송동)",129.1575904,35.2307114
반송한의원,한의원,부산,210009,부산해운대구,"부산광역시 해운대구 윗반송로31번길 97, (반송동)",129.154885,35.2321404
반여가정의학과의원,의원,부산,210009,부산해운대구,"부산광역시 해운대구 재반로 227, 수협 2층 (반여동)",129.1308891,35.1975565
반여센텀소아청소년과의원,의원,부산,210009,부산해운대구,"부산광역시 해운대구 선수촌로 65-25, 우진빌딩 1,2층일부,3~5층 (반여동)",129.1175268,35.1996918
반여센텀치과의원,치과의원,부산,210009,부산해운대구,"부산광역시 해운대구 선수촌로 7, 5층 (반여동, 반여센텀메디컬)",129.1185159,35.1944837
반여으뜸한의원,한의원,부산,210009,부산해운대구,"부산광역시 해운대구 선수촌로 98, 경신빌딩 4층 (반여동)",129.1195202,35.2024093
반여한의원,한의원,부산,210009,부산해운대구,"부산광역시 해운대구 선수촌로 179, 2층 (반여동)",129.1236205,35.2088654
반올림성형외과의원,의원,부산,210004,부산진구,"부산광역시 부산진구 범일로 127, (범천동)",129.0590642,35.1415079
발머스한의원,한의원,부산,210013,부산연제구,"부산광역시 연제구 중앙대로 1111, 위드타워 6층 일부호 (연산동)",129.0811097,35.1867689
발머스한의원,한의원,부산,210004,부산진구,"부산광역시 부산진구 중앙대로 747, 그린메디컬센터 13층 (부전동)",129.0600126,35.1593889
밝은김안과의원,의원,부산,210014,부산수영구,"부산광역시 수영구 수영로 379, 4층 (남천동, 스타메디칼빌딩)",129.1062442,35.1408771
밝은눈안과병원,병원,부산,210004,부산진구,"부산광역시 부산진구 가야대로 729, (부암동)",129.0513538,35.1579106
밝은마음병원,정신병원,부산,210009,부산해운대구,"부산광역시 해운대구 해운대로 575, 2~5층 (우동, 국제빌딩)",129.1543774,35.1615007
밝은미래안과의원,의원,부산,210005,부산북구,"부산광역시 북구 화명대로 42, 302호 (화명동, 우리메디칼)",129.0126896,35.2344122
밝은미소치과의원,치과의원,부산,210001,부산남구,"부산광역시 남구 분포로 113, (용호동)",129.109571,35.129786
밝은미소치과의원,치과의원,부산,210013,부산연제구,"부산광역시 연제구 중앙대로 1093, 7,8층 (연산동)",129.0808506,35.1855396
밝은미소치과의원,치과의원,부산,210004,부산진구,"부산광역시 부산진구 대학로 5, 4층 (가야동)",129.0376908,35.1544286
밝은빛안과의원,의원,부산,210003,부산동래구,"부산광역시 동래구 사직북로 25-1, 5층 (사직동, 장전빌딩)",129.0600902,35.1981387
밝은빛한의원,한의원,부산,210008,부산중구,"부산광역시 중구 광복로97번길 1, 3층 (동광동1가)",129.0354423,35.0988951
밝은성모안과의원,의원,부산,210004,부산진구,"부산광역시 부산진구 중앙대로 723, 5,6층 (부전동)",129.0583789,35.157141
밝은세상안과의원,의원,부산,210004,부산진구,"부산광역시 부산진구 서면로 74, 8-11층 (부전동, 아이온시티)",129.0581339,35.1570677
밝은수안과의원,의원,부산,210004,부산진구,"부산광역시 부산진구 가야대로 781-1, 8,9층 (부전동)",129.0571179,35.1580275
밝은이안과의원,의원,부산,210010,부산사하구,"부산광역시 사하구 다대로 279, 2층 (장림동)",128.9774972,35.0772987
밝은이안과의원,의원,부산,210100,부산기장군,"부산광역시 기장군 정관면 정관로 561, 3층 301호",129.1753817,35.3220259
밝은이치과의원,치과의원,부산,210013,부산연제구,"부산광역시 연제구 중앙대로 1098, 3층 (연산동)",129.0815241,35.1852745
밝은한의원,한의원,부산,210002,부산동구,"부산광역시 동구 중앙대로 527, 1,2층 (범일동)",129.0562118,35.1403807
밝은현안과의원,의원,부산,210003,부산동래구,"부산광역시 동래구 명안로85번길 52, (명장동)",129.1017827,35.2048379
밝은홍안과의원,의원,부산,210011,부산금정구,"부산광역시 금정구 중앙대로 1917, 5층 (구서동)",129.0910651,35.2555301
방경환동행치과의원,치과의원,부산,210003,부산동래구,"부산광역시 동래구 명륜로103번길 3, 1층 (명륜동, 엘리유리안)",129.08311,35.2027818
방영근내과의원,의원,부산,210003,부산동래구,"부산광역시 동래구 석사로 45-1, 1층 (사직동)",129.0641074,35.2004759
배가정의학과의원,의원,부산,210015,부산사상구,"부산광역시 사상구 괘감로 115, (감전동)",128.9870158,35.1568263
배광열소아청소년과의원,의원,부산,210009,부산해운대구,"부산광역시 해운대구 재반로 83, (재송동)",129.1253473,35.1861008
배산메디칼의원,의원,부산,210013,부산연제구,"부산광역시 연제구 연수로 216, 4층 (연산동)",129.0942257,35.1734751
배산소아청소년과의원,의원,부산,210013,부산연제구,"부산광역시 연제구 연수로 223, 2층 (연산동)",129.0951904,35.1737319
배산치과의원,치과의원,부산,210013,부산연제구,"부산광역시 연제구 연수로 217, 3층 (연산동)",129.094581,35.1738232
배성범정형외과의원,의원,부산,210001,부산남구,"부산광역시 남구 우암로 100, (감만동)",129.0808678,35.1191939
배재용안과의원,의원,부산,210013,부산연제구,"부산광역시 연제구 중앙대로 1049, (연산동)",129.0781692,35.1823199
배정엽한의원,한의원,부산,210014,부산수영구,"부산광역시 수영구 남천동로108번길 16, (남천동)",129.1122933,35.1461162
배정형외과의원,의원,부산,210005,부산북구,"부산광역시 북구 백양대로 1017, (구포동)",128.9945319,35.1967405
배제현한의원,한의원,부산,210004,부산진구,"부산광역시 부산진구 성지로 80-1, 1층 (초읍동)",129.0539988,35.1778183
배주한피부과의원,의원,부산,210010,부산사하구,"부산광역시 사하구 낙동대로 213, 4층 (괴정동)",128.993539,35.0999895
배지호신경과의원,의원,부산,210003,부산동래구,"부산광역시 동래구 중앙대로 1325, 9층 902호 (온천동, 이센타워)",129.0775368,35.2053247
배철의원,의원,부산,210004,부산진구,"부산광역시 부산진구 가야대로 747, (부전동)",129.0531174,35.1580107
배치과의원,치과의원,부산,210004,부산진구,"부산광역시 부산진구 성지로 80-1, 2층 (초읍동)",129.0539988,35.1778183
배현성치과의원,치과의원,부산,210003,부산동래구,"부산광역시 동래구 충렬대로 429, (안락동)",129.1055237,35.1966326
배현호내과의원,의원,부산,210015,부산사상구,"부산광역시 사상구 낙동대로 774, 2층 (엄궁동)",128.9713335,35.1298172
백강한의원,한의원,부산,210005,부산북구,"부산광역시 북구 백양대로 1190, 4층 (구포동)",129.0054366,35.2085314
백년미소치과의원,치과의원,부산,210015,부산사상구,"부산광역시 사상구 운산로 52, 한사랑 약국 5층 (괘법동)",128.9817929,35.1676943
백두한의원,한의원,부산,210011,부산금정구,"부산광역시 금정구 금강로 414, 1층 (구서동)",129.088325,35.244464
백록안과의원,의원,부산,210004,부산진구,"부산광역시 부산진구 새싹로 19, 7,8층 (부전동)",129.0573082,35.159495
백문기한의원,한의원,부산,210015,부산사상구,"부산광역시 사상구 광장로87번길 61, (괘법동)",128.9844859,35.1651644
백보한의원,한의원,부산,210011,부산금정구,"부산광역시 금정구 금강로335번길 1, (장전동)",129.0863522,35.2378268
백산한의원,한의원,부산,210014,부산수영구,"부산광역시 수영구 연수로 412, 2층 (광안동)",129.1139159,35.1679307
백산한의원,한의원,부산,210003,부산동래구,"부산광역시 동래구 사직북로 4, 사직동 자이언츠 파크 302호 (사직동)",129.0613598,35.1962582
백상붕의원,의원,부산,210013,부산연제구,"부산광역시 연제구 거제천로 248, 3층 (연산동)",129.0840139,35.1919892
백성욱정신건강의학과의원,의원,부산,210013,부산연제구,"부산광역시 연제구 중앙대로 1108, 2층 (연산동)",129.08199,35.1867464
백세내과의원,의원,부산,210009,부산해운대구,"부산광역시 해운대구 중동1로 39, 3층 (중동)",129.1635698,35.1622316
백세동덕한의원,한의원,부산,210010,부산사하구,"부산광역시 사하구 하신중앙로 340, 2층 (하단동)",128.9674946,35.1054711
백세메디칼의원,의원,부산,210004,부산진구,"부산광역시 부산진구 당감서로98번길 32, 2층 (부암동)",129.0360235,35.169893
백세한의원,한의원,부산,210003,부산동래구,"부산광역시 동래구 충렬대로428번길 28, 3층 (안락동)",129.104409,35.1953004
백세힐링한의원,한의원,부산,210003,부산동래구,"부산광역시 동래구 여고로113번길 73, 1층 (사직동)",129.073948,35.2015719
백승우안과의원,의원,부산,210010,부산사하구,"부산광역시 사하구 다대로 255, (장림동)",128.9776691,35.0796659
백암한의원,한의원,부산,210003,부산동래구,"부산광역시 동래구 아시아드대로 185, (사직동)",129.0646593,35.2010363
백양e편한치과의원,치과의원,부산,210004,부산진구,"부산광역시 부산진구 동평로 108-1, 7층 (당감동, 백양메디컬센터)",129.0413744,35.1656564
백양제일내과의원,의원,부산,210004,부산진구,"부산광역시 부산진구 동평로 108-1, 4,5층 (당감동)",129.0413744,35.1656564
백양한의원,한의원,부산,210015,부산사상구,"부산광역시 사상구 백양대로 900, 2층 (모라동, 백양빌딩)",128.9911173,35.1866793
백용운소아청소년과의원,의원,부산,210011,부산금정구,"부산광역시 금정구 장전로 10, 가온메디컬 4층 (장전동)",129.0876258,35.2278296
백의원,의원,부산,210002,부산동구,"부산광역시 동구 진성로 22, 5층 (수정동)",129.0474719,35.1305357
백정신건강의학과의원,의원,부산,210014,부산수영구,"부산광역시 수영구 수영로 675, 큐비 메디컬센터 12층 (광안동)",129.1144938,35.1659533
백정형외과의원,의원,부산,210009,부산해운대구,"부산광역시 해운대구 양운로 92, 나하나빌딩 8층 (좌동)",129.1749351,35.171238
백제한의원,한의원,부산,210004,부산진구,"부산광역시 부산진구 성지로 151, (초읍동,용주빌딩 2층)",129.0479738,35.1816713
백제한의원,한의원,부산,210009,부산해운대구,"부산광역시 해운대구 재반로 96-2, 2층 (재송동)",129.1257424,35.187035
백준호치과의원,치과의원,부산,210004,부산진구,"부산광역시 부산진구 전포대로200번길 27, 강남메디컬센터 5층 (전포동)",129.0671035,35.1546646
백천피부과의원,의원,부산,210010,부산사하구,"부산광역시 사하구 낙동대로 212, 4층 (괴정동)",128.9936261,35.1005469
백초당한의원,한의원,부산,210003,부산동래구,"부산광역시 동래구 충렬대로237번길 146, (명륜동)",129.0824911,35.2073778
백치과의원,치과의원,부산,210010,부산사하구,"부산광역시 사하구 낙동대로 205, (괴정동)",128.9941765,35.100225
백치과의원,치과의원,부산,210002,부산동구,"부산광역시 동구 중앙대로 375-1, 2층 (수정동)",129.04865,35.1290297
백평한의원,한의원,부산,210009,부산해운대구,"부산광역시 해운대구 윗반송로 64, 지하1층 (반송동)",129.1564768,35.2297438
밴스의원,의원,부산,210004,부산진구,"부산광역시 부산진구 서면로 48, 현경빌딩 3~4층 (부전동)",129.0580331,35.1549621
밸런스성형외과의원,의원,부산,210004,부산진구,"부산광역시 부산진구 부전로66번길 38, 2,3,4,5층 (부전동)",129.0568169,35.1557856
버드나무한의원,한의원,부산,210004,부산진구,"부산광역시 부산진구 서면로 59, 삼정노블빌딩 9층 (부전동)",129.0575468,35.1560117
버드나무한의원,한의원,부산,210013,부산연제구,"부산광역시 연제구 거제시장로 14, (거제동)",129.0721583,35.181045
범어연합치과의원,치과의원,부산,210011,부산금정구,"부산광역시 금정구 중앙대로 2102, (남산동)",129.0929816,35.27203
범일신통한의원,한의원,부산,210002,부산동구,"부산광역시 동구 범일로 108, (범일동)",129.0596622,35.139608
범일연세내과의원,의원,부산,210002,부산동구,"부산광역시 동구 범일로 102, 7층 (범일동, 성호빌딩)",129.059695,35.1392273
범천박의원,의원,부산,210002,부산동구,"부산광역시 동구 망양로 911, (범일동)",129.0507132,35.1398252
범플란트치과의원,치과의원,부산,210005,부산북구,"부산광역시 북구 만덕대로 43, 복음항외과빌딩 5층 (덕천동)",129.009647,35.2114478
베리웰치과의원,치과의원,부산,210009,부산해운대구,"부산광역시 해운대구 세실로 75, 3층 (좌동, 일진빌딩)",129.1767685,35.1712912
베스트의원,의원,부산,210011,부산금정구,"부산광역시 금정구 식물원로 59, 1층 (장전동, B/K 오피스텔 101호)",129.0818587,35.2252281
베스트이비인후과의원,의원,부산,210003,부산동래구,"부산광역시 동래구 충렬대로 259, 동호 디시티 2층,3층 일부호 (낙민동)",129.0876941,35.2012313
베스트피부과의원,의원,부산,210009,부산해운대구,"부산광역시 해운대구 해운대로 814, 세종월드프라자 603호 일부호 (좌동)",129.1776778,35.1695768
베이스피부과의원,의원,부산,210009,부산해운대구,"부산광역시 해운대구 센텀2로 24, 센텀다이아몬드 203, 204호 일부호 (우동)",129.1324555,35.1666813
베테랑병원,병원,부산,210013,부산연제구,"부산광역시 연제구 중앙대로 1098, 7~11층 (연산동)",129.0815241,35.1852745
베토벤치과의원,치과의원,부산,210014,부산수영구,"부산광역시 수영구 수영로 754, 상가동 2층 203, 204호 (민락동, 센텀비스타동원)",129.1204388,35.166836
벧엘피부과의원,의원,부산,210003,부산동래구,"부산광역시 동래구 충렬대로 160, 4층 (온천동)",129.0773947,35.2043683
벽옥한의원,한의원,부산,210013,부산연제구,"부산광역시 연제구 중앙대로 1131, 연산메디칼센타 2층 (연산동)",129.0806844,35.1885386
변소아청소년과의원,의원,부산,210004,부산진구,"부산광역시 부산진구 대학로 14, (가야동)",129.0369419,35.1541696
변의원,의원,부산,210009,부산해운대구,"부산광역시 해운대구 재반로 85, 2층 (재송동)",129.1253414,35.1863144
변창순치과의원,치과의원,부산,210008,부산중구,"부산광역시 중구 중앙대로 111, (대창동1가)",129.036072,35.107627
별빛치과의원,치과의원,부산,210001,부산남구,"부산광역시 남구 수영로 200, 2층 (대연동)",129.0884393,35.1347012
병인한의원,한의원,부산,210009,부산해운대구,"부산광역시 해운대구 선수촌로 51, (반여동)",129.1182037,35.1985771
보강재활의학과의원,의원,부산,210013,부산연제구,"부산광역시 연제구 월드컵대로 3, 4층, 5층 (연산동)",129.0861014,35.1751031
보건치과의원,치과의원,부산,210010,부산사하구,"부산광역시 사하구 다대로 423, 6층 (다대동)",128.9798802,35.0652096
보경한의원,한의원,부산,210005,부산북구,"부산광역시 북구 만덕대로27번길 3, 4층 (덕천동)",129.0079373,35.2110281
보광한의원,한의원,부산,210011,부산금정구,"부산광역시 금정구 금샘로 585, (남산동)",129.0848126,35.2746339
보광한의원,한의원,부산,210004,부산진구,"부산광역시 부산진구 가야대로 651, (가야동)",129.0429332,35.1561635
보듬정신건강의학과의원,의원,부산,210004,부산진구,"부산광역시 부산진구 가야대로 784, 7층 (부전동)",129.0574092,35.1573307
보람가정의원,의원,부산,210013,부산연제구,"부산광역시 연제구 연동로 14, 2층 (연산동)",129.0931333,35.1879677
보람내과의원,의원,부산,210005,부산북구,"부산광역시 북구 효열로 75, (금곡동)",129.0136533,35.2528073
보람부부치과의원,치과의원,부산,210004,부산진구,"부산광역시 부산진구 복지로 61, 3층 (개금동, 승현빌딩)",129.0207464,35.1474388
보람산부인과의원,의원,부산,210004,부산진구,"부산광역시 부산진구 동평로 85, 3~5층 (당감동)",129.0388398,35.165552
보람신경외과의원,의원,부산,210003,부산동래구,"부산광역시 동래구 충렬대로459번길 1, (안락동)",129.108544,35.1957495
보람외과의원,의원,부산,210003,부산동래구,"부산광역시 동래구 여고북로 192, 2층 (사직동)",129.0752307,35.2024988
보람요양병원,요양병원,부산,210011,부산금정구,"부산광역시 금정구 중앙대로 1961, (구서동)",129.0910825,35.2593923
보람한의원,한의원,부산,210010,부산사하구,"부산광역시 사하구 장림번영로 34, (장림동)",128.9689899,35.0805747
보령이가정의원,의원,부산,210002,부산동구,"부산광역시 동구 중앙대로 284, 2층 (초량동)",129.0436672,35.1217868
보령한의원,한의원,부산,210004,부산진구,"부산광역시 부산진구 신천대로 188-1, (부암동)",129.0507681,35.1586592
보리은백한의원,한의원,부산,210004,부산진구,"부산광역시 부산진구 가야대로 749-1, 신동아오피스텔 2층 (부전동)",129.0536602,35.1581031
보리한의원,한의원,부산,210011,부산금정구,"부산광역시 금정구 중앙대로 1839, (구서동)",129.0918271,35.2484158
보리한의원,한의원,부산,210012,부산강서구,"부산광역시 강서구 신호산단2로49번길 16, (신호동)",128.8784345,35.0844738
보림의원,의원,부산,210002,부산동구,"부산광역시 동구 중앙대로 535, (범일동)",129.0562934,35.1410229
보명한의원,한의원,부산,210005,부산북구,"부산광역시 북구 화명대로 44, (화명동)",129.013,35.2343739
보명한의원,한의원,부산,210003,부산동래구,"부산광역시 동래구 아시아드대로 214, (온천동)",129.0667236,35.2030767
보문정형외과의원,의원,부산,210011,부산금정구,"부산광역시 금정구 중앙대로 1933, 1~3층 (구서동)",129.0910076,35.256917
보민내과의원,의원,부산,210014,부산수영구,"부산광역시 수영구 수영로 675, 큐비 메디컬센터 3층 (광안동)",129.1144938,35.1659533
보민한의원,한의원,부산,210007,부산영도구,"부산광역시 영도구 태종로 137, 2층 (봉래동3가)",129.0441828,35.0922551
보비쥬의원,의원,부산,210005,부산북구,"부산광역시 북구 만덕대로 11-1, (덕천동)",129.0063794,35.210638
보생요양병원,요양병원,부산,210002,부산동구,"부산광역시 동구 범일로 124, (범일동)",129.0596663,35.1409626
보생한의원,한의원,부산,210100,부산기장군,"부산광역시 기장군 정관면 정관로 395, 3층",129.1660003,35.3341599
보성부부한의원,한의원,부산,210004,부산진구,"부산광역시 부산진구 전포대로 182, (전포동)",129.0657501,35.1527808
보성치과의원,치과의원,부산,210010,부산사하구,"부산광역시 사하구 다대로 244, 4층 (장림동)",128.9770317,35.0807568
보송소아청소년과의원,의원,부산,210009,부산해운대구,"부산광역시 해운대구 해운대로 814, 세종월드프라자 B동 4층 422호 (좌동)",129.1776778,35.1695768
보스턴치과의원,치과의원,부산,210009,부산해운대구,"부산광역시 해운대구 선수촌로 58, 3층 (반여동)",129.1188858,35.1989504
보스톤치과의원,치과의원,부산,210006,부산서구,"부산광역시 서구 구덕로 113, 3층 (충무동1가)",129.023567,35.0962624
보스톤치과의원,치과의원,부산,210002,부산동구,"부산광역시 동구 범일로 101, 2층 (범일동)",129.0591017,35.1389893
보스톤치과의원,치과의원,부산,210100,부산기장군,"부산광역시 기장군 기장읍 읍내로 107, (기장읍)",129.2160113,35.2452692
보스톤플란트치과의원,치과의원,부산,210011,부산금정구,"부산광역시 금정구 서동로 168, 3,4층 (서동)",129.1047804,35.2144461
보스톤한치과의원,치과의원,부산,210005,부산북구,"부산광역시 북구 금곡대로 166, (화명동)",129.0106434,35.2220606
보영한의원,한의원,부산,210100,부산기장군,"부산광역시 기장군 기장읍 차성남로51번길 30, (기장읍)",129.2164239,35.2425685
보인한의원,한의원,부산,210002,부산동구,"부산광역시 동구 조방로49번길 4, (범일동)",129.059907,35.1405548
복신당한의원,한의원,부산,210002,부산동구,"부산광역시 동구 중앙대로 197, 804호 (초량동)",129.0392211,35.1151156
복음외과의원,의원,부산,210100,부산기장군,"부산광역시 기장군 일광면 일광로 99, (일광읍)",129.2330705,35.2653874
복음치과의원,치과의원,부산,210013,부산연제구,"부산광역시 연제구 월드컵대로 19, (연산동, 2층 일부)",129.085551,35.1763808
복있는치과의원,치과의원,부산,210003,부산동래구,"부산광역시 동래구 중앙대로1381번길 17, 3층 (온천동)",129.0768459,35.2107227
복천외과의원,의원,부산,210003,부산동래구,"부산광역시 동래구 동래로 161, (복천동)",129.0883962,35.2041993
본데로정형외과의원,의원,부산,210007,부산영도구,"부산광역시 영도구 태종로 93, 4층 (대교동2가)",129.0412541,35.0918398
본드림한의원,한의원,부산,210001,부산남구,"부산광역시 남구 수영로 345, 115동 303-1호 (대연동, 대연힐스테이푸르지오)",129.1010779,35.1422158
본디올성수한의원,한의원,부산,210013,부산연제구,"부산광역시 연제구 과정로 257, (연산동)",129.0990372,35.1875864
본디올욱당한의원,한의원,부산,210004,부산진구,"부산광역시 부산진구 범일로 129, (범천동)",129.0590018,35.1416223
본디올정흥식한의원,한의원,부산,210003,부산동래구,"부산광역시 동래구 석사로 12, (사직동)",129.0614764,35.1982309
본디올청학한의원,한의원,부산,210007,부산영도구,"부산광역시 영도구 태종로 325, (청학동)",129.061389,35.0966186
본디올현대한의원,한의원,부산,210013,부산연제구,"부산광역시 연제구 아시아드대로 94, (거제동, 3층 일부)",129.0674874,35.1929621
본메디산부인과의원,의원,부산,210003,부산동래구,"부산광역시 동래구 충렬대로 413, 6층 (안락동)",129.1036174,35.1968773
본메디조아의원,의원,부산,210003,부산동래구,"부산광역시 동래구 충렬대로 413, 5층 (안락동)",129.1036174,35.1968773
본베베여성의원,의원,부산,210003,부산동래구,"부산광역시 동래구 중앙대로 1325, 이센타워 13층 (온천동)",129.0775368,35.2053247
본소아청소년과의원,의원,부산,210005,부산북구,"부산광역시 북구 금곡대로 161, 3층 (화명동)",129.0089519,35.2234893
본정신건강의학과의원,의원,부산,210013,부산연제구,"부산광역시 연제구 아시아드대로 92, 4층 (거제동)",129.0674261,35.1927917
본정형외과의원,의원,부산,210014,부산수영구,"부산광역시 수영구 수영로725번길 4, (수영동)",129.1185326,35.1689108
본치과의원,치과의원,부산,210006,부산서구,"부산광역시 서구 구덕로 195, (부민동2가)",129.0197046,35.1021731
본치과의원,치과의원,부산,210011,부산금정구,"부산광역시 금정구 중앙대로 1935, 3층 (구서동)",129.0910691,35.2571834
본피부과의원,의원,부산,210100,부산기장군,"부산광역시 기장군 기장읍 차성동로 63, 5층",129.2162786,35.2434227
봄날재활의학과의원,의원,부산,210003,부산동래구,"부산광역시 동래구 온천장로 114, 허브메디타워 4,5층 (온천동)",129.0847937,35.2205935
봄내과의원,의원,부산,210015,부산사상구,"부산광역시 사상구 가야대로 276, M-square 메디컬센터 4층 (주례동)",129.0027505,35.1500418
봄봄어린이치과의원,치과의원,부산,210012,부산강서구,"부산광역시 강서구 명지국제8로 240, 401호 (명지동)",128.9188877,35.0978297
봄봄한의원,한의원,부산,210009,부산해운대구,"부산광역시 해운대구 마린시티3로 23, 벽산이오렌지프라자 229호~230호 (우동)",129.1469306,35.1566471
봄빛안과의원,의원,부산,210011,부산금정구,"부산광역시 금정구 구서로 17, 3층 (구서동)",129.0890496,35.2466285
봄빛의원,의원,부산,210013,부산연제구,"부산광역시 연제구 과정로 148, 5층 (연산동)",129.1073644,35.1846615
봄빛한의원,한의원,부산,210004,부산진구,"부산광역시 부산진구 동평로 350, (양정동, 양정현대프라자)",129.0632545,35.1745373
봄소아청소년과의원,의원,부산,210100,부산기장군,"부산광역시 기장군 일광읍 해빛1로 74, 일광골드타워 503호",129.2228117,35.2603191
봄치과의원,치과의원,부산,210010,부산사하구,"부산광역시 사하구 다대로 279, (장림동)",128.9774972,35.0772987
봄치과의원,치과의원,부산,210009,부산해운대구,"부산광역시 해운대구 해운대로 814, 세종월드프라자 216호 (좌동)",129.1776778,35.1695768
봄한의원,한의원,부산,210010,부산사하구,"부산광역시 사하구 사하로 199, 2층 (괴정동)",128.9931582,35.0995203
봄한의원,한의원,부산,210015,부산사상구,"부산광역시 사상구 가야대로 278-1, 3층 (주례동)",129.002983,35.1501467
부강 강치과의원,치과의원,부산,210009,부산해운대구,"부산광역시 해운대구 센텀3로 20, 203-1호 (우동, 벡스코 비지니스호텔)",129.1329585,35.1678901
부강내과의원,의원,부산,210004,부산진구,"부산광역시 부산진구 시민공원로19번길 7, 2층 (부암동)",129.0517613,35.163479
부강비뇨의학과의원,의원,부산,210009,부산해운대구,"부산광역시 해운대구 좌동순환로 505, 센트럴메디타워 307호, 308호 (중동)",129.1682073,35.165667
부경영상의학과의원,의원,부산,210005,부산북구,"부산광역시 북구 만덕대로 54, 5층 (덕천동, 대향빌딩)",129.0109393,35.2112763
부경한의원,한의원,부산,210007,부산영도구,"부산광역시 영도구 청학로 88-1, (청학동)",129.0614117,35.0961047
부곡요양병원,요양병원,부산,210011,부산금정구,"부산광역시 금정구 부곡로 56, (부곡동)",129.0895673,35.2210799
부곡한의원,한의원,부산,210011,부산금정구,"부산광역시 금정구 부곡로 101, (부곡동)",129.0914822,35.2251053
부광치과의원,치과의원,부산,210001,부산남구,"부산광역시 남구 진남로 197, (문현동)",129.0771053,35.1436267
부광한의원,한의원,부산,210015,부산사상구,"부산광역시 사상구 백양대로 949-6, (모라동)",128.9915684,35.1912819
부민치과의원,치과의원,부산,210005,부산북구,"부산광역시 북구 만덕대로65번길 9, (덕천동)",129.0117083,35.2122802
부민한의원,한의원,부산,210006,부산서구,"부산광역시 서구 충무대로275번길 3, (충무동1가)",129.0239549,35.0950867
부부치과의원,치과의원,부산,210010,부산사하구,"부산광역시 사하구 다대로 447, 6층 (다대동)",128.9793677,35.0629358
부부한의원,한의원,부산,210004,부산진구,"부산광역시 부산진구 중앙대로 921, 전원빌딩 3,6층 (양정동)",129.0705254,35.1725016
부산 맘모스헤어라인의원,의원,부산,210004,부산진구,"부산광역시 부산진구 중앙대로 664, 201호 (부전동, 이랜드 PEER 서면)",129.0596071,35.15199
부산 연제구보건소,보건소,부산,210013,부산연제구,"부산광역시 연제구 연제로 2, (연산동)",129.079764,35.176242
부산갑외과의원,의원,부산,210013,부산연제구,"부산광역시 연제구 중앙대로 1111, 7층 (연산동)",129.0811097,35.1867689
부산건우정형외과의원,의원,부산,210009,부산해운대구,"부산광역시 해운대구 좌동순환로 6, L TOWER 8-9층 (중동)",129.1680556,35.1672265
부산경희한의원,한의원,부산,210005,부산북구,"부산광역시 북구 금곡대로285번길 19, 리버사이드빌딩 3층 301,302호 (화명동)",129.0123231,35.2337802
부산광역시 북구 덕천지소,보건지소,부산,210005,부산북구,"부산광역시 북구 만덕대로89번길 9, (덕천동)",129.0142436,35.2128428
부산광역시 사상구보건소,보건소,부산,210015,부산사상구,"부산광역시 사상구 학감대로 242, (감전동)",128.99125,35.152624
부산광역시강서구가덕도보건지소,보건지소,부산,210012,부산강서구,"부산광역시 강서구 성북1길 70-1, (성북동, 가덕도보건지소)",128.8304265,35.0536011
부산광역시강서구가락보건지소,보건지소,부산,210012,부산강서구,"부산광역시 강서구 가락대로 1476, (죽림동, 가락동 주민센터)",128.9018427,35.1964203
부산광역시강서구강동보건지소,보건지소,부산,210012,부산강서구,"부산광역시 강서구 낙동북로102번길 76, (강동동, 강동보건지소)",128.9376604,35.2162083
부산광역시강서구녹산보건지소,보건지소,부산,210012,부산강서구,"부산광역시 강서구 생곡로 17, (녹산동)",128.8955368,35.1234754
부산광역시강서구대항보건진료소,보건진료소,부산,210012,부산강서구,"부산광역시 강서구 가덕해안로1208번길 9, (대항동)",128.8276934,35.0125654
부산광역시강서구보건소,보건소,부산,210012,부산강서구,"부산광역시 강서구 공항로811번가길 36, (대저2동)",128.9567451,35.1782106
부산광역시강서구지사보건진료소,보건진료소,부산,210012,부산강서구,"부산광역시 강서구 과학산단2로20번길 5, (지사동, 지사문화회관)",128.8312959,35.1509572
부산광역시강서구천성보건진료소,보건진료소,부산,210012,부산강서구,"부산광역시 강서구 가덕해안로821번길 100, (천성동, 천성보건진료소)",128.8164556,35.0288176
부산광역시금정구보건소,보건소,부산,210011,부산금정구,"부산광역시 금정구 중앙대로 1777, (부곡동)",129.0921,35.243068
부산광역시기장군보건소,보건소,부산,210100,부산기장군,"부산광역시 기장군 기장읍 기장대로 560, (기장읍)",129.222312,35.244498
부산광역시남구보건소,보건소,부산,210001,부산남구,"부산광역시 남구 못골로 23, (대연동)",129.0849465,35.1360898
부산광역시동래구보건소,보건소,부산,210003,부산동래구,"부산광역시 동래구 명륜로187번길 56, (명륜동)",129.0798493,35.2113953
부산광역시북구보건소,보건소,부산,210005,부산북구,"부산광역시 북구 금곡대로 348, (화명동)",129.0147771,35.2392972
부산광역시영도구보건소,보건소,부산,210007,부산영도구,"부산광역시 영도구 태종로 423, (청학동)",129.067875,35.091199
부산광역시의료원,종합병원,부산,210013,부산연제구,"부산광역시 연제구 월드컵대로 359, (거제동, 1동, 5동일부)",129.0592351,35.1872822
부산광역시중구보건소,보건소,부산,210008,부산중구,"부산광역시 중구 중구로 120, (대청동1가)",129.032352,35.106214
부산광역시해운대구보건소,보건소,부산,210009,부산해운대구,"부산광역시 해운대구 양운로37번길 59, (좌동)",129.1786669,35.1640913
부산교도소부속의원,의원,부산,210012,부산강서구,"부산광역시 강서구 대저중앙로29번길 62, (대저1동)",128.9498792,35.2199849
부산구치소부속의원,의원,부산,210015,부산사상구,"부산광역시 사상구 학장로 268, (주례동)",128.9969924,35.1459428
부산굿모닝치과의원,치과의원,부산,210003,부산동래구,"부산광역시 동래구 온천장로125번길 11, 2층 (온천동, 재성빌딩)",129.0845148,35.2222352
부산김안과의원,의원,부산,210002,부산동구,"부산광역시 동구 중앙대로 505, (범일동)",129.0561387,35.1382935
부산내과의원,의원,부산,210010,부산사하구,"부산광역시 사하구 낙동대로 449, (하단동)",128.969317,35.1050069
부산내과의원,의원,부산,210002,부산동구,"부산광역시 동구 범일로 104, (범일동)",129.0596402,35.1393433
부산내과의원,의원,부산,210013,부산연제구,"부산광역시 연제구 과정로 148, 2층 (연산동)",129.1073644,35.1846615
부산노인전문제2병원,요양병원,부산,210013,부산연제구,"부산광역시 연제구 월드컵대로 359, (거제동)",129.0592351,35.1872822
부산노인전문제3병원,요양병원,부산,210009,부산해운대구,"부산광역시 해운대구 해운대로469번가길 77, (우동)",129.1473694,35.1682538
부산노인전문제4병원,요양병원,부산,210010,부산사하구,"부산광역시 사하구 동매로44번길 4, (하단동)",128.9631132,35.102443
"부산달팽이 신경과,이비인후과 의원",의원,부산,210014,부산수영구,"부산광역시 수영구 수영로 675, 큐비 메디컬센터 6층 (광안동)",129.1144938,35.1659533
부산대연리아한의원,한의원,부산,210001,부산남구,"부산광역시 남구 수영로 244, 남천빌딩 3층 (대연동)",129.0933034,35.1349358
부산대학교병원,상급종합,부산,210006,부산서구,"부산광역시 서구 구덕로 179, (아미동1가)",129.0188032,35.1008477
부산대한외과의원,의원,부산,210004,부산진구,"부산광역시 부산진구 가야대로 486, 5층 (개금동, 해동메디컬)",129.0251966,35.1528642
부산더존한방병원,한방병원,부산,210001,부산남구,"부산광역시 남구 수영로 305, 스파크 4,5층 (대연동)",129.0992599,35.1373397
부산더키즈병원,병원,부산,210010,부산사하구,"부산광역시 사하구 다대로 234, 5,6,8,9층 (장림동)",128.9769323,35.0815768
부산돌봄의료복지사회적협동조합 돌봄과나눔의원,의원,부산,210013,부산연제구,"부산광역시 연제구 월드컵대로79번길 50, 3층 전체 및 4층 일부호 (연산동)",129.0815925,35.1801886
부산동천한의원,한의원,부산,210001,부산남구,"부산광역시 남구 용호로 124, 203호 (용호동, 조광상가 )",129.1119412,35.1213523
부산드림이비인후과의원,의원,부산,210004,부산진구,"부산광역시 부산진구 가야대로 456, 2층 (개금동)",129.0219071,35.1529037
부산마이크로병원,병원,부산,210011,부산금정구,"부산광역시 금정구 중앙대로 1875, (구서동)",129.0910163,35.251732
부산맘아동병원,병원,부산,210010,부산사하구,"부산광역시 사하구 낙동대로 451, 금동빌딩 2,4,5-8층 (하단동)",128.9689973,35.1050515
부산맥스웰피부과의원,의원,부산,210004,부산진구,"부산광역시 부산진구 서면로 74, 아이온시티빌딩 1201,1302호 (부전동)",129.0581339,35.1570677
부산메디칼내과의원,의원,부산,210013,부산연제구,"부산광역시 연제구 월드컵대로 125, 6층 (연산동)",129.0818247,35.1852318
부산미남병원,병원,부산,210003,부산동래구,"부산광역시 동래구 아시아드대로 213, 류엔미즈메디컬 (온천동)",129.0661443,35.203321
부산미래아이에프씨의원,의원,부산,210001,부산남구,"부산광역시 남구 전포대로 133, 3,4층일부층 (문현동)",129.0654411,35.1482643
부산미래치과의원,치과의원,부산,210001,부산남구,"부산광역시 남구 전포대로 133, 214호 (문현동)",129.0654411,35.1482643
부산법원종합청사부속의원,의원,부산,210013,부산연제구,"부산광역시 연제구 법원로 31, 16층 (거제동)",129.0729632,35.1921969
부산베스트내과의원,의원,부산,210004,부산진구,"부산광역시 부산진구 중앙대로 767, 3층 일부 (부전동)",129.061303,35.1608859
부산본병원,병원,부산,210010,부산사하구,"부산광역시 사하구 승학로 8, (당리동)",128.9698235,35.1062804
부산뽀빠이정형외과의원,의원,부산,210009,부산해운대구,"부산광역시 해운대구 센텀2로 20, 403호 (우동, 센텀타워메디컬)",129.1320258,35.1671978
부산샬롬치과의원,치과의원,부산,210001,부산남구,"부산광역시 남구 수영로 27, (문현동)",129.0708708,35.137228
부산서울하정외과의원,의원,부산,210004,부산진구,"부산광역시 부산진구 가야대로 767-1, 14층 (부전동, 원광메디컬센터)",129.0556427,35.1580254
부산성모병원(재단법인 천주교부산교구유지재단),종합병원,부산,210001,부산남구,"부산광역시 남구 용호로232번길 25-14, (용호동)",129.109125,35.1104571
부산성모안과병원,병원,부산,210009,부산해운대구,"부산광역시 해운대구 해운대로 409, (우동)",129.1409696,35.1675364
부산성소병원,병원,부산,210001,부산남구,"부산광역시 남구 수영로 175, (대연동, SMG빌딩)",129.0858015,35.1351066
부산센텀치과의원,치과의원,부산,210015,부산사상구,"부산광역시 사상구 새벽로 228, 2,3층 (괘법동)",128.9845439,35.1614279
부산소년원 부속의원,의원,부산,210011,부산금정구,"부산광역시 금정구 오륜대로126번길 62, 1층 (오륜동)",129.1049002,35.246849
부산시노인전문제1병원,요양병원,부산,210005,부산북구,"부산광역시 북구 함박봉로 98, (만덕동)",129.0281998,35.2061222
부산시립정신병원,정신병원,부산,210015,부산사상구,"부산광역시 사상구 학감대로39번길 104-36, (학장동)",128.995075,35.132849
부산신경외과의원,의원,부산,210015,부산사상구,"부산광역시 사상구 낙동대로 786, 애진빌딩 6층 (엄궁동)",128.9720865,35.1307295
부산신창한의원,한의원,부산,210008,부산중구,"부산광역시 중구 해관로 53-1, (중앙동3가)",129.0353881,35.1037294
부산썬비뇨기과의원,의원,부산,210003,부산동래구,"부산광역시 동래구 동래로 25, 8층 (온천동)",129.0783424,35.2125513
부산썬의원,의원,부산,210009,부산해운대구,"부산광역시 해운대구 좌동순환로 395, 201호 (중동)",129.1773299,35.1621911
부산아동병원,병원,부산,210001,부산남구,"부산광역시 남구 수영로 228, 3-7층 (대연동)",129.0914604,35.1348542
부산아이센터안과의원,의원,부산,210010,부산사하구,"부산광역시 사하구 낙동대로 213, 2,3층 (괴정동)",128.993539,35.0999895
부산아이정신건강의학과의원,의원,부산,210100,부산기장군,"부산광역시 기장군 정관읍 정관로 563, 5층 501호",129.1756378,35.3219389
부산안과의원,의원,부산,210010,부산사하구,"부산광역시 사하구 낙동대로 248, 3층 (괴정동, 우리메디칼센터)",128.9898938,35.0995551
부산엔도내과의원,의원,부산,210014,부산수영구,"부산광역시 수영구 수영로 389, 상가동 214,215호 (남천동, 더샵 남천프레스티지)",129.1058029,35.1416738
부산여성비뇨의학과의원,의원,부산,210004,부산진구,"부산광역시 부산진구 서면로 25, 삼한개발주식회사 4층 402호 (부전동)",129.0572817,35.1529575
부산영천손한의원,한의원,부산,210014,부산수영구,"부산광역시 수영구 수영로 377, 301동 205호 (남천동, 힐스테이트 남천 더퍼스트)",129.1058832,35.140583
부산예스치과의원,치과의원,부산,210008,부산중구,"부산광역시 중구 광복로 73, 3층 (광복동2가, 비비안광복점)",129.0329523,35.0988597
부산예치과의원,치과의원,부산,210009,부산해운대구,"부산광역시 해운대구 센텀3로 20, 벡스코 비지니스호텔 207-4호 (우동)",129.1329585,35.1678901
부산예한방병원,한방병원,부산,210003,부산동래구,"부산광역시 동래구 중앙대로 1523, SKHUBSKY 3,4 일부층 (온천동)",129.0855308,35.2208431
부산유펜치과의원,치과의원,부산,210015,부산사상구,"부산광역시 사상구 대동로 94, 학장반도보라타운 3층 310호 (학장동)",128.9783118,35.1379495
부산의원,의원,부산,210008,부산중구,"부산광역시 중구 흑교로 20, (부평동2가)",129.0253276,35.101305
부산의원,의원,부산,210010,부산사하구,"부산광역시 사하구 감천로 46, 2층 (감천동)",128.9975168,35.0906622
부산이비인후과의원,의원,부산,210013,부산연제구,"부산광역시 연제구 중앙대로 1077, 상계빌딩 1층 (연산동)",129.0798349,35.184312
부산이지함피부과의원,의원,부산,210004,부산진구,"부산광역시 부산진구 서면로 64, 청석빌딩 1층 (부전동)",129.0580718,35.1564715
부산자생한방병원,한방병원,부산,210010,부산사하구,"부산광역시 사하구 낙동남로 1427, 일성빌딩 6~9층 (하단동)",128.967813,35.106624
부산정신건강의학과의원,의원,부산,210004,부산진구,"부산광역시 부산진구 중앙대로 621-1, 부산메디컬센터 5층 501호 (범천동)",129.0589675,35.1483021
부산정형외과의원,의원,부산,210015,부산사상구,"부산광역시 사상구 사상로 325, (덕포동)",128.9836125,35.1737155
부산제2항운병원,병원,부산,210004,부산진구,"부산광역시 부산진구 범일로 186, 파란시티빌딩 지하1,6~12층 (범천동)",129.0596264,35.1466816
부산제일안과의원,의원,부산,210003,부산동래구,"부산광역시 동래구 중앙대로 1325, 8층 (온천동)",129.0775368,35.2053247
부산제일의원,의원,부산,210005,부산북구,"부산광역시 북구 구남로14번길 68, (구포동)",128.996864,35.2008811
부산제일의원,의원,부산,210009,부산해운대구,"부산광역시 해운대구 재반로 231, (반여동)",129.1309467,35.1979414
부산제통마취통증의학과의원,의원,부산,210005,부산북구,"부산광역시 북구 백양대로 1204, (덕천동)",129.0059238,35.2099677
부산조산원,조산원,부산,210014,부산수영구,"부산광역시 수영구 연수로 407, 2층 (수영동)",129.1138871,35.1685095
부산진구보건소,보건소,부산,210004,부산진구,"부산광역시 부산진구 황령대로8번길 36, (범천동)",129.0599329,35.1462386
부산치과의원,치과의원,부산,210002,부산동구,"부산광역시 동구 범일로 106, 3층 (범일동)",129.0596685,35.1394536
부산치과의원,치과의원,부산,210010,부산사하구,"부산광역시 사하구 장평로 298, 2층 (신평동)",128.9734434,35.0927409
부산큰병원,병원,부산,210004,부산진구,"부산광역시 부산진구 가야대로 494, 지하1층~지상1층 각 일부, 지상2층~4층 전부 (개금동)",129.0261687,35.1528239
부산탑비뇨기과의원,의원,부산,210002,부산동구,"부산광역시 동구 중앙대로 213, (초량동)",129.0399473,35.1162839
부산탑이비인후과의원,의원,부산,210015,부산사상구,"부산광역시 사상구 가야대로 276, M-square 메디컬센터 5층 501호 (주례동)",129.0027505,35.1500418
부산튼튼365의원,의원,부산,210100,부산기장군,"부산광역시 기장군 기장읍 차성로288번길 57, 2층 일부, 3층",129.216927,35.2431864
부산튼튼정형외과의원,의원,부산,210011,부산금정구,"부산광역시 금정구 부곡로 124, KB국민은행 2-4층 (부곡동)",129.0921052,35.226972
부산하나이비인후과의원,의원,부산,210011,부산금정구,"부산광역시 금정구 중앙대로1841번길 15, 3층 (구서동, 명성빌딩)",129.0909746,35.2484637
부산하늘안과의원,의원,부산,210004,부산진구,"부산광역시 부산진구 중앙대로 736, 5층 (부전동)",129.0599753,35.1582541
부산학문의원,의원,부산,210008,부산중구,"부산광역시 중구 대청로 85-1, (대청동3가)",129.0292994,35.1031416
부산한의원,한의원,부산,210007,부산영도구,"부산광역시 영도구 태종로 98, (대교동2가)",129.0414763,35.0912131
부산한의원,한의원,부산,210003,부산동래구,"부산광역시 동래구 명륜로 83, 대붕빌딩 2층 (수안동)",129.0835393,35.2013738
부산행복마취통증의학과의원,의원,부산,210013,부산연제구,"부산광역시 연제구 중앙대로 1111, 위드타워 9층 (연산동)",129.0811097,35.1867689
부산행복이비인후과의원,의원,부산,210013,부산연제구,"부산광역시 연제구 중앙대로 1111, 9층 901호 (연산동, 위드타워)",129.0811097,35.1867689
부산헬스케어의원,의원,부산,210008,부산중구,"부산광역시 중구 충장대로 7, (중앙동4가)",129.0372557,35.1056392
부산휴내과의원,의원,부산,210011,부산금정구,"부산광역시 금정구 장전로 31-1, 2층 (장전동)",129.0853266,35.22846
부암한의원,한의원,부산,210004,부산진구,"부산광역시 부산진구 당감서로 81, (당감동)",129.0366853,35.1676158
부영병원,병원,부산,210015,부산사상구,"부산광역시 사상구 학감대로123번길 76, (학장동)",128.9840178,35.1412205
부영한의원,한의원,부산,210015,부산사상구,"부산광역시 사상구 낙동대로1210번길 96, (괘법동)",128.9820272,35.1669945
부용한의원,한의원,부산,210100,부산기장군,"부산광역시 기장군 장안읍 해맞이로 425, ()",129.281929,35.3295965
부전안과의원,의원,부산,210004,부산진구,"부산광역시 부산진구 중앙대로 767, 5층 (부전동)",129.061303,35.1608859
부전한의원,한의원,부산,210004,부산진구,"부산광역시 부산진구 중앙대로783번길 26, 3층 301호 (부전동)",129.0620281,35.1630504
부평한의원,한의원,부산,210008,부산중구,"부산광역시 중구 중구로 49, (부평동1가)",129.0277252,35.1022704
뷰리안의원,의원,부산,210001,부산남구,"부산광역시 남구 용호로 141, 3층 (용호동)",129.1122342,35.1193884
뷰센스의원,의원,부산,210009,부산해운대구,"부산광역시 해운대구 세실로 43, 606호 (좌동)",129.17845,35.1687646
뷰에르의원,의원,부산,210001,부산남구,"부산광역시 남구 분포로 145, 2108호 (용호동, 더블유)",129.1126448,35.1337125
뷰티203의원,의원,부산,210011,부산금정구,"부산광역시 금정구 부산대학로 53, 2~3층 (장전동)",129.0854111,35.2312856
뷰티스마일치과의원,치과의원,부산,210001,부산남구,"부산광역시 남구 수영로325번길 11, 마로니에타운304호 (대연동)",129.1010351,35.1385529
뷰티스피부과의원,의원,부산,210009,부산해운대구,"부산광역시 해운대구 센텀2로 10, 602호 (우동, 센텀메디컬센타)",129.1315304,35.1678325
뷰티아이성형외과의원,의원,부산,210004,부산진구,"부산광역시 부산진구 가야대로784번길 40, 3,4층 (부전동)",129.0571062,35.1556788
뷰티플란트 치과의원,치과의원,부산,210009,부산해운대구,"부산광역시 해운대구 재반로 176, 302호 (재송동, 미진상가)",129.1297651,35.1930393
뷰티플란트치과의원,치과의원,부산,210001,부산남구,"부산광역시 남구 수영로 169, 5층 501호 (대연동)",129.0851082,35.1350152
뷰티플란트치과의원,치과의원,부산,210003,부산동래구,"부산광역시 동래구 아시아드대로 142, 사직빌딩 5층 (사직동)",129.0659641,35.1970968
뷰티플란트치과의원,치과의원,부산,210013,부산연제구,"부산광역시 연제구 중앙천로 93, 서호병원 5층 (연산동)",129.0785079,35.1815106
뷰티플란트치과의원,치과의원,부산,210006,부산서구,"부산광역시 서구 구덕로 224, 4층 (부민동1가, 스카이파크빌딩)",129.0202815,35.1046155
브니엘산부인과의원,의원,부산,210009,부산해운대구,"부산광역시 해운대구 달맞이길 30, 포디움동 2층 2073호 (중동, 엘시티)",129.1683765,35.161064
브랜드성형외과의원,의원,부산,210004,부산진구,"부산광역시 부산진구 서면로68번길 1, 4,5층 (부전동)",129.0580729,35.1568836
브이엘의원,의원,부산,210011,부산금정구,"부산광역시 금정구 부산대학로 47, (장전동)",129.0860497,35.2311702
블루정형외과의원,의원,부산,210009,부산해운대구,"부산광역시 해운대구 해운대로 604, 2층 (우동, 명성빌딩)",129.157347,35.1624655
블리비의원,의원,부산,210008,부산중구,"부산광역시 중구 구덕로 40, 남포문고 2층 (남포동2가)",129.0315676,35.0984623
블리비의원,의원,부산,210004,부산진구,"부산광역시 부산진구 중앙대로 694, 쥬디스태화 3층일부, 5층일부층 (부전동)",129.0596176,35.1547419
블리비의원,의원,부산,210001,부산남구,"부산광역시 남구 수영로 300, VISION PLAZA 10층 101호 (대연동)",129.0992454,35.1366658
비너스의원,의원,부산,210008,부산중구,"부산광역시 중구 구덕로34번길 4, (남포동2가)",129.0322801,35.0982936
비선채한의원,한의원,부산,210013,부산연제구,"부산광역시 연제구 시청로 12, 상가동 205,206,207호 (연산동, 부산더샵시티애비뉴2)",129.0758843,35.181389
비스타안과의원,의원,부산,210009,부산해운대구,"부산광역시 해운대구 좌동순환로 505, 센트럴메디타워 1101호 일부호, 1102~1104호 (중동)",129.1682073,35.165667
비앤에스(B&S)의원,의원,부산,210008,부산중구,"부산광역시 중구 비프광장로 40, (남포동5가)",129.0289107,35.0982434
비앤제이성형외과의원,의원,부산,210004,부산진구,"부산광역시 부산진구 서면로 59, 10층 (부전동, 삼정노블빌딩)",129.0575468,35.1560117
비에스(BS)삼성안과의원,의원,부산,210008,부산중구,"부산광역시 중구 구덕로 90, (남포동6가)",129.0260148,35.0975764
비에스(BS)숨이비인후과성형외과의원,의원,부산,210010,부산사하구,"부산광역시 사하구 낙동남로 1412, 7층 일부, 8층 전부, 11층 전부 (하단동)",128.966083,35.1057921
비에스정형외과의원,의원,부산,210013,부산연제구,"부산광역시 연제구 반송로 89, 3층 일부호 (연산동)",129.0882978,35.1915381
비에스치과교정과치과의원,치과의원,부산,210003,부산동래구,"부산광역시 동래구 충렬대로75번길 10, 9층 1, 3~8호 (온천동)",129.0693498,35.2086827
비에이치에스한서병원,종합병원,부산,210014,부산수영구,"부산광역시 수영구 수영로 615, (광안동)",129.1131037,35.16088
비엔에프의원,의원,부산,210004,부산진구,"부산광역시 부산진구 중앙대로 695, (부전동)",129.0588952,35.1549197
비오비의원,의원,부산,210004,부산진구,"부산광역시 부산진구 서면로 74, 아이온시티빌딩 12층 (부전동)",129.0581339,35.1570677
비젠성형외과의원,의원,부산,210004,부산진구,"부산광역시 부산진구 가야대로784번길 27, 8층 (부전동)",129.0573721,35.1562479
비치안의원,의원,부산,210009,부산해운대구,"부산광역시 해운대구 좌동로 88, 3층 (좌동)",129.174951,35.1719523
비타민가정의학과의원,의원,부산,210013,부산연제구,"부산광역시 연제구 연수로 105, 1동 6층 (연산동)",129.0825807,35.175371
비타민내과의원,의원,부산,210001,부산남구,"부산광역시 남구 용호로 152, 대성빌딩 2층 (용호동)",129.1115855,35.1186725
비타민마취통증의학과의원,의원,부산,210002,부산동구,"부산광역시 동구 중앙대로 375, (수정동, 강남빌딩)",129.0485724,35.1291356
비타민피부과의원,의원,부산,210009,부산해운대구,"부산광역시 해운대구 좌동순환로 173, 8층 (좌동, 영풍프라자)",129.1752749,35.1781714
빌리브세웅병원,병원,부산,210003,부산동래구,"부산광역시 동래구 충렬대로 455, (안락동)",129.1082196,35.1960144
빛으로의원,의원,부산,210008,부산중구,"부산광역시 중구 자갈치로37번길 4, (남포동5가)",129.0286153,35.0971667
빛하늘의원,의원,부산,210005,부산북구,"부산광역시 북구 효열로203번길 6, 103호, 201호 (금곡동, 대성하이츠빌)",129.0182068,35.2628182
뿌리깊은 이정근치과의원,치과의원,부산,210014,부산수영구,"부산광역시 수영구 수영로 471, 오션스카이 남천 201호 (남천동)",129.1102005,35.1481771
뿌리샘치과의원,치과의원,부산,210008,부산중구,"부산광역시 중구 광복로55번길 9, 2층 (창선동1가)",129.0303892,35.0997042
뿌리한의원,한의원,부산,210014,부산수영구,"부산광역시 수영구 수영로 386-1, 원탄크리닉 7층 (남천동)",129.1071528,35.1409233
쁨글로벌의원,의원,부산,210004,부산진구,"부산광역시 부산진구 중앙대로 691, 금강제화 부전동지점 1층일부, 2~4층 (부전동)",129.0588094,35.1546048
삐뚤한이바르게치과교정과치과의원,치과의원,부산,210001,부산남구,"부산광역시 남구 용소로 4, 8층 (대연동)",129.100025,35.1367727
사)대한산업보건협회 부산의원,의원,부산,210011,부산금정구,"부산광역시 금정구 중앙대로 2139, 2층 (청룡동, 동아빌딩)",129.0922884,35.2753477
사과나무치과병원,치과병원,부산,210005,부산북구,"부산광역시 북구 금곡대로303번길 2-2, 5층 (화명동, 시티타워)",129.0134842,35.2356469
사과나무치과의원,치과의원,부산,210009,부산해운대구,"부산광역시 해운대구 신반송로 171, 상가동 202호 (반송동, 삼한그린타운1차)",129.1607171,35.2276246
사단법인 부산의료선교회 세계로병원,병원,부산,210003,부산동래구,"부산광역시 동래구 종합운동장로 42, (사직동)",129.0647391,35.1944931
사단법인 온누리를 빛낼 사람들의 비젼센터 온누리치과의원,치과의원,부산,210010,부산사하구,"부산광역시 사하구 윤공단로 144, 1층 (다대동)",128.9741898,35.0609212
사단법인청색회 연지그린요양병원,요양병원,부산,210004,부산진구,"부산광역시 부산진구 새싹로 186, (연지동)",129.0496884,35.1728103
사람인치과의원,치과의원,부산,210003,부산동래구,"부산광역시 동래구 아시아드대로 186, 4층 (사직동)",129.0652494,35.2009008
사랑가득안과의원,의원,부산,210010,부산사하구,"부산광역시 사하구 낙동남로 1412, 4층 (하단동, 경부빌딩)",128.966083,35.1057921
사랑가득의원,의원,부산,210011,부산금정구,"부산광역시 금정구 중앙대로1841번길 24, (주)이마트금정점 2층 (구서동)",129.0906011,35.2499563
사랑가득한내과의원,의원,부산,210009,부산해운대구,"부산광역시 해운대구 재반로 237, 6층 (반여동)",129.1310389,35.1983933
사랑가득한의원,한의원,부산,210009,부산해운대구,"부산광역시 해운대구 재반로 202, 2층 (반여동)",129.1308661,35.1952768
사랑니랑구강악안면외과 치과의원,치과의원,부산,210013,부산연제구,"부산광역시 연제구 월드컵대로 144, 우전빌딩 301호 (연산동)",129.0806469,35.1866898
사랑모아치과의원,치과의원,부산,210009,부산해운대구,"부산광역시 해운대구 해운대로 802, 웅신시네아트 2층 210호 (좌동)",129.1766569,35.1691635
사랑방한의원,한의원,부산,210010,부산사하구,"부산광역시 사하구 사하로198번길 2, 1층 (괴정동)",128.9939597,35.0993736
사랑요양병원,요양병원,부산,210011,부산금정구,"부산광역시 금정구 중앙대로 1590, (부곡동)",129.0896693,35.2265843
사랑의의원,의원,부산,210007,부산영도구,"부산광역시 영도구 절영로 58, (남항동2가)",129.0381921,35.0892102
사랑이꽃피는한의원,한의원,부산,210009,부산해운대구,"부산광역시 해운대구 좌동순환로 506, 영풍리젠시 302,303,404,803호 (중동)",129.1687362,35.1661755
사랑이넘치는의원,의원,부산,210003,부산동래구,"부산광역시 동래구 아시아드대로 226, 4층 (온천동)",129.0672734,35.2038905
사랑치과의원,치과의원,부산,210014,부산수영구,"부산광역시 수영구 수영로 767, 3층 (수영동, 메종빌딩)",129.1226788,35.1668367
사상늘편한재활의학과의원,의원,부산,210015,부산사상구,"부산광역시 사상구 사상로 194, 괘법동 메디컬센터 2,8층 (괘법동)",128.9847721,35.1625689
사상맥치과의원,치과의원,부산,210015,부산사상구,"부산광역시 사상구 사상로 297, 3층 (덕포동)",128.9827951,35.1713581
사상미사랑피부과의원,의원,부산,210015,부산사상구,"부산광역시 사상구 사상로 200, (괘법동, M시티)",128.9846023,35.1629712
사상사랑성모안과의원,의원,부산,210015,부산사상구,"부산광역시 사상구 사상로 200, 5층 (괘법동, M시티빌딩)",128.9846023,35.1629712
사상스마트병원,병원,부산,210015,부산사상구,"부산광역시 사상구 학감대로 269, 지하2~지상10층 (감전동)",128.9905151,35.1550682
사상아름다운치과의원,치과의원,부산,210015,부산사상구,"부산광역시 사상구 사상로 201, 5층 (괘법동, 서부터미널 별관)",128.9809858,35.1631462
사상연세비앤이치과병원,치과병원,부산,210015,부산사상구,"부산광역시 사상구 학감대로 233, 2층 (감전동)",128.9896945,35.1519836
사상치과의원,치과의원,부산,210015,부산사상구,"부산광역시 사상구 사상로 215, 3층 (괘법동)",128.9834106,35.1642442
사상튼튼정형외과의원,의원,부산,210015,부산사상구,"부산광역시 사상구 사상로 204, 3층 (괘법동)",128.9843642,35.163378
사상한의원,한의원,부산,210009,부산해운대구,"부산광역시 해운대구 해운대로 375-3, (우동)",129.1381944,35.1697103
사암당한의원,한의원,부산,210005,부산북구,"부산광역시 북구 만덕대로 43, 복음항외과빌딩 2,5층 (덕천동)",129.009647,35.2114478
사암당한의원,한의원,부산,210014,부산수영구,"부산광역시 수영구 수영로 700, 3층 (광안동, 베스테이 센트럴뷰)",129.1161263,35.167355
사암통도한의원,한의원,부산,210009,부산해운대구,"부산광역시 해운대구 마린시티2로 2, 605~6호 (우동, 마린파크)",129.1442096,35.15934
사임당한의원,한의원,부산,210009,부산해운대구,"부산광역시 해운대구 센텀2로 20, 703호 (우동, 센텀타워메디컬)",129.1320258,35.1671978
사직365부부한의원,한의원,부산,210003,부산동래구,"부산광역시 동래구 아시아드대로 149-1, 2층 (사직동)",129.0651242,35.1977827
사직내과의원,의원,부산,210003,부산동래구,"부산광역시 동래구 사직북로 21, (사직동)",129.0602486,35.1977084
사직뉴욕치과의원,치과의원,부산,210003,부산동래구,"부산광역시 동래구 사직북로 16, 3층 (사직동, 국민은행)",129.0607783,35.1973124
사직마디의원,의원,부산,210003,부산동래구,"부산광역시 동래구 사직북로 25-1, 4층 (사직동)",129.0600902,35.1981387
사직마취통증의학과의원,의원,부산,210003,부산동래구,"부산광역시 동래구 석사로 5, 5층 (사직동)",129.0606783,35.1980634
사직부부치과의원,치과의원,부산,210003,부산동래구,"부산광역시 동래구 사직북로19번길 6, 2층 (사직동)",129.0600929,35.1976529
사직부산아동병원,병원,부산,210003,부산동래구,"부산광역시 동래구 아시아드대로 186, (사직동)",129.0652494,35.2009008
사직어린이치과의원,치과의원,부산,210003,부산동래구,"부산광역시 동래구 석사로 46, 3층 (사직동)",129.0643438,35.20029
사직에이스치과의원,치과의원,부산,210003,부산동래구,"부산광역시 동래구 아시아드대로 149-1, 4층 (사직동)",129.0651242,35.1977827
사직요양병원,요양병원,부산,210003,부산동래구,"부산광역시 동래구 충렬대로 97, (온천동)",129.0718307,35.2073474
사직정형외과의원,의원,부산,210003,부산동래구,"부산광역시 동래구 사직북로 18, (사직동)",129.0607545,35.1974886
사직치과의원,치과의원,부산,210003,부산동래구,"부산광역시 동래구 사직북로 24, (사직동)",129.0605403,35.1979788
사하구보건소,보건소,부산,210010,부산사하구,"부산광역시 사하구 하신중앙로 185, 사하구 제2청사, 신평2동행정복지센터 (신평동)",128.9615408,35.0949676
사하더바른마취통증의학과의원,의원,부산,210010,부산사하구,"부산광역시 사하구 다대로 234, 301, 302호 (장림동)",128.9769437,35.0815787
사하봄내과의원,의원,부산,210010,부산사하구,"부산광역시 사하구 다대로 234, 4층 (장림동)",128.9769323,35.0815768
사하신경외과의원,의원,부산,210010,부산사하구,"부산광역시 사하구 낙동대로 161, 지하1층일부지상1층 (괴정동)",128.9986542,35.102285
사하위드치과의원,치과의원,부산,210010,부산사하구,"부산광역시 사하구 승학로 53, 2층 (당리동)",128.9743935,35.1056404
사하이편한치과의원,치과의원,부산,210010,부산사하구,"부산광역시 사하구 서포로30번길 9, (구평동)",128.9859911,35.0823715
사하튼튼소아청소년과의원,의원,부산,210010,부산사하구,"부산광역시 사하구 다대로 302, 4,5,7,8층 (장림동)",128.9764678,35.075453
사하한의원,한의원,부산,210010,부산사하구,"부산광역시 사하구 괴정로 259, (괴정동)",128.9897706,35.0971265
사회복지법인 동남복지재단 부산은빛요양병원,요양병원,부산,210005,부산북구,"부산광역시 북구 백양대로1048번길 10, (구포동)",128.9966153,35.198363
사회복지법인한국혈우재단부산의원,의원,부산,210015,부산사상구,"부산광역시 사상구 가야대로 272, 메디칼센타 7층 (주례동)",129.0022775,35.1501098
산돌의원,의원,부산,210009,부산해운대구,"부산광역시 해운대구 반여로167번길 76, 2,3층 (반여동)",129.1234229,35.2080231
산사나무한의원,한의원,부산,210009,부산해운대구,"부산광역시 해운대구 세실로 33, 301호 (좌동)",129.1789577,35.168018
산삼한의원,한의원,부산,210001,부산남구,"부산광역시 남구 수영로 260, 611호 (대연동, 대연백리명가에덴)",129.0952329,35.1351378
산솔한의원,한의원,부산,210010,부산사하구,"부산광역시 사하구 낙동대로 301, (괴정동)",128.9843313,35.0989879
산수한의원,한의원,부산,210009,부산해운대구,"부산광역시 해운대구 아랫반송로21번길 38, (반송동)",129.1485935,35.2263468
살루스한의원,한의원,부산,210009,부산해운대구,"부산광역시 해운대구 센텀동로 25, 상가B동 236호 (우동, 대우월드마크센텀아파트)",129.1314178,35.1714366
살루스한의원,한의원,부산,210013,부산연제구,"부산광역시 연제구 거제천로87번길 20, 2층 (거제동)",129.0723538,35.1826135
삼대경희한의원,한의원,부산,210003,부산동래구,"부산광역시 동래구 충렬대로 417, 3층 302호 (안락동)",129.1040934,35.1967783
삼대한의원,한의원,부산,210015,부산사상구,"부산광역시 사상구 사상로 149, (괘법동)",128.987194,35.1590991
삼동한의원,한의원,부산,210005,부산북구,"부산광역시 북구 시랑로 159, 양지빌딩 3층 (구포동)",129.012737,35.1962306
삼생한의원,한의원,부산,210002,부산동구,"부산광역시 동구 고관로 79-1, (수정동)",129.0445567,35.1263107
삼성공감정신건강의학과의원,의원,부산,210009,부산해운대구,"부산광역시 해운대구 센텀동로 9, 221호 (우동, 트럼프월드센텀아파트)",129.1324214,35.1703962
삼성내과엠알영상의학과의원,의원,부산,210010,부산사하구,"부산광역시 사하구 낙동남로 1392, 3,4,8~12층 (하단동)",128.9638445,35.1058699
삼성뉴방외과의원,의원,부산,210009,부산해운대구,"부산광역시 해운대구 해운대로 794, 603호 (좌동, 삼정엘리움)",129.1757451,35.168815
삼성리한여성의원,의원,부산,210009,부산해운대구,"부산광역시 해운대구 해운대로 802, 웅신시네아트 B동 203호 (좌동)",129.1766569,35.1691635
삼성메디이비인후과의원,의원,부산,210002,부산동구,"부산광역시 동구 중앙대로 197, 4,8층 801,802호 (초량동)",129.0392211,35.1151156
삼성메디칼의원,의원,부산,210006,부산서구,"부산광역시 서구 대티로 179, 3층 (서대신동3가)",129.0121703,35.1116454
삼성메디칼의원,의원,부산,210013,부산연제구,"부산광역시 연제구 중앙대로 1125, 에이동 408호 (연산동, CT타워)",129.0806504,35.1880405
삼성메디칼의원,의원,부산,210004,부산진구,"부산광역시 부산진구 전포대로 294, 1동 303층 (전포동, 서면한신아파트)",129.0664003,35.1631506
삼성메디컬치과의원,치과의원,부산,210010,부산사하구,"부산광역시 사하구 낙동남로 1392, 5층 (하단동)",128.9638445,35.1058699
삼성본정형외과의원,의원,부산,210015,부산사상구,"부산광역시 사상구 가야대로 276, M-square 메디컬센터 8층 801호 (주례동)",129.0027505,35.1500418
삼성브레인신경과의원,의원,부산,210009,부산해운대구,"부산광역시 해운대구 해운대로 415, 601호 (우동)",129.1411817,35.1669113
삼성서울내과의원,의원,부산,210003,부산동래구,"부산광역시 동래구 사직로70번길 76, (사직동)",129.0573652,35.1986198
삼성센텀정형외과의원,의원,부산,210010,부산사하구,"부산광역시 사하구 낙동대로 448, 2층 (당리동)",128.9697882,35.1052352
삼성속튼튼한내과의원,의원,부산,210005,부산북구,"부산광역시 북구 화명대로 44, 금호타워 3층 302호 (화명동)",129.013,35.2343739
삼성스마트내과의원,의원,부산,210001,부산남구,"부산광역시 남구 용호로 207, KPM메티컬빌딩 2~5,8층 (용호동)",129.1112533,35.1137445
삼성스마트신경과의원,의원,부산,210003,부산동래구,"부산광역시 동래구 중앙대로 1523, SKHUBSKY 2,4층 B2-6~9,12~15호, B4-5,6호 (온천동)",129.0855308,35.2208431
삼성안과의원,의원,부산,210010,부산사하구,"부산광역시 사하구 낙동대로 454, 3층 (당리동)",128.9693326,35.105612
삼성안과의원,의원,부산,210100,부산기장군,"부산광역시 기장군 기장읍 차성남로51번길 30, 지센 7, 8층",129.216562,35.2426401
삼성연합의원,의원,부산,210003,부산동래구,"부산광역시 동래구 여고북로 160, 4,5층 (사직동)",129.0737845,35.2018692
삼성의원,의원,부산,210001,부산남구,"부산광역시 남구 지게골로 46, 3층 (문현동)",129.0703921,35.1355256
삼성의원,의원,부산,210009,부산해운대구,"부산광역시 해운대구 반송로924번길 13-1, (반송동)",129.1556759,35.2322043
삼성의원,의원,부산,210003,부산동래구,"부산광역시 동래구 충렬대로 252, (수안동)",129.086672,35.2009322
삼성이비인후과의원,의원,부산,210005,부산북구,"부산광역시 북구 화명대로 35, 신호타워 3층 302호 (화명동)",129.0119897,35.2351559
삼성전기부속의원,의원,부산,210012,부산강서구,"부산광역시 강서구 녹산산업중로 333, 14동 2층 (송정동)",128.8562159,35.0959015
삼성정형외과의원,의원,부산,210003,부산동래구,"부산광역시 동래구 금강공원로 8-1, (온천동)",129.0834968,35.2185312
삼성정형외과의원,의원,부산,210014,부산수영구,"부산광역시 수영구 수영로 636, 1,2층 (광안동)",129.1144372,35.162398
삼성제일내과의원,의원,부산,210007,부산영도구,"부산광역시 영도구 태종로 107, 영도오션트라움 2층, 일부층 202호,203호,204호 (영선동1가)",129.042746,35.0913194
삼성제일산부인과의원,의원,부산,210009,부산해운대구,"부산광역시 해운대구 해운대로 369, 5층 (우동, 해운대센텀메디칼센타)",129.1377353,35.1702057
삼성제일신경외과의원,의원,부산,210010,부산사하구,"부산광역시 사하구 사하로 201, 6층 (괴정동)",128.9931203,35.0997096
삼성제일의원,의원,부산,210002,부산동구,"부산광역시 동구 고관로 119-1, (수정동)",129.0468457,35.1293974
삼성치과의원,치과의원,부산,210011,부산금정구,"부산광역시 금정구 중앙대로 2095, (남산동)",129.0924096,35.2714136
삼성치과의원,치과의원,부산,210013,부산연제구,"부산광역시 연제구 중앙대로 1097, 4층 (연산동)",129.080633,35.1857109
삼성한의원,한의원,부산,210009,부산해운대구,"부산광역시 해운대구 재반로 257, 2층 (반여동)",129.1313256,35.2001871
삼성한의원,한의원,부산,210100,부산기장군,"부산광역시 기장군 기장읍 차성동로 93, 2층",129.216626,35.2461556
삼성힘나는의원,의원,부산,210005,부산북구,"부산광역시 북구 백양대로 1197, 2층 (구포동)",129.0051325,35.2092898
삼육부산병원,종합병원,부산,210006,부산서구,"부산광역시 서구 대티로 170, (서대신동2가)",129.0110653,35.1127676
삼인요양병원,요양병원,부산,210015,부산사상구,"부산광역시 사상구 대동로 95, 5층, 8~10층 (학장동)",128.9779261,35.1384964
삼정한의원,한의원,부산,210009,부산해운대구,"부산광역시 해운대구 센텀2로 10, 401호 (우동,센텀메디컬센타)",129.1315304,35.1678325
삼진한의원,한의원,부산,210009,부산해운대구,"부산광역시 해운대구 구남로29번길 38, 6층 (중동, 혜천빌딩)",129.1623603,35.1626273
삼태극한의원,한의원,부산,210013,부산연제구,"부산광역시 연제구 화지로 82, 1~4층 (거제동)",129.0651599,35.1821098
삼호한의원,한의원,부산,210002,부산동구,"부산광역시 동구 자성공원로 19, (범일동)",129.0616431,35.1373539
상민한의원,한의원,부산,210100,부산기장군,"부산광역시 기장군 기장읍 차성동로178번길 3, (기장읍)",129.217755,35.2536982
상상의원,의원,부산,210004,부산진구,"부산광역시 부산진구 중앙대로 686, 3층 (부전동)",129.0595933,35.153949
상아 치과의원,치과의원,부산,210014,부산수영구,"부산광역시 수영구 수영로 521, (광안동)",129.111481,35.1524459
상아치과의원,치과의원,부산,210010,부산사하구,"부산광역시 사하구 낙동대로 325, (괴정동)",128.9814869,35.0999574
상아치과의원,치과의원,부산,210007,부산영도구,"부산광역시 영도구 절영로 99, 2층 (영선동3가)",129.0403081,35.0863385
상쾌한병원,병원,부산,210014,부산수영구,"부산광역시 수영구 연수로 406, (광안동)",129.1134692,35.1682093
상쾌한위앤장내과의원,의원,부산,210009,부산해운대구,"부산광역시 해운대구 재반로 169, 지하1층,1층일부,2~5층 (재송동)",129.1288947,35.1930266
상쾌한이비인후과의원,의원,부산,210007,부산영도구,"부산광역시 영도구 남항로 52, (영선동2가)",129.0418931,35.0881032
상쾌한이비인후과의원,의원,부산,210014,부산수영구,"부산광역시 수영구 수영로 379, 5층 (남천동)",129.1062442,35.1408771
상현한방병원,한방병원,부산,210015,부산사상구,"부산광역시 사상구 사상로 174, (괘법동)",128.9861032,35.1610834
상현한의원,한의원,부산,210003,부산동래구,"부산광역시 동래구 충렬대로137번길 4, (온천동)",129.0758241,35.2056856
상화한의원,한의원,부산,210005,부산북구,"부산광역시 북구 화명신도시로 132, (화명동)",129.0113182,35.2359112
새길내과의원,의원,부산,210003,부산동래구,"부산광역시 동래구 금강공원로 11, 3층 301,302호 (온천동, 온천 메디 플러스)",129.0831827,35.2183355
새나의원,의원,부산,210005,부산북구,"부산광역시 북구 백양대로 1011, 영진빌딩 2층 (구포동)",128.9941512,35.1961353
새날치과의원,치과의원,부산,210004,부산진구,"부산광역시 부산진구 연수로 10, 2층 (양정동)",129.0726769,35.1731798
새날한의원,한의원,부산,210009,부산해운대구,"부산광역시 해운대구 해운대로483번길 8-1, (우동)",129.1466436,35.163205
새날한의원,한의원,부산,210014,부산수영구,"부산광역시 수영구 광안로 15-3, 1,2층 (광안동)",129.1146262,35.1569109
새들한의원,한의원,부산,210008,부산중구,"부산광역시 중구 중구로 81, (대청동4가)",129.0296795,35.1048979
새라새요양병원,요양병원,부산,210001,부산남구,"부산광역시 남구 석포로26번길 17, (감만동)",129.0845486,35.121835
새로고침의원,의원,부산,210008,부산중구,"부산광역시 중구 광복로 73, (광복동2가, 비비안광복점)",129.0329523,35.0988597
새로운 치과의원,치과의원,부산,210014,부산수영구,"부산광역시 수영구 연수로 266, (망미동)",129.0997645,35.1729428
새로운정형외과의원,의원,부산,210011,부산금정구,"부산광역시 금정구 중앙대로1841번길 23, 3층 (구서동)",129.0905196,35.2486095
새로운치과의원,치과의원,부산,210001,부산남구,"부산광역시 남구 수영로 195-5, (대연동)",129.0878703,35.1351744
새로이한의원,한의원,부산,210003,부산동래구,"부산광역시 동래구 사직북로 7, 세미프라자 2층 일부 (사직동)",129.0605997,35.1965686
새론의원,의원,부산,210013,부산연제구,"부산광역시 연제구 중앙대로 1077, 상계빌딩 5층, 8층 (연산동)",129.0798349,35.184312
새봄병원,병원,부산,210003,부산동래구,"부산광역시 동래구 충렬대로 152, 3층일부,7~10층 (온천동)",129.0766381,35.2046475
새봄산부인과의원,의원,부산,210015,부산사상구,"부산광역시 사상구 광장로 77, 4층 (괘법동)",128.9849405,35.1626268
새봄치과의원,치과의원,부산,210005,부산북구,"부산광역시 북구 금곡대로303번길 36, 스페이스303 2층 207호 (화명동)",129.0119891,35.2358274
새봄한의원,한의원,부산,210100,부산기장군,"부산광역시 기장군 정관면 정관로 489, 203호 (제일프라자)",129.1703607,35.3263845
새부산병원,병원,부산,210002,부산동구,"부산광역시 동구 초량중로 74, (초량동, 새부산병원)",129.0391841,35.1183022
새부산산부인과의원,의원,부산,210006,부산서구,"부산광역시 서구 구덕로 312, 4층 (동대신동2가)",129.0171811,35.1117278
새부산정형외과의원,의원,부산,210002,부산동구,"부산광역시 동구 진성로 19, 진우빌딩 2층 (수정동)",129.047308,35.1302324
새부산진정신건강의학과의원,의원,부산,210002,부산동구,"부산광역시 동구 범일로 97, (범일동)",129.0590276,35.1386663
새빛안과의원,의원,부산,210014,부산수영구,"부산광역시 수영구 수영로 710-1, 4층 (광안동, 프라임메디컬 빌딩)",129.1172176,35.1677173
새샘내과의원,의원,부산,210011,부산금정구,"부산광역시 금정구 서동로 155, 3층 (서동)",129.1036714,35.2149171
새아여성의원,의원,부산,210009,부산해운대구,"부산광역시 해운대구 재반로 199, 4층 (반여동, 새아빌딩)",129.1304705,35.1951003
새영남내과의원,의원,부산,210004,부산진구,"부산광역시 부산진구 전포대로 190, (전포동)",129.0657707,35.1538162
새우리남산병원,병원,부산,210011,부산금정구,"부산광역시 금정구 중앙대로 2025, (남산동)",129.09212,35.2652794
새이치과의원,치과의원,부산,210001,부산남구,"부산광역시 남구 석포로 76, 4층 (대연동)",129.0886423,35.1244753
새하하재활의학과의원,의원,부산,210003,부산동래구,"부산광역시 동래구 충렬대로 417, 2층 (안락동)",129.1040934,35.1967783
새한정형외과의원,의원,부산,210008,부산중구,"부산광역시 중구 대청로53번길 7, 6~9층 (보수동1가)",129.0257113,35.1033692
새항운병원,병원,부산,210013,부산연제구,"부산광역시 연제구 중앙대로 1064, (연산동)",129.079581,35.1829112
새힘병원,병원,부산,210003,부산동래구,"부산광역시 동래구 아시아드대로 261, 지하1~지상6층 (온천동)",129.0687456,35.2070108
새힘정형외과의원,의원,부산,210010,부산사하구,"부산광역시 사하구 하신번영로 183, 2,3,5,6층 (신평동)",128.9601688,35.0986864
샘치과의원,치과의원,부산,210006,부산서구,"부산광역시 서구 대영로 46, 2층 (서대신동1가)",129.016651,35.1094302
생각나는이비인후과의원,의원,부산,210010,부산사하구,"부산광역시 사하구 하신번영로 199, (신평동)",128.9585174,35.0988331
생기한의원,한의원,부산,210001,부산남구,"부산광역시 남구 지게골로 46, (문현동)",129.0703921,35.1355256
생기한의원,한의원,부산,210009,부산해운대구,"부산광역시 해운대구 센텀3로 20, 벡스코 비지니스호텔 201호 (우동)",129.1329585,35.1678901
생기한의원,한의원,부산,210004,부산진구,"부산광역시 부산진구 서면로 73, 4층 (부전동)",129.0575184,35.1572477
생림한의원,한의원,부산,210003,부산동래구,"부산광역시 동래구 충렬사로 86, (명장동)",129.100652,35.2059737
생림한의원,한의원,부산,210100,부산기장군,"부산광역시 기장군 철마면 고촌로 28, 2층 202호",129.1707794,35.2395918
생명나무치과의원,치과의원,부산,210004,부산진구,"부산광역시 부산진구 엄광로 36-7, 202,203호 (개금동, 더블루)",129.0201681,35.1478896
생명선의원,의원,부산,210015,부산사상구,"부산광역시 사상구 사상로 194, 괘법동 메디컬센터 10,11,13층 (괘법동)",128.9847721,35.1625689
생생척척의원,의원,부산,210008,부산중구,"부산광역시 중구 해관로 1, 3층 (동광동1가)",129.0356778,35.0989754
생생한의원,한의원,부산,210001,부산남구,"부산광역시 남구 수영로 183, (대연동)",129.0865731,35.1351043
샤론의꽃의원,의원,부산,210001,부산남구,"부산광역시 남구 수영로 298, 13층 (대연동, 산암빌딩)",129.0990388,35.1365892
샤인빔의원,의원,부산,210004,부산진구,"부산광역시 부산진구 중앙대로 704-1, 4층 (부전동)",129.0595542,35.1556187
서강약손한의원,한의원,부산,210013,부산연제구,"부산광역시 연제구 중앙대로 1133, 2층 (연산동)",129.0806345,35.1888015
서강약손한의원.강내과의원,한의원,부산,210009,부산해운대구,"부산광역시 해운대구 좌동순환로 505, 센트럴메디타워 202호 (중동)",129.1682073,35.165667
서강정형외과의원,의원,부산,210015,부산사상구,"부산광역시 사상구 낙동대로 776, (엄궁동)",128.971517,35.1300259
서광한의원,한의원,부산,210100,부산기장군,"부산광역시 기장군 기장읍 읍내로 108-1, 2층 (파크빌딩)",129.2161885,35.2449099
서구보건소,보건소,부산,210006,부산서구,"부산광역시 서구 부용로 30, (부용동2가)",129.0180949,35.107442
서내과의원,의원,부산,210008,부산중구,"부산광역시 중구 대청로 86, (대청동3가)",129.0291989,35.1027554
서달덕내과의원,의원,부산,210001,부산남구,"부산광역시 남구 진남로 206, 2층 (문현동)",129.07672,35.1443627
서대호치과의원,치과의원,부산,210005,부산북구,"부산광역시 북구 만덕대로 129, (덕천동)",129.0188318,35.2133433
서동 미로내과의원,의원,부산,210011,부산금정구,"부산광역시 금정구 서동로 159-1, 2,3층 (서동)",129.1038147,35.2149937
서동가정의학과의원,의원,부산,210011,부산금정구,"부산광역시 금정구 서부로16번길 3, 2,4,5,6층 (서동)",129.1039603,35.2158392
서동정안과의원,의원,부산,210011,부산금정구,"부산광역시 금정구 서동로 154, (서동)",129.1033493,35.2146994
서동제일요양병원,요양병원,부산,210011,부산금정구,"부산광역시 금정구 서동로 172, 지하1,2지상3~9층 (서동)",129.1051966,35.2143872
서동참정형외과의원,의원,부산,210011,부산금정구,"부산광역시 금정구 서동로 154, 4~5층 (서동)",129.1033493,35.2146994
서동치과의원,치과의원,부산,210011,부산금정구,"부산광역시 금정구 서동로 155, 2층 (서동)",129.1036714,35.2149171
서동한의원,한의원,부산,210011,부산금정구,"부산광역시 금정구 서동중심로 59, (서동)",129.1030448,35.2141893
서라벌한의원,한의원,부산,210013,부산연제구,"부산광역시 연제구 중앙대로 1080, 3층 (연산동)",129.0805852,35.1841976
서루정신건강의학과의원,의원,부산,210100,부산기장군,"부산광역시 기장군 정관읍 정관로 561, 정관타워 8층 801호",129.1753817,35.3220259
서면뉴욕치과의원,치과의원,부산,210004,부산진구,"부산광역시 부산진구 중앙대로 704, (부전동, 4층)",129.0595816,35.1555002
서면대성한의원,한의원,부산,210004,부산진구,"부산광역시 부산진구 새싹로28번길 34, (부전동)",129.0589262,35.1604421
서면더존한방병원,한방병원,부산,210004,부산진구,"부산광역시 부산진구 중앙대로 708, 지하1-3층 지상2층 각 일부,지상9-10층, 14층 전부 (부전동)",129.0594806,35.1561411
서면바른내과의원,의원,부산,210004,부산진구,"부산광역시 부산진구 서전로10번길 61, 쥬디스태화신관 5층 일부호 (부전동)",129.0603392,35.1551229
서면성모안과의원,의원,부산,210004,부산진구,"부산광역시 부산진구 새싹로 10-1, 1,3층 (부전동)",129.0583766,35.1590602
서면속내과의원,의원,부산,210004,부산진구,"부산광역시 부산진구 새싹로 30, 2층 215, 216호 (부전동, 경동파크타워)",129.0573287,35.1606013
서면아이성형외과의원,의원,부산,210004,부산진구,"부산광역시 부산진구 서면로 55-1, 2,3,4층 (부전동)",129.0575788,35.155677
서면어린이치과의원,치과의원,부산,210004,부산진구,"부산광역시 부산진구 가야대로 769, 8층 (부전동)",129.0557793,35.1580057
서면엘레슈의원,의원,부산,210004,부산진구,"부산광역시 부산진구 서면문화로 8, (부전동)",129.0578741,35.1586762
서면엘비뇨의학과의원,의원,부산,210004,부산진구,"부산광역시 부산진구 가야대로 772, 12층 (부전동)",129.0554875,35.1568154
서면예치과의원,치과의원,부산,210004,부산진구,"부산광역시 부산진구 중앙대로 711, 6층 (부전동, 동아빌딩)",129.0587795,35.1563418
서면오늘플란트치과의원,치과의원,부산,210004,부산진구,"부산광역시 부산진구 새싹로 2, 국민은행 서면중앙지점 4,6,7층 (부전동)",129.0590368,35.1585719
서면정형외과의원,의원,부산,210004,부산진구,"부산광역시 부산진구 새싹로 19, 6층 (부전동)",129.0573082,35.159495
서면좋은사람안과의원,의원,부산,210004,부산진구,"부산광역시 부산진구 서면문화로 10, 15층,16층 (부전동)",129.0576139,35.1588242
서면중앙치과의원,치과의원,부산,210004,부산진구,"부산광역시 부산진구 새싹로 26, (부전동)",129.0574856,35.1600562
서면최성훈한의원,한의원,부산,210004,부산진구,"부산광역시 부산진구 새싹로 17, 서면빌딩 4층 (부전동)",129.0574954,35.1593104
서면클란트치과의원,치과의원,부산,210004,부산진구,"부산광역시 부산진구 서면문화로 8, 하나은행서면지점 5층 (부전동)",129.0578741,35.1586762
서면필내과의원,의원,부산,210004,부산진구,"부산광역시 부산진구 서면문화로 10, 7층 (부전동)",129.0576139,35.1588242
서민정형외과의원,의원,부산,210001,부산남구,"부산광역시 남구 용호로 132-1, (용호동)",129.1118499,35.1204514
서보원내과의원,의원,부산,210005,부산북구,"부산광역시 북구 만덕대로 80, 2층 (덕천동)",129.0136823,35.2119541
서부산성모안과의원,의원,부산,210010,부산사하구,"부산광역시 사하구 낙동남로 1417, 8.9층 (하단동)",128.9666289,35.1065996
서성국안과의원,의원,부산,210009,부산해운대구,"부산광역시 해운대구 재반로 198-1, (반여동)",129.1308031,35.1948892
서승도치과의원,치과의원,부산,210007,부산영도구,"부산광역시 영도구 청학로 91, (청학동)",129.0610509,35.0963751
서승진정신건강의학과의원,의원,부산,210011,부산금정구,"부산광역시 금정구 구서로 10, 5층 502호 (구서동)",129.0901269,35.2468711
서앤장센텀내과의원,의원,부산,210009,부산해운대구,"부산광역시 해운대구 해운대로 365, 301,401호 (우동)",129.1374368,35.1704318
서영주소아청소년과의원,의원,부산,210004,부산진구,"부산광역시 부산진구 새싹로 208, (초읍동)",129.0491503,35.174648
서영준신경외과의원,의원,부산,210006,부산서구,"부산광역시 서구 구덕로 312, 3층 (동대신동2가)",129.0171811,35.1117278
서울 당신을 위한 정형외과의원,의원,부산,210011,부산금정구,"부산광역시 금정구 장전로 10, 가온메디컬 103호, 201호 (장전동)",129.0876258,35.2278296
서울65치과의원,치과의원,부산,210004,부산진구,"부산광역시 부산진구 중앙대로783번길 26, 4층 (부전동)",129.0620281,35.1630504
서울MS치과의원,치과의원,부산,210013,부산연제구,"부산광역시 연제구 월드컵대로 125, 301호 (연산동, 더웰타워)",129.0818247,35.1852318
서울건치과의원,치과의원,부산,210011,부산금정구,"부산광역시 금정구 중앙대로 2093, 수광빌딩 3층 (남산동)",129.0923542,35.2711562
서울그린의원,의원,부산,210010,부산사하구,"부산광역시 사하구 다대로 473, (다대동)",128.9783573,35.0611812
서울넘버원신경외과의원,의원,부산,210003,부산동래구,"부산광역시 동래구 온천장로 75, 4층 401A, 402A, 403A호 (온천동, 온천KH파인우스)",129.081946,35.21815
서울늘봄안과의원,의원,부산,210003,부산동래구,"부산광역시 동래구 중앙대로 1523, SKHUBSKY 2층 B2-00일부호 (온천동)",129.0855308,35.2208431
서울더남성의원,의원,부산,210002,부산동구,"부산광역시 동구 중앙대로 197, 6층 (초량동)",129.0392211,35.1151156
서울더빛의원,의원,부산,210004,부산진구,"부산광역시 부산진구 중앙대로666번길 50, 상가동 지하1층 B106호, B106-2,3,4,6,7호 (부전동, 더샵 센트럴스타)",129.0609104,35.1519683
서울리더스정형외과의원,의원,부산,210003,부산동래구,"부산광역시 동래구 사직북로 7, 세미프라자 5층 501,502호 (사직동)",129.0605997,35.1965686
서울리더스치과의원,치과의원,부산,210001,부산남구,"부산광역시 남구 문현금융로 40, 부산국제금융센터 상가 314호 (문현동)",129.0656311,35.1472602
서울리안치과의원,치과의원,부산,210006,부산서구,"부산광역시 서구 구덕로 234, 201호 (부용동1가, 남명더라우)",129.0204227,35.1055403
서울마취통증의학과의원,의원,부산,210002,부산동구,"부산광역시 동구 중앙대로286번길 5, 3층일부, 4층, 6층 (초량동)",129.0442589,35.1219764
서울마취통증의학과의원,의원,부산,210009,부산해운대구,"부산광역시 해운대구 센텀2로 20, 1303호 (우동, 센텀타워메디칼)",129.1320258,35.1671978
서울미성형외과의원,의원,부산,210009,부산해운대구,"부산광역시 해운대구 좌동순환로 505, 1005호~1007호 (중동)",129.1682073,35.165667
서울미소치과의원,치과의원,부산,210010,부산사하구,"부산광역시 사하구 다대로 692, (다대동)",128.9658243,35.0481941
서울미소치과의원,치과의원,부산,210014,부산수영구,"부산광역시 수영구 수영로 400, 2층 (남천동)",129.1080444,35.1418455
서울미시간치과의원,치과의원,부산,210001,부산남구,"부산광역시 남구 수영로 297, 4층 (대연동)",129.0986524,35.1370387
서울바른치과교정과치과의원,치과의원,부산,210005,부산북구,"부산광역시 북구 백양대로 1200, 정수빌딩 4층 (덕천동)",129.0058219,35.2093621
서울바른현치과의원,치과의원,부산,210009,부산해운대구,"부산광역시 해운대구 마린시티2로 2, 704,705호 (우동, 마린파크)",129.1442096,35.15934
서울백치과의원,치과의원,부산,210009,부산해운대구,"부산광역시 해운대구 윗반송로 68, 1층 (반송동)",129.1570485,35.2301295
서울뿌리튼튼치과의원,치과의원,부산,210013,부산연제구,"부산광역시 연제구 반송로 6, 청우빌딩 8층 (연산동)",129.0824809,35.186266
서울삼성내과의원,의원,부산,210100,부산기장군,"부산광역시 기장군 기장읍 차성동로116번길 5, 꽃나라꽃집 2~4층",129.2177257,35.2481929
서울삼성산부인과의원,의원,부산,210013,부산연제구,"부산광역시 연제구 월드컵대로 142-1, 동해메디컬 14층 (연산동)",129.080821,35.1866122
서울삼성치과의원,치과의원,부산,210005,부산북구,"부산광역시 북구 백양대로 1204, 동강빌딩 2층 (덕천동)",129.0059238,35.2099677
서울성모내과의원,의원,부산,210010,부산사하구,"부산광역시 사하구 다대로 694, 6층 (다대동)",128.9656085,35.0485309
서울성모안과의원,의원,부산,210100,부산기장군,"부산광역시 기장군 정관읍 정관로 563, 3층 303호 (광장메디칼)",129.1756378,35.3219389
서울성모의원,의원,부산,210010,부산사하구,"부산광역시 사하구 낙동대로 225, (괴정동)",128.9923642,35.0995853
서울수치과의원,치과의원,부산,210009,부산해운대구,"부산광역시 해운대구 해운대로 814, 310호 (좌동, 세종월드프라자)",129.1776778,35.1695768
서울숲정신건강의학과의원,의원,부산,210003,부산동래구,"부산광역시 동래구 사직북로 4, 사직동 자이언츠 파크 5층 503호 (사직동)",129.0613598,35.1962582
서울스카이재활의학과의원,의원,부산,210001,부산남구,"부산광역시 남구 수영로 324, 2층 201호 (대연동, 리마크빌 대연)",129.1015514,35.1374999
서울시온치과의원,치과의원,부산,210012,부산강서구,"부산광역시 강서구 명지오션시티11로 74, 301호 (명지동)",128.9040357,35.0840454
서울시원의원,의원,부산,210007,부산영도구,"부산광역시 영도구 남항로 7, 4층 (남항동1가)",129.0374722,35.0900499
서울신세계치과의원,치과의원,부산,210011,부산금정구,"부산광역시 금정구 금강로 441, 태영빌딩 6층 (구서동)",129.0887076,35.2469781
서울아산내과의원,의원,부산,210012,부산강서구,"부산광역시 강서구 명지국제11로 29, 2층 (명지동)",128.9217089,35.104802
서울아산내과의원,의원,부산,210100,부산기장군,"부산광역시 기장군 기장읍 차성남로51번길 30, 30",129.216562,35.2426401
서울안과의원,의원,부산,210009,부산해운대구,"부산광역시 해운대구 세실로 43, 306호 (좌동, 경동코아빌딩)",129.17845,35.1687646
서울에이스치과의원,치과의원,부산,210005,부산북구,"부산광역시 북구 만덕대로 14, 5층 (덕천동)",129.0067235,35.2102083
서울오라클치과의원,치과의원,부산,210004,부산진구,"부산광역시 부산진구 중앙대로 708, 18층 (부전동)",129.0594806,35.1561411
서울외과의원,의원,부산,210008,부산중구,"부산광역시 중구 구덕로 4, (광복동1가)",129.0351408,35.0983145
서울외과의원,의원,부산,210009,부산해운대구,"부산광역시 해운대구 양운로 82, 해운대화인크리닉센타 5층 502호 (좌동)",129.1755732,35.1704651
서울우리신경외과의원,의원,부산,210014,부산수영구,"부산광역시 수영구 수영로 675, 큐비 메디컬센터 502호 (광안동)",129.1144938,35.1659533
서울우리요양병원,요양병원,부산,210005,부산북구,"부산광역시 북구 화명대로 42, (화명동)",129.0126896,35.2344122
서울웰치과의원,치과의원,부산,210004,부산진구,"부산광역시 부산진구 가야대로 476-1, (개금동)",129.0241632,35.1529083
서울위즈덤치과의원,치과의원,부산,210004,부산진구,"부산광역시 부산진구 동평로 350, 308호 (양정동, 현대프라자)",129.0632545,35.1745373
서울윌치과의원,치과의원,부산,210005,부산북구,"부산광역시 북구 화명대로 42, 3층 (화명동, 우리메디칼)",129.0126896,35.2344122
서울재활의학과의원,의원,부산,210014,부산수영구,"부산광역시 수영구 수영로 654, 7-12층 (광안동)",129.1147319,35.1640098
서울정형외과의원,의원,부산,210005,부산북구,"부산광역시 북구 화명대로 42, 우리메디컬센터 5층 (화명동)",129.0126896,35.2344122
서울정형외과의원,의원,부산,210003,부산동래구,"부산광역시 동래구 충렬대로 233, 1-4층 (수안동)",129.0848762,35.201743
서울지온신경외과의원,의원,부산,210011,부산금정구,"부산광역시 금정구 중앙대로 1897, (구서동)",129.0911411,35.2535397
서울참어린이치과의원,치과의원,부산,210009,부산해운대구,"부산광역시 해운대구 해운대로 814, 407,408호 (좌동, 세종월드프라자)",129.1776778,35.1695768
서울참정형외과의원,의원,부산,210001,부산남구,"부산광역시 남구 수영로 216, 미즈빌딩 2, 3층 (대연동)",129.0901151,35.1347824
서울청담성형외과의원,의원,부산,210003,부산동래구,"부산광역시 동래구 아시아드대로 239-1, 월드 메디컬 타워 6층 일부호 (온천동)",129.0674535,35.2054534
서울최유라정신건강의학과의원,의원,부산,210001,부산남구,"부산광역시 남구 수영로 252, 김계영내과 4층 (대연동)",129.0941229,35.135072
서울치과의원,치과의원,부산,210009,부산해운대구,"부산광역시 해운대구 선수촌로 53, 2~3층 (반여동)",129.1183014,35.1986915
서울치과의원,치과의원,부산,210013,부산연제구,"부산광역시 연제구 중앙대로 1039, 2층 (연산동)",129.0776352,35.1814055
서울탑플란트치과의원,치과의원,부산,210013,부산연제구,"부산광역시 연제구 중앙대로 1077, 3층 (연산동)",129.0798349,35.184312
서울편한내과의원,의원,부산,210009,부산해운대구,"부산광역시 해운대구 마린시티2로 33, 104동 621~626호 (우동, 해운대두산위브더제니스)",129.145091,35.156667
서울편한내과의원,의원,부산,210012,부산강서구,"부산광역시 강서구 대저로 254, (대저1동)",128.9801567,35.2138462
서울프라임치과의원,치과의원,부산,210001,부산남구,"부산광역시 남구 수영로 228, 2층 (대연동, 부산아동병원)",129.0914604,35.1348542
서울프라임치과의원,치과의원,부산,210100,부산기장군,"부산광역시 기장군 기장읍 차성로288번길 48, 2층",129.2161297,35.2429074
서울프라임피부과의원,의원,부산,210004,부산진구,"부산광역시 부산진구 중앙대로 921, 4층 (양정동)",129.0705254,35.1725016
서울플란트치과의원,치과의원,부산,210005,부산북구,"부산광역시 북구 만덕대로 21, (덕천동)",129.0073181,35.2108582
서울피부과의원,의원,부산,210009,부산해운대구,"부산광역시 해운대구 해운대해변로 154, 마리나센타 502호 (우동)",129.1485263,35.1581115
서울하이안치과의원,치과의원,부산,210009,부산해운대구,"부산광역시 해운대구 해운대로 814, 세종월드프라자 522, 523, 524호 (좌동)",129.1776778,35.1695768
서울한의원,한의원,부산,210100,부산기장군,"부산광역시 기장군 기장읍 차성동로87번길 8, (기장읍)",129.2163268,35.2457794
서울한의원,한의원,부산,210009,부산해운대구,"부산광역시 해운대구 재반로 83, 4층 1호 (재송동)",129.1254221,35.186076
서울화이트에스(S)치과의원,치과의원,부산,210007,부산영도구,"부산광역시 영도구 절영로 30, 3층 (대교동1가, 삼세메디컬센터)",129.0392387,35.0919114
서이비인후과의원,의원,부산,210015,부산사상구,"부산광역시 사상구 백양대로 893, 5층 (모라동)",128.9907076,35.1858648
서일석정신건강의학과의원,의원,부산,210004,부산진구,"부산광역시 부산진구 새싹로 39, (부전동)",129.056254,35.1609619
서자영산부인과의원,의원,부산,210009,부산해운대구,"부산광역시 해운대구 선수촌로 102-2, 부원메디칼센타 4층 402호 (반여동)",129.1196159,35.2027865
서재득신경과의원,의원,부산,210011,부산금정구,"부산광역시 금정구 서동로 168, 송월빌딩 2층 (서동)",129.1047804,35.2144461
서재영내과의원,의원,부산,210014,부산수영구,"부산광역시 수영구 수영로741번길 29, 2층 (수영동)",129.1208479,35.1694569
서정출이비인후과의원,의원,부산,210015,부산사상구,"부산광역시 사상구 운산로 52, 3층 (괘법동)",128.9817929,35.1676943
서주내과영상의학과의원,의원,부산,210002,부산동구,"부산광역시 동구 진시장로 19, (범일동)",129.0586463,35.1373442
서진한의원,한의원,부산,210005,부산북구,"부산광역시 북구 낙동대로 1778, 2층 (구포동)",129.003873,35.209572
서현철정형외과의원,의원,부산,210003,부산동래구,"부산광역시 동래구 충렬대로 469, 1층일부,2,3,4층 (안락동)",129.1094297,35.1953042
서현치과의원,치과의원,부산,210015,부산사상구,"부산광역시 사상구 백양대로494번길 12, 106동 203호 (주례동, 동일1차아파트상가)",128.9985084,35.1543639
서호재활의학과의원,의원,부산,210013,부산연제구,"부산광역시 연제구 중앙천로 93, 10층 (연산동)",129.0785079,35.1815106
서호하단병원,병원,부산,210010,부산사하구,"부산광역시 사하구 낙동대로 446, 7~15층 (당리동)",128.9700969,35.1051957
서화정형외과의원,의원,부산,210010,부산사하구,"부산광역시 사하구 낙동대로 252, (괴정동)",128.9896277,35.099507
서화참의원,의원,부산,210010,부산사하구,"부산광역시 사하구 낙동대로 252, (괴정동)",128.9896277,35.099507
서희내과의원,의원,부산,210010,부산사하구,"부산광역시 사하구 다송로 2, 4층 (다대동)",128.9800839,35.0666693
석광호내과의원,의원,부산,210005,부산북구,"부산광역시 북구 만덕1로 5, (만덕동)",129.0364315,35.2138225
석동호정형외과의원,의원,부산,210013,부산연제구,"부산광역시 연제구 월드컵대로 125, 4,5층 (연산동)",129.0818247,35.1852318
석인한의원,한의원,부산,210006,부산서구,"부산광역시 서구 대영로 67, (동대신동2가)",129.0185275,35.1104985
석치과의원,치과의원,부산,210010,부산사하구,"부산광역시 사하구 다대낙조1길 12, 201호 (다대동, 대우아파트상가)",128.9670779,35.0493957
석치과의원,치과의원,부산,210004,부산진구,"부산광역시 부산진구 동평로 109, (부암동)",129.0413163,35.1660805
선내과의원,의원,부산,210004,부산진구,"부산광역시 부산진구 냉정로 215, (개금동, 선아트메디칼1,2층)",129.0233755,35.1511624
선린태항외과의원,의원,부산,210015,부산사상구,"부산광역시 사상구 가야대로 272-1, 3층 (주례동)",129.0024355,35.1501131
선명안과의원,의원,부산,210010,부산사하구,"부산광역시 사하구 낙동대로 245, (괴정동)",128.9901459,35.0989933
선명한의원,한의원,부산,210004,부산진구,"부산광역시 부산진구 개금온정로 6, 401호 (개금동, 개금블루스카이)",129.0255659,35.1536883
선부부치과의원,치과의원,부산,210004,부산진구,"부산광역시 부산진구 중앙대로 931, 4~5층 (양정동)",129.070954,35.1732917
선부부한의원,한의원,부산,210005,부산북구,"부산광역시 북구 만덕대로 84, (덕천동)",129.0140767,35.2120861
선비뇨기과의원,의원,부산,210005,부산북구,"부산광역시 북구 만덕대로 13, (덕천동)",129.0065449,35.2106933
선샤인피부과의원,의원,부산,210015,부산사상구,"부산광역시 사상구 가야대로 276, M-square 메디컬센터 3층 301호 (주례동)",129.0027505,35.1500418
선안요양병원,요양병원,부산,210010,부산사하구,"부산광역시 사하구 다대로 616, (다대동)",128.9705052,35.0516288
선이고운의원,의원,부산,210004,부산진구,"부산광역시 부산진구 신천대로50번길 79, (부전동)",129.0597519,35.1542701
선이비인후과의원,의원,부산,210013,부산연제구,"부산광역시 연제구 연수로 222-1, (연산동)",129.0949603,35.1733753
선이아름다운치과교정과치과의원,치과의원,부산,210004,부산진구,"부산광역시 부산진구 중앙대로 697, 5층 (부전동, 우리은행)",129.0588427,35.1551523
선일치과의원,치과의원,부산,210006,부산서구,"부산광역시 서구 까치고개로233번길 4, 3층 (토성동2가)",129.0215813,35.0997948
선재부부치과의원,치과의원,부산,210009,부산해운대구,"부산광역시 해운대구 해운대로 794, 엘리움 4층 404호 (좌동)",129.1757451,35.168815
선재한의원,한의원,부산,210013,부산연제구,"부산광역시 연제구 연수로 137, (연산동, 2층 일부)",129.0859012,35.1749372
선정형외과의원,의원,부산,210010,부산사하구,"부산광역시 사하구 사하로 184, 3-4층 (괴정동)",128.9941408,35.0981361
선진맑은샘내과의원,의원,부산,210004,부산진구,"부산광역시 부산진구 동평로 83, 미래메디칼 4층 (당감동)",129.0386371,35.1656186
선진치과의원,치과의원,부산,210004,부산진구,"부산광역시 부산진구 가야대로 482, 4층 (개금동)",129.0246981,35.1528789
선치과의원,치과의원,부산,210010,부산사하구,"부산광역시 사하구 낙동대로 440, 4층 (당리동, 향원빌딩)",128.9705695,35.1048815
선치과의원,치과의원,부산,210009,부산해운대구,"부산광역시 해운대구 재반로 221, (반여동)",129.1308011,35.1970097
선하요양병원,요양병원,부산,210006,부산서구,"부산광역시 서구 구덕로200번길 8, (부민동1가)",129.020337,35.1023859
선하한의원,한의원,부산,210010,부산사하구,"부산광역시 사하구 낙동대로 230, (괴정동)",128.9918245,35.1000238
선한이웃치과의원,치과의원,부산,210004,부산진구,"부산광역시 부산진구 중앙대로 619, 선한이웃치과 1~4층, 5일부층 (범천동)",129.0589382,35.1480143
선한한의원,한의원,부산,210009,부산해운대구,"부산광역시 해운대구 청사포로 16, 201호 (좌동)",129.1837505,35.1662548
선함앤밝은봄병원,병원,부산,210004,부산진구,"부산광역시 부산진구 서면로 22, 태양빌딩 3, 4, 7층 (부전동)",129.0581756,35.1526069
설덕인한의원,한의원,부산,210014,부산수영구,"부산광역시 수영구 수영로 703, 3층 (수영동)",129.1162686,35.1680236
설상훈심사랑내과의원,의원,부산,210009,부산해운대구,"부산광역시 해운대구 해운대로 814, 세종월드프라자 B동 526호, 527호 일부호 (좌동)",129.1776778,35.1695768
설소영소아청소년과의원,의원,부산,210005,부산북구,"부산광역시 북구 덕천로 298, (만덕동)",129.0364016,35.2094148
설피부과의원,의원,부산,210008,부산중구,"부산광역시 중구 대청로 81, (대청동3가)",129.0288081,35.103147
성가병원,병원,부산,210004,부산진구,"부산광역시 부산진구 범일로 133, 135, 3층 일부, 4층 전부, 5층 일부 (범천동)",129.0590278,35.1420664
성낙현내과의원,의원,부산,210005,부산북구,"부산광역시 북구 시랑로 163, 2층 (구포동)",129.0132737,35.1962939
성남한의원,한의원,부산,210001,부산남구,"부산광역시 남구 홍곡로 12, (감만동)",129.0820044,35.1160141
성내과의원,의원,부산,210003,부산동래구,"부산광역시 동래구 명장로 142, (안락동)",129.1122938,35.1991938
성로내과의원,의원,부산,210003,부산동래구,"부산광역시 동래구 동래로136번길 30, (복천동)",129.0844991,35.2050286
성명식내과의원,의원,부산,210010,부산사하구,"부산광역시 사하구 낙동대로 237, 3층 (괴정동)",128.9911562,35.0992947
성명준내과의원,의원,부산,210009,부산해운대구,"부산광역시 해운대구 세실로 77, 성부빌딩 3층 (좌동)",129.1765451,35.1714867
성모내과의원,의원,부산,210009,부산해운대구,"부산광역시 해운대구 선수촌로 98, (반여동, 2층)",129.1195202,35.2024093
성모더오정신건강의학과의원,의원,부산,210009,부산해운대구,"부산광역시 해운대구 세실로 75, 5층 (좌동, 일진빌딩)",129.1767685,35.1712912
성모마취통증의학과의원,의원,부산,210008,부산중구,"부산광역시 중구 대청로 80, (대청동3가)",129.0285778,35.1027847
성모밝은안과의원,의원,부산,210001,부산남구,"부산광역시 남구 수영로 27, 5층 (문현동)",129.0708708,35.137228
성모병리과의원,의원,부산,210100,부산기장군,"부산광역시 기장군 정관읍 정관로 232-60, 2층일부,3,4층층",129.1588829,35.3436754
성모안과의원,의원,부산,210010,부산사하구,"부산광역시 사하구 다대로 550, 4층 (다대동)",128.9707449,35.0572853
성모의원,의원,부산,210004,부산진구,"부산광역시 부산진구 성지로8번길 46, (연지동)",129.0584754,35.1719345
성모이비인후과의원,의원,부산,210015,부산사상구,"부산광역시 사상구 낙동대로 786, 7층 (엄궁동)",128.9720865,35.1307295
성모이비인후과의원,의원,부산,210009,부산해운대구,"부산광역시 해운대구 해운대로 413, 2층 (우동)",129.1409576,35.1671171
성모이비인후과의원,의원,부산,210013,부산연제구,"부산광역시 연제구 거제천로 258, 월드빌스포츠센터 108호 일부호 (연산동)",129.0852542,35.1916108
성모정형외과의원,의원,부산,210011,부산금정구,"부산광역시 금정구 반송로 385, 1,2층 (서동)",129.1068633,35.2128126
성모치과의원,치과의원,부산,210002,부산동구,"부산광역시 동구 범일로 98, 2층 (범일동)",129.0596504,35.1386511
성모피부과의원,의원,부산,210014,부산수영구,"부산광역시 수영구 수영로 609-1, 2층 (광안동)",129.1134243,35.1602317
성민치과의원,치과의원,부산,210001,부산남구,"부산광역시 남구 홍곡로 360, 401동 2층 206~209호 (대연동, 대연파크푸르지오)",129.0900751,35.1252548
성백운소아청소년과가정의학과의원,의원,부산,210007,부산영도구,"부산광역시 영도구 동삼로 69, (동삼동)",129.0701446,35.0795677
성보한의원,한의원,부산,210010,부산사하구,"부산광역시 사하구 낙동대로 172, (괴정동)",128.9973932,35.1021252
성복한의원,한의원,부산,210007,부산영도구,"부산광역시 영도구 절영로 98, (영선동3가)",129.0400574,35.086024
성봉훈치과의원,치과의원,부산,210011,부산금정구,"부산광역시 금정구 서동로 161, (서동)",129.1042692,35.2148131
성분도치과병원,치과병원,부산,210014,부산수영구,"부산광역시 수영구 수영로 501, (광안동)",129.1108619,35.1508094
성비뇨기과의원,의원,부산,210006,부산서구,"부산광역시 서구 구덕로 109, 10층 (충무동1가)",129.0241404,35.0961904
성산현대요양병원,요양병원,부산,210003,부산동래구,"부산광역시 동래구 시실로 12, (명륜동)",129.0853661,35.2174024
성소치과의원,치과의원,부산,210001,부산남구,"부산광역시 남구 수영로 175, 5층 (대연동, SMG빌딩)",129.0858015,35.1351066
성수정형외과의원,의원,부산,210004,부산진구,"부산광역시 부산진구 가야대로 639, 1,2,3층 (가야동)",129.0416635,35.1559491
성수치과의원,치과의원,부산,210011,부산금정구,"부산광역시 금정구 금강로 231, 2층 (장전동)",129.0840898,35.2288117
성신항운외과의원,의원,부산,210008,부산중구,"부산광역시 중구 대청로 77, (대청동3가)",129.0283626,35.1031635
성심마취통증의학과의원,의원,부산,210015,부산사상구,"부산광역시 사상구 사상로 301, (덕포동)",128.9829006,35.1716691
성심의원,의원,부산,210007,부산영도구,"부산광역시 영도구 절영로 54, (남항동1가)",129.0382403,35.0899117
성심의원,의원,부산,210003,부산동래구,"부산광역시 동래구 여고로113번길 35, (사직동)",129.0745403,35.1999538
성심의원,의원,부산,210010,부산사하구,"부산광역시 사하구 하신번영로167번길 31, 2층 (신평동)",128.9582156,35.0974961
성심의원,의원,부산,210014,부산수영구,"부산광역시 수영구 민락로6번길 36, (민락동)",129.1242701,35.156862
성심치과의원,치과의원,부산,210011,부산금정구,"부산광역시 금정구 금강로 352, 서우빌딩 3층 (장전동)",129.0865969,35.2393225
성애내과의원,의원,부산,210004,부산진구,"부산광역시 부산진구 새싹로 19, 4,5층 (부전동)",129.0573082,35.159495
성은의료재단 연산병원,정신병원,부산,210013,부산연제구,"부산광역시 연제구 배산북로 50, (연산동, 배산북로 47)",129.094698,35.1783372
성은의원,의원,부산,210013,부산연제구,"부산광역시 연제구 고분로 21, 2층 (연산동)",129.08478,35.1858938
성인치과의원,치과의원,부산,210014,부산수영구,"부산광역시 수영구 연수로 400, (광안동)",129.1128521,35.1686989
성재영이즈피부과의원,의원,부산,210004,부산진구,"부산광역시 부산진구 서면문화로 10, 4층 401호 (부전동)",129.0576139,35.1588242
성진내과의원,의원,부산,210004,부산진구,"부산광역시 부산진구 가야대로 713, 9층 (당감동, 굿모닝메디컬센터)",129.0495013,35.1575928
성찬의원,의원,부산,210001,부산남구,"부산광역시 남구 용호로 129, 2층 (용호동, 두산빌딩)",129.1123661,35.1206436
성혜당한의원,한의원,부산,210005,부산북구,"부산광역시 북구 만덕대로 88, 2층 (덕천동)",129.0145088,35.2122279
세강내과의원,의원,부산,210014,부산수영구,"부산광역시 수영구 수영로 582, (광안동)",129.1133785,35.1576088
세경한의원,한의원,부산,210013,부산연제구,"부산광역시 연제구 고분로 30, 2층 (연산동)",129.0856713,35.1855224
세계로치과병원,치과병원,부산,210009,부산해운대구,"부산광역시 해운대구 센텀동로 102, 센텀필1 2층 208호~213호호 (재송동)",129.1264797,35.1766023
세계로치과의원,치과의원,부산,210004,부산진구,"부산광역시 부산진구 가야대로 509, 가야스퀘어 3층 (가야동)",129.027765,35.1535066
세광의원,의원,부산,210006,부산서구,"부산광역시 서구 충무대로 169, (남부민동)",129.0242045,35.0856841
세광치과의원,치과의원,부산,210009,부산해운대구,"부산광역시 해운대구 반송로924번길 25-2, (반송동)",129.1568618,35.2316117
세광한의원,한의원,부산,210002,부산동구,"부산광역시 동구 고관로 96, (수정동)",129.0453913,35.1274444
세린한의원,한의원,부산,210006,부산서구,"부산광역시 서구 구덕로 293, 202호 (서대신동2가, 희망센츄럴타운)",129.0173403,35.1102181
세림당한의원,한의원,부산,210004,부산진구,"부산광역시 부산진구 당감로 26, 부산진신용협동조합 4층 (당감동)",129.0397258,35.1638942
세림한의원,한의원,부산,210011,부산금정구,"부산광역시 금정구 서부로 16, (서동)",129.1040082,35.2156461
세명치과의원,치과의원,부산,210004,부산진구,"부산광역시 부산진구 동평로 106, 앨리움 메디컬센터 302호 (당감동)",129.0411348,35.1655911
세명한의원,한의원,부산,210010,부산사하구,"부산광역시 사하구 하신번영로 197-1, (신평동)",128.9586607,35.0988066
세명한의원,한의원,부산,210001,부산남구,"부산광역시 남구 동명로 142, 2층 (용호동)",129.112424,35.1194417
세민정형외과의원,의원,부산,210009,부산해운대구,"부산광역시 해운대구 중동1로 15-2, 2층 (우동)",129.161599,35.163709
세민치과의원,치과의원,부산,210007,부산영도구,"부산광역시 영도구 동삼로 64, (동삼동, 농협중앙회)",129.0706151,35.0791786
세방 한의원,한의원,부산,210014,부산수영구,"부산광역시 수영구 연수로 415, (수영동)",129.1145394,35.16803
세방치과의원,치과의원,부산,210009,부산해운대구,"부산광역시 해운대구 센텀2로 10, 402호 (우동, 센텀메디컬센터)",129.1315304,35.1678325
세봉한의원,한의원,부산,210014,부산수영구,"부산광역시 수영구 수영로 394, (남천동)",129.1075702,35.1414169
세브란스의원,의원,부산,210003,부산동래구,"부산광역시 동래구 미남로 75, 2층 (사직동, 대광빌딩)",129.0696633,35.2005733
세브란스치과의원,치과의원,부산,210010,부산사하구,"부산광역시 사하구 사하로 195, 2층 (괴정동)",128.9931785,35.099032
세브람즈웰치과의원,치과의원,부산,210004,부산진구,"부산광역시 부산진구 당감로 36, (당감동)",129.0394914,35.1648286
세양의원,의원,부산,210005,부산북구,"부산광역시 북구 금곡대로 159, (화명동)",129.0088725,35.2233257
세온의원,의원,부산,210005,부산북구,"부산광역시 북구 덕천로 303, 2층 (만덕동)",129.0370696,35.209662
세웅병원,병원,부산,210011,부산금정구,"부산광역시 금정구 서동로 162, (서동)",129.1040334,35.2145413
세원요양병원,요양병원,부산,210006,부산서구,"부산광역시 서구 충무대로 246-246, 101동 2층 203호 (남부민동, 현대타운)",129.0242546,35.0925369
세원의원,의원,부산,210003,부산동래구,"부산광역시 동래구 동래로19번길 2, (온천동)",129.0781082,35.2128151
세유한의원,한의원,부산,210004,부산진구,"부산광역시 부산진구 당감서로80번길 20, 3층 (당감동)",129.0380172,35.1673316
세은소아청소년과의원,의원,부산,210005,부산북구,"부산광역시 북구 금곡대로 268, (화명동, 화명대림타운상가)",129.0154964,35.2308715
세인요양병원,요양병원,부산,210003,부산동래구,"부산광역시 동래구 여고로 5, (사직동)",129.064576,35.1953494
세인트루이스치과의원,치과의원,부산,210004,부산진구,"부산광역시 부산진구 서면로 62-1, 11층 (부전동)",129.058046,35.1563164
세인트치과의원,치과의원,부산,210015,부산사상구,"부산광역시 사상구 사상로 200, 603호 (괘법동, 엠시빌딩)",128.9846023,35.1629712
세일병원,병원,부산,210002,부산동구,"부산광역시 동구 중앙대로 317, (초량동, 세일병원)",129.0446395,35.1249181
세일의원,의원,부산,210014,부산수영구,"부산광역시 수영구 광안해변로277번길 66, (민락동)",129.1233958,35.1586385
세일치과의원,치과의원,부산,210002,부산동구,"부산광역시 동구 자성공원로 5, 2층 (범일동)",129.0601104,35.1373246
세정당한의원,한의원,부산,210003,부산동래구,"부산광역시 동래구 충렬대로237번길 94, 1층 (복천동)",129.083993,35.2053835
세정의원,의원,부산,210004,부산진구,"부산광역시 부산진구 새싹로 24, 지하1, 지상1층 (부전동)",129.0575755,35.1599543
세정한의원,한의원,부산,210003,부산동래구,"부산광역시 동래구 충렬대로108번길 11, (온천동)",129.0726128,35.2061839
세제한의원,한의원,부산,210005,부산북구,"부산광역시 북구 덕천로 308, 2층 (만덕동)",129.0376286,35.2092797
세종외과의원,의원,부산,210011,부산금정구,"부산광역시 금정구 금사로 53-1, (서동)",129.1095906,35.2181501
세종의원,의원,부산,210001,부산남구,"부산광역시 남구 수영로 30-1, 2층 (문현동, 세종빌딩)",129.071307,35.1363941
세종치과의원,치과의원,부산,210014,부산수영구,"부산광역시 수영구 수영로 675, 큐비 메디컬센터 7-10층 (광안동)",129.1144938,35.1659533
세종한의원,한의원,부산,210011,부산금정구,"부산광역시 금정구 중앙대로 1893, (구서동)",129.0911381,35.2532799
세지한의원,한의원,부산,210009,부산해운대구,"부산광역시 해운대구 양운로 98, 대하프라자 702호 (좌동)",129.1748353,35.1716411
세진한의원,한의원,부산,210009,부산해운대구,"부산광역시 해운대구 재반로 111, (재송동)",129.1261939,35.1883111
세프치과의원,치과의원,부산,210009,부산해운대구,"부산광역시 해운대구 해운대해변로 257, 707호 (우동)",129.1595211,35.159687
세현마취통증의학과의원,의원,부산,210009,부산해운대구,"부산광역시 해운대구 해운대로 637, 2층 (우동, 메디현대빌딩)",129.1598774,35.1644999
세현안과의원,의원,부산,210002,부산동구,"부산광역시 동구 중앙대로 201, (초량동)",129.0393741,35.1153834
세현한의원,한의원,부산,210009,부산해운대구,"부산광역시 해운대구 좌동순환로 175, 대아프라자 5층 (좌동)",129.1755281,35.1781111
세화당한의원,한의원,부산,210002,부산동구,"부산광역시 동구 중앙대로221번길 8, (초량동)",129.0400767,35.1171075
세화병원,병원,부산,210003,부산동래구,"부산광역시 동래구 미남로132번길 28, (온천동)",129.0711844,35.2059213
세화의원,의원,부산,210001,부산남구,"부산광역시 남구 석포로 64, 2,3층 (감만동)",129.0875857,35.1236123
세화한의원,한의원,부산,210010,부산사하구,"부산광역시 사하구 다대로429번길 20, 상가1동 215호 (다대동, 삼환종합상가)",128.9809653,35.0621262
세훈치과의원,치과의원,부산,210002,부산동구,"부산광역시 동구 중앙대로 507-1, 2층 (범일동)",129.0562403,35.1385745
세흥병원,병원,부산,210004,부산진구,"부산광역시 부산진구 중앙대로 805, 지하2~지상10 층 (부전동)",129.0632074,35.1637714
센스 치과의원,치과의원,부산,210014,부산수영구,"부산광역시 수영구 광남로 214, (민락동)",129.1221006,35.1586387
센스원의원,의원,부산,210008,부산중구,"부산광역시 중구 보수대로 18, 2층 (부평동2가)",129.0252522,35.0987453
센텀365한의원,한의원,부산,210014,부산수영구,"부산광역시 수영구 수영로 765, 1층 (수영동)",129.1224977,35.1669744
센텀가정의원,의원,부산,210009,부산해운대구,"부산광역시 해운대구 센텀동로 6, 3층 (우동, 삼성홈플러스)",129.1336852,35.1709266
센텀경희한의원,한의원,부산,210009,부산해운대구,"부산광역시 해운대구 센텀중앙로 90, 201,202호 (재송동, 큐비e센텀)",129.1264311,35.1754431
센텀고운선형한의원,한의원,부산,210009,부산해운대구,"부산광역시 해운대구 센텀남대로 50, 602호 (우동, 센템임페리얼타워빌딩)",129.1313001,35.1681037
센텀내과의원,의원,부산,210009,부산해운대구,"부산광역시 해운대구 선수촌로 104-10, 선수촌빌딩 2,5층(일부),3층 (반여동)",129.1199099,35.2026807
센텀뉴욕치과의원,치과의원,부산,210009,부산해운대구,"부산광역시 해운대구 센텀남대로 50, 401호 (우동, 센텀임페리얼)",129.1313001,35.1681037
센텀도담외과의원,의원,부산,210009,부산해운대구,"부산광역시 해운대구 센텀2로 10, 센텀메디컬센타 10층 1001호 일부호 (우동)",129.1315304,35.1678325
센텀루이스치과의원,치과의원,부산,210009,부산해운대구,"부산광역시 해운대구 센텀북대로 60, 201호 (재송동, 센텀아이에스타워)",129.1253774,35.1766639
센텀리더스치과의원,치과의원,부산,210009,부산해운대구,"부산광역시 해운대구 센텀동로 90, 208,209호 (재송동, 센텀필2관)",129.1272462,35.1757388
센텀리즈온의원,의원,부산,210009,부산해운대구,"부산광역시 해운대구 센텀남대로 50, 센템임페리얼타워 3층 302호 (우동)",129.1313001,35.1681037
센텀릴리의원,의원,부산,210009,부산해운대구,"부산광역시 해운대구 센텀2로 15, 센텀브라이빌딩 4층 403호 (우동)",129.1323537,35.1677016
센텀마취통증의학과의원,의원,부산,210009,부산해운대구,"부산광역시 해운대구 수영강변대로 504, 센텀주유소 4층 (반여동)",129.1189447,35.2029297
센텀모빅스피부과의원,의원,부산,210009,부산해운대구,"부산광역시 해운대구 해운대로 313, 3층일부,4~7층 (우동)",129.1326424,35.1730196
센텀미플러스의원,의원,부산,210013,부산연제구,"부산광역시 연제구 반송로 6, (연산동, 9층 일부)",129.0824809,35.186266
센텀바른한의원,한의원,부산,210009,부산해운대구,"부산광역시 해운대구 선수촌로 80, 2층 (반여동)",129.1193586,35.2008307
센텀밝은빛안과의원,의원,부산,210009,부산해운대구,"부산광역시 해운대구 센텀2로 20, 6층 603호 (우동)",129.1320258,35.1671978
센텀부부치과의원,치과의원,부산,210009,부산해운대구,"부산광역시 해운대구 선수촌로 80, 3,4층 (반여동)",129.1193586,35.2008307
센텀비비의원,의원,부산,210009,부산해운대구,"부산광역시 해운대구 센텀2로 19, 301호 (우동, 센텀코아)",129.1325792,35.1674411
센텀쁘띠의원,의원,부산,210009,부산해운대구,"부산광역시 해운대구 센텀2로 25, 센텀드림월드 12층 1203호 (우동)",129.132947,35.1669544
센텀삼성비뇨의학과의원,의원,부산,210009,부산해운대구,"부산광역시 해운대구 해운대로 369, 해운대센텀메디칼센터 2층 (우동)",129.1377353,35.1702057
센텀삼성재활의학과의원,의원,부산,210009,부산해운대구,"부산광역시 해운대구 해운대로 365, 501호 (우동)",129.1374368,35.1704318
센텀서울정형외과의원,의원,부산,210009,부산해운대구,"부산광역시 해운대구 선수촌로 103-4, 3, 4층 (반여동)",129.1193242,35.2031837
센텀성모안과의원,의원,부산,210009,부산해운대구,"부산광역시 해운대구 선수촌로 102-2, 부원메디칼센타 501호 (반여동)",129.1196159,35.2027865
센텀성형외과의원,의원,부산,210004,부산진구,"부산광역시 부산진구 서면로 60-1, 1,2,3층 (부전동)",129.0580331,35.1561921
센텀소중한눈안과의원,의원,부산,210009,부산해운대구,"부산광역시 해운대구 센텀남대로 50, 1402호 (우동, 센텀임페리얼타워)",129.1313001,35.1681037
센텀속사랑내과의원,의원,부산,210009,부산해운대구,"부산광역시 해운대구 센텀2로 20, 903호 (우동, 센텀타워메디컬)",129.1320258,35.1671978
센텀속시원내과의원,의원,부산,210009,부산해운대구,"부산광역시 해운대구 해운대로 415, 701호 (우동)",129.1411817,35.1669113
센텀수한의원,한의원,부산,210009,부산해운대구,"부산광역시 해운대구 센텀동로 9, 2층 223호 (우동, 트럼프월드센텀아파트)",129.1324214,35.1703962
센텀숲정신건강의학과의원,의원,부산,210009,부산해운대구,"부산광역시 해운대구 센텀남대로 50, 센템임페리얼타워 A901일부호 (우동)",129.1313001,35.1681037
센텀스타의원,의원,부산,210009,부산해운대구,"부산광역시 해운대구 센텀2로 20, 센텀타워메디컬 503호 (우동)",129.1320258,35.1671978
센텀시원정형외과의원,의원,부산,210009,부산해운대구,"부산광역시 해운대구 재반로 86, 2층 (재송동)",129.1257184,35.1862985
센텀시티의원,의원,부산,210009,부산해운대구,"부산광역시 해운대구 센텀중앙로 145, 상가7동 103-2호 (재송동, 더샵센텀파크1차아파트)",129.1219424,35.1788329
센텀신경외과의원,의원,부산,210002,부산동구,"부산광역시 동구 중앙대로 193, 4층 (초량동, 마린리더스타워)",129.0390785,35.1147121
센텀아나파마취통증의학과의원,의원,부산,210009,부산해운대구,"부산광역시 해운대구 재반로 82, 장안빌딩 4층 (재송동)",129.1257818,35.1860019
센텀아동병원,병원,부산,210009,부산해운대구,"부산광역시 해운대구 해운대로 407, 6층 (우동, 신세계프라자)",129.1406828,35.1678259
센텀아시아치과의원,치과의원,부산,210009,부산해운대구,"부산광역시 해운대구 센텀동로 9, 상가 2층 226호 (우동, 트럼프월드센텀아파트)",129.1324214,35.1703962
센텀아이피엠의원,의원,부산,210009,부산해운대구,"부산광역시 해운대구 센텀중앙로 48, 에이스하이테크21 310~311호 (우동)",129.1299025,35.1730231
센텀안과의원,의원,부산,210015,부산사상구,"부산광역시 사상구 사상로 236, 2층 (괘법동)",128.9830174,35.1659783
센텀어린이치과의원,치과의원,부산,210009,부산해운대구,"부산광역시 해운대구 센텀중앙로 142, 상가1동 202호 (재송동, 더샵센텀파크2차아파트)",129.1235492,35.1790549
센텀에이스치과의원,치과의원,부산,210009,부산해운대구,"부산광역시 해운대구 센텀중앙로 48, 304호 (우동, 에이스하이테크21)",129.1299025,35.1730231
센텀에코의원,의원,부산,210009,부산해운대구,"부산광역시 해운대구 센텀중앙로 145, 상가 7동 202-2호 (재송동, 더샵센텀파크1차아파트)",129.1219424,35.1788329
센텀엘의원,의원,부산,210009,부산해운대구,"부산광역시 해운대구 센텀2로 10, 센텀메디컬센타 5층 (우동)",129.1315304,35.1678325
센텀연의원,의원,부산,210009,부산해운대구,"부산광역시 해운대구 센텀2로 25, 센텀드림월드 502호 (우동)",129.132947,35.1669544
센텀연합의원,의원,부산,210001,부산남구,"부산광역시 남구 수영로 33, 2층 (문현동)",129.0716377,35.1371741
센텀오딧세이치과의원,치과의원,부산,210009,부산해운대구,"부산광역시 해운대구 해운대로 369, 9,10층 (우동, 해운대센텀메디칼센터)",129.1377353,35.1702057
센텀외과의원,의원,부산,210009,부산해운대구,"부산광역시 해운대구 해운대로 407, 301호 (우동, 신세계프라자)",129.1406828,35.1678259
센텀월드치과의원,치과의원,부산,210009,부산해운대구,"부산광역시 해운대구 해운대로 381-3, 2층 (우동)",129.1385537,35.1694614
센텀이루다요양병원,요양병원,부산,210009,부산해운대구,"부산광역시 해운대구 APEC로 17, 센텀리더스마크, 1.2층일부, 3층, 5~8층 (우동)",129.1324308,35.1659261
센텀이룸여성의원,의원,부산,210009,부산해운대구,"부산광역시 해운대구 센텀2로 20, 센텀타워메디컬 1003,1103호 (우동)",129.1320258,35.1671978
센텀이비인후과의원,의원,부산,210005,부산북구,"부산광역시 북구 화명대로 44, (화명동)",129.013,35.2343739
센텀일신소아청소년과의원,의원,부산,210009,부산해운대구,"부산광역시 해운대구 센텀동로 90, 201호 (재송동, 센텀필2)",129.1272462,35.1757388
센텀조은마취통증의학과의원,의원,부산,210014,부산수영구,"부산광역시 수영구 연수로 408, 5층 (광안동)",129.1135868,35.1681243
센텀조은의원,의원,부산,210009,부산해운대구,"부산광역시 해운대구 센텀북대로 60, 211호 (재송동, 센텀IS타워)",129.1253774,35.1766639
센텀진이비인후과의원,의원,부산,210009,부산해운대구,"부산광역시 해운대구 반여로41번길 54, 꿈의메디컬 2층 (반여동)",129.1189716,35.1975199
센텀척신경외과의원,의원,부산,210009,부산해운대구,"부산광역시 해운대구 센텀2로 15, (우동, 센텀브라이언 5층,9층)",129.1323537,35.1677016
센텀카이스트재활의학과의원,의원,부산,210001,부산남구,"부산광역시 남구 유엔평화로 4, 갤러리타워 5,6층 (대연동)",129.0916541,35.1346575
센텀캘리포니아치과의원,치과의원,부산,210009,부산해운대구,"부산광역시 해운대구 센텀2로 15, 502호 (우동, 센텀브라이빌딩)",129.1323537,35.1677016
센텀코어의원,의원,부산,210009,부산해운대구,"부산광역시 해운대구 마린시티2로 38, 업무동 301호~302호,320호~322호 (우동, 해운대아이파크)",129.1425875,35.1565821
센텀타워치과의원,치과의원,부산,210009,부산해운대구,"부산광역시 해운대구 센텀2로 20, 1501-1502호 (우동, 센텀타워메디칼)",129.1320258,35.1671978
센텀튼튼정형외과의원,의원,부산,210009,부산해운대구,"부산광역시 해운대구 재반로 176, 301호 303호호 (재송동)",129.1297651,35.1930393
센텀파크요양병원,요양병원,부산,210009,부산해운대구,"부산광역시 해운대구 재반로 137, (재송동)",129.1270729,35.1905809
센텀푸른이비인후과의원,의원,부산,210009,부산해운대구,"부산광역시 해운대구 해운대로76번길 16, 402호 (재송동)",129.1193147,35.1904041
센텀한의원,한의원,부산,210009,부산해운대구,"부산광역시 해운대구 센텀중앙로 145, 상가6동 215호 (재송동, 더샵센텀파크 1차@)",129.1219424,35.1788329
센텀해인요양병원,요양병원,부산,210014,부산수영구,"부산광역시 수영구 수영로 671, 5층~11층 (광안동)",129.1144799,35.1657592
센텀허밍정신건강의학과의원,의원,부산,210009,부산해운대구,"부산광역시 해운대구 센텀남대로 50, 센템임페리얼타워 A202 일부호 (우동)",129.1313001,35.1681037
센텀화외과의원,의원,부산,210009,부산해운대구,"부산광역시 해운대구 해운대로 365, 201,701호 (우동)",129.1374368,35.1704318
센텀희여성의원,의원,부산,210009,부산해운대구,"부산광역시 해운대구 센텀북대로 60, 센텀아이에스타워 1층 108호 (재송동)",129.1253774,35.1766639
센트럴가정의학과의원,의원,부산,210013,부산연제구,"부산광역시 연제구 법원북로65번길 3, 2층, 3층 일부호 (거제동)",129.0740262,35.1937199
센트럴부산의원,의원,부산,210004,부산진구,"부산광역시 부산진구 중앙대로 770, 고촌빌딩 4층 (부전동)",129.0620225,35.1608916
센트럴성모안과의원,의원,부산,210009,부산해운대구,"부산광역시 해운대구 해운대로 814, 세종월드프라자 A동 501-2호 (좌동)",129.1776778,35.1695768
센트럴이비인후과의원,의원,부산,210013,부산연제구,"부산광역시 연제구 고분로 2, 2층 (연산동)",129.082495,35.1857733
센트럴치과의원,치과의원,부산,210013,부산연제구,"부산광역시 연제구 시청로 20, 5층 (연산동)",129.0751003,35.1813156
센트럴치과의원,치과의원,부산,210015,부산사상구,"부산광역시 사상구 광장로 81, 우주빌딩 2층 (괘법동)",128.9855768,35.1626798
센트럴치과의원,치과의원,부산,210014,부산수영구,"부산광역시 수영구 과정로 54, 2층 (망미동)",129.1076756,35.1761841
셀렉트피부과의원,의원,부산,210010,부산사하구,"부산광역시 사하구 낙동남로 1406, 3층 (하단동)",128.9655838,35.1058002
셀리즈피부과의원,의원,부산,210009,부산해운대구,"부산광역시 해운대구 마린시티2로 33, 104동 806~812호 (우동, 해운대두산위브더제니스)",129.145091,35.156667
셀빙강내과의원,의원,부산,210015,부산사상구,"부산광역시 사상구 사상로 231, 1층전체, 2층일부층 (괘법동)",128.982685,35.1655765
셀피성형외과의원,의원,부산,210004,부산진구,"부산광역시 부산진구 중앙대로 700, 8층 (부전동)",129.059521,35.1552532
소가담한의원,한의원,부산,210010,부산사하구,"부산광역시 사하구 승학로 45-1, 유원빌딩 2층 (당리동)",128.9736937,35.1060596
소나무비움한의원,한의원,부산,210004,부산진구,"부산광역시 부산진구 가야대로 775-1, 4층 (부전동)",129.0564371,35.1579191
소나무한의원,한의원,부산,210009,부산해운대구,"부산광역시 해운대구 좌동로91번길 49, 201호 (좌동, 디아이하우스)",129.1734823,35.174208
소나무한의원,한의원,부산,210014,부산수영구,"부산광역시 수영구 수영로 653, 1층, 지하1층 (광안동)",129.1142567,35.164088
소담치과의원,치과의원,부산,210013,부산연제구,"부산광역시 연제구 중앙대로1134번길 15, 2층 (연산동)",129.0818605,35.1890117
소담한의원,한의원,부산,210015,부산사상구,"부산광역시 사상구 대동로 106, 101호 (학장동, 목화아파트상가)",128.9795504,35.1388094
소담한의원,한의원,부산,210014,부산수영구,"부산광역시 수영구 수영로 557, (광안동, 호암빌딩1층)",129.112322,35.1555305
소리온이비인후과의원,의원,부산,210004,부산진구,"부산광역시 부산진구 중앙대로 747, 5층 501호 일부 (부전동)",129.0600126,35.1593889
소리청한의원,한의원,부산,210010,부산사하구,"부산광역시 사하구 낙동대로 237, (괴정동)",128.9911562,35.0992947
소림한의원,한의원,부산,210013,부산연제구,"부산광역시 연제구 쌍미천로 4, 1층 (연산동)",129.092445,35.1741746
소마한의원,한의원,부산,210009,부산해운대구,"부산광역시 해운대구 해운대로 620, 해운대 라뮤에뜨 227호 (우동)",129.1584586,35.1629713
소망한의원,한의원,부산,210009,부산해운대구,"부산광역시 해운대구 양운로 108, 3층 (좌동)",129.1740332,35.1724558
소명한의원,한의원,부산,210005,부산북구,"부산광역시 북구 덕천로 299, (만덕동, 부산은행)",129.0365894,35.2097558
소문한의원,한의원,부산,210001,부산남구,"부산광역시 남구 수영로219번길 16, (대연동)",129.0905772,35.1359017
소문한의원,한의원,부산,210010,부산사하구,"부산광역시 사하구 장림번영로 29, 1층 (장림동)",128.9685277,35.0808733
소생한의원,한의원,부산,210014,부산수영구,"부산광역시 수영구 수영로 384, (남천동)",129.1069632,35.1407825
소생한의원,한의원,부산,210001,부산남구,"부산광역시 남구 용호로 127, 1층 (용호동)",129.1123892,35.1207875
소영한의원,한의원,부산,210005,부산북구,"부산광역시 북구 구남언덕로 22, 9-202호 (구포동, 대성맨션)",128.9953302,35.201509
소전경희한의원,한의원,부산,210010,부산사하구,"부산광역시 사하구 다대로 244, (장림동)",128.9770317,35.0807568
소중한소아청소년과의원,의원,부산,210004,부산진구,"부산광역시 부산진구 당감서로 88, 3층 (부암동, 성우빌딩)",129.0368754,35.1684524
소중한이치과의원,치과의원,부산,210010,부산사하구,"부산광역시 사하구 낙동남로 1389, 8층 (하단동)",128.9638146,35.106575
소중한이치과의원,치과의원,부산,210003,부산동래구,"부산광역시 동래구 충렬대로 413, 3층 (안락동)",129.1036174,35.1968773
소청한의원,한의원,부산,210003,부산동래구,"부산광역시 동래구 명륜로94번길 10, (수안동)",129.0839672,35.2027999
소통마취통증의학과의원(의원471),의원,부산,210009,부산해운대구,"부산광역시 해운대구 아랫반송로 17, (반송동)",129.1481461,35.2255377
소피스의원,의원,부산,210009,부산해운대구,"부산광역시 해운대구 좌동순환로 505, 센트럴메디타워 1106~1108호 (중동)",129.1682073,35.165667
속e편한내과의원,의원,부산,210010,부산사하구,"부산광역시 사하구 서포로30번길 9, (구평동)",128.9859911,35.0823715
속깊은내과의원,의원,부산,210013,부산연제구,"부산광역시 연제구 중앙천로2번길 3, 3층 (연산동)",129.0844966,35.1751874
속바른내과의원,의원,부산,210006,부산서구,"부산광역시 서구 구덕로 109, 2,3,4층 (충무동1가)",129.0241404,35.0961904
속속드리내과의원,의원,부산,210011,부산금정구,"부산광역시 금정구 오시게로 22, 2층 (부곡동)",129.0865079,35.219444
속시원김내과의원,의원,부산,210003,부산동래구,"부산광역시 동래구 명장로 48, 명장1동 새마을금고 2층 (명장동)",129.1059968,35.2046199
속시원내과의원,의원,부산,210011,부산금정구,"부산광역시 금정구 금강로 441, 이강빌딩 4층 (구서동)",129.0887076,35.2469781
속시원내과의원,의원,부산,210004,부산진구,"부산광역시 부산진구 전포대로275번길 79, (전포동)",129.0643375,35.1634084
속시원한내과의원,의원,부산,210004,부산진구,"부산광역시 부산진구 동평로 90, (당감동)",129.0394146,35.1653088
속체크내과의원,의원,부산,210014,부산수영구,"부산광역시 수영구 수영로 693, BNK 수영타워 4층 (수영동)",129.1154764,35.1679024
속튼튼원내과의원,의원,부산,210006,부산서구,"부산광역시 서구 대영로 54, 4층 401호 (서대신동1가, 대신메디컬센터)",129.0173389,35.1096821
속편안내과의원,의원,부산,210003,부산동래구,"부산광역시 동래구 서동중심로 4, 2층 일부, 3층 (명장동)",129.1042034,35.2101277
속편한장내과의원,의원,부산,210004,부산진구,"부산광역시 부산진구 새싹로 218, 3~4층 (초읍동)",129.0488528,35.175616
속편한희망내과의원,의원,부산,210015,부산사상구,"부산광역시 사상구 낙동대로 780, 2, 3층 (엄궁동)",128.9717304,35.1302114
손 가정의학과의원,의원,부산,210100,부산기장군,"부산광역시 기장군 철마면 고촌로 28, 3층",129.1707794,35.2395918
손계학소아청소년과의원,의원,부산,210010,부산사하구,"부산광역시 사하구 낙동대로 325, (괴정동)",128.9814869,35.0999574
손내과의원,의원,부산,210001,부산남구,"부산광역시 남구 석포로 123, (대연동)",129.0910202,35.128472
손동훈정형외과의원,의원,부산,210011,부산금정구,"부산광역시 금정구 중앙대로 2101, 4층 (남산동, 금정농협)",129.0923607,35.271885
손명집창문외과의원,의원,부산,210003,부산동래구,"부산광역시 동래구 중앙대로 1325, 602호 (온천동, 이센타워)",129.0775368,35.2053247
손석만엔도내과의원,의원,부산,210014,부산수영구,"부산광역시 수영구 수영로 577, 4층 (광안동)",129.1127221,35.157337
손성락정신건강의학과의원,의원,부산,210009,부산해운대구,"부산광역시 해운대구 선수촌로 109-1, 반여아시아드몰 202호 (반여동)",129.119628,35.2036219
손영경치과의원,치과의원,부산,210006,부산서구,"부산광역시 서구 구덕로 320, (동대신동2가)",129.0167795,35.1123956
손영광이비인후과의원,의원,부산,210013,부산연제구,"부산광역시 연제구 반송로 8, 4층 (연산동)",129.0824538,35.1864229
손영찬정형외과의원,의원,부산,210009,부산해운대구,"부산광역시 해운대구 좌동순환로 173, 7층 (좌동, 영풍프라자)",129.1752749,35.1781714
손오공의원,의원,부산,210003,부산동래구,"부산광역시 동래구 충렬대로238번길 7, 413,415호 (수안동, 성완세띠앙)",129.0854558,35.2010201
손정신건강의학과의원,의원,부산,210009,부산해운대구,"부산광역시 해운대구 재반로 86, 3층 (재송동)",129.1257184,35.1862985
손제용신경과의원,의원,부산,210004,부산진구,"부산광역시 부산진구 범일로 127, 9층 (범천동)",129.0590642,35.1415079
손지식의원,의원,부산,210004,부산진구,"부산광역시 부산진구 중앙대로 799, 2,3층 (부전동)",129.0631505,35.1633216
손치과의원,치과의원,부산,210004,부산진구,"부산광역시 부산진구 냉정로 226, (개금동)",129.0244173,35.1509112
손학순이비인후과의원,의원,부산,210004,부산진구,"부산광역시 부산진구 당감로 28, (당감동)",129.0396211,35.1641568
손한의원,한의원,부산,210010,부산사하구,"부산광역시 사하구 하신중앙로 176, 3층 (신평동)",128.9627626,35.0945049
손한의원,한의원,부산,210011,부산금정구,"부산광역시 금정구 중앙대로 2011, (남산동)",129.0918845,35.2639076
손한의원,한의원,부산,210004,부산진구,"부산광역시 부산진구 중앙번영로20번길 38, (범천동)",129.0611756,35.1431269
손현종한의원,한의원,부산,210003,부산동래구,"부산광역시 동래구 안남로 90, (안락동)",129.1017641,35.1933713
손호영한의원,한의원,부산,210011,부산금정구,"부산광역시 금정구 금강로 209, 장전동 4층 (장전동, 한신시티빌)",129.0827639,35.2271287
손희익치과의원,치과의원,부산,210014,부산수영구,"부산광역시 수영구 수영로705번길 1, (수영동)",129.1164027,35.1680097
솔뫼한의원,한의원,부산,210003,부산동래구,"부산광역시 동래구 안락로 127, (안락동)",129.1110131,35.1991571
솔잎한의원,한의원,부산,210003,부산동래구,"부산광역시 동래구 여고북로 101, (온천동)",129.0706207,35.2010356
솔한의원,한의원,부산,210014,부산수영구,"부산광역시 수영구 수영로 637, 6층 (광안동)",129.1139467,35.1627512
송 한의원,한의원,부산,210001,부산남구,"부산광역시 남구 분포로 111, (용호동, LGL메트로시티 주상가 402,403호)",129.1121446,35.1279925
송광한의원,한의원,부산,210011,부산금정구,"부산광역시 금정구 중앙대로 2039, (남산동)",129.0924094,35.2664235
송담한의원,한의원,부산,210003,부산동래구,"부산광역시 동래구 온천장로119번길 65, 온천새마을금고 온천장지점 2층 일부호 (온천동)",129.0813149,35.2219339
송도요양병원,요양병원,부산,210006,부산서구,"부산광역시 서구 암남공원로 522, (암남동)",129.012138,35.079737
송도의원,의원,부산,210006,부산서구,"부산광역시 서구 충무대로 26-21, (암남동)",129.0165112,35.0779226
송백한의원,한의원,부산,210004,부산진구,"부산광역시 부산진구 중앙대로 777, 1층 일부 (부전동)",129.0618849,35.1618574
송부자한의원,한의원,부산,210010,부산사하구,"부산광역시 사하구 낙동대로 275, (괴정동)",128.9866188,35.0988726
송비뇨기과의원,의원,부산,210015,부산사상구,"부산광역시 사상구 가야대로 278-1, 2층 (주례동)",129.002983,35.1501467
송산한의원,한의원,부산,210006,부산서구,"부산광역시 서구 구덕로142번길 23, (토성동5가)",129.0224481,35.0977244
송상일비뇨기과의원,의원,부산,210008,부산중구,"부산광역시 중구 광복중앙로 37, (대청동2가)",129.0307152,35.1026989
송성국치과의원,치과의원,부산,210006,부산서구,"부산광역시 서구 구덕로 304, 2층 (동대신동2가)",129.0175288,35.1110918
송수근내과의원,의원,부산,210004,부산진구,"부산광역시 부산진구 당감로16번길 5, (당감동)",129.0399344,35.1633302
송수진산부인과의원,의원,부산,210011,부산금정구,"부산광역시 금정구 구서로 14, 태명제1빌딩 4층 (구서동)",129.0894465,35.2468672
송원당한의원,한의원,부산,210015,부산사상구,"부산광역시 사상구 사상로250번길 14, 1층 (괘법동)",128.9831694,35.1668887
송의환치과의원,치과의원,부산,210014,부산수영구,"부산광역시 수영구 수영로 565, (광안동)",129.1125322,35.1562824
송인무이비인후과의원,의원,부산,210007,부산영도구,"부산광역시 영도구 태종로 129, (영선동1가)",129.0437956,35.0915719
송인제정신과의원,의원,부산,210008,부산중구,"부산광역시 중구 구덕로 90, (남포동6가)",129.0260148,35.0975764
송정가정의학과의원,의원,부산,210009,부산해운대구,"부산광역시 해운대구 송정중앙로 31, 2층 (송정동)",129.2040538,35.1825054
송정플란트치과의원,치과의원,부산,210009,부산해운대구,"부산광역시 해운대구 송정중앙로 13, 2층 (송정동)",129.2023919,35.1834243
송정한의원,한의원,부산,210009,부산해운대구,"부산광역시 해운대구 송정중앙로 19, (송정동, 코스마@ 상가101호)",129.2029725,35.1832329
송준영내과소아청소년과의원,의원,부산,210004,부산진구,"부산광역시 부산진구 중앙대로 801, 2,3층 (부전동)",129.0633533,35.1634548
송지한의원,한의원,부산,210011,부산금정구,"부산광역시 금정구 범어천로52번길 1, (남산동)",129.0894765,35.270983
송진호내과의원,의원,부산,210013,부산연제구,"부산광역시 연제구 중앙대로 1107, (연산동, 연산동e메디칼)",129.0809947,35.1866707
송창원신경과의원,의원,부산,210013,부산연제구,"부산광역시 연제구 중앙대로 1043, 3층 (연산동)",129.0778309,35.181762
송학한의원,한의원,부산,210100,부산기장군,"부산광역시 기장군 기장읍 차성동로 88-2, (기장읍)",129.2171493,35.2454281
수가정의학과의원,의원,부산,210011,부산금정구,"부산광역시 금정구 금강로 644-1, 1층 (남산동)",129.0888067,35.264959
수도의원,의원,부산,210007,부산영도구,"부산광역시 영도구 태종로 160, 지상2.3층 (봉래동4가)",129.0461526,35.093427
수도치과의원,치과의원,부산,210007,부산영도구,"부산광역시 영도구 태종로 160, 6층 (봉래동4가)",129.0461526,35.093427
수려한의원,한의원,부산,210003,부산동래구,"부산광역시 동래구 사직북로 18, 2층 201호 (사직동)",129.0607545,35.1974886
수림한의원,한의원,부산,210010,부산사하구,"부산광역시 사하구 다대낙조1길 15, 3층 (다대동)",128.9656104,35.0499691
수림한의원,한의원,부산,210003,부산동래구,"부산광역시 동래구 아시아드대로 239, 2층 (온천동)",129.0674583,35.2052326
수마취통증의학과의원,의원,부산,210009,부산해운대구,"부산광역시 해운대구 재반로 220, 오븐에꾸운닭 2층 (반여동)",129.131122,35.1967654
수마취통증의학과의원,의원,부산,210014,부산수영구,"부산광역시 수영구 과정로41번길 20, 메디플러스 5층 (망미동)",129.1064049,35.1752251
수목치과의원,치과의원,부산,210014,부산수영구,"부산광역시 수영구 수영로 604, 토마스앤레지나 3층 301,302,303호 (광안동)",129.1137823,35.1595743
수미지이비인후과의원,의원,부산,210001,부산남구,"부산광역시 남구 수영로 304, 8층 (대연동, 대승타워)",129.0995214,35.1367995
수미치과의원,치과의원,부산,210009,부산해운대구,"부산광역시 해운대구 좌동순환로 497-1, 1층 (중동)",129.1686981,35.1651684
수민정형외과의원,의원,부산,210014,부산수영구,"부산광역시 수영구 광남로 211, (민락동)",129.1220517,35.1589629
수부부치과의원,치과의원,부산,210001,부산남구,"부산광역시 남구 수영로 298, (산암빌딩 ) 5층 (대연동)",129.0990388,35.1365892
수비뇨의학과의원,의원,부산,210009,부산해운대구,"부산광역시 해운대구 선수촌로 98, 3층 (반여동)",129.1195202,35.2024093
수사랑의원,의원,부산,210011,부산금정구,"부산광역시 금정구 수림로20번길 36, 2층 (부곡동)",129.0907349,35.2415092
수생한의원,한의원,부산,210009,부산해운대구,"부산광역시 해운대구 선수촌로 4, 1층 (반여동, 수생한의원)",129.1188025,35.1946321
수신재한의원,한의원,부산,210004,부산진구,"부산광역시 부산진구 가야대로 464, 2층 (개금동)",129.0227539,35.1528673
수안치과의원,치과의원,부산,210003,부산동래구,"부산광역시 동래구 명륜로 90, 2층 (수안동, 효원메디칼)",129.0840935,35.2022612
수암의원,의원,부산,210100,부산기장군,"부산광역시 기장군 정관읍 정관로 613, 더존빌딩 4,5층",129.1806836,35.3201076
수연합내과의원,의원,부산,210100,부산기장군,"부산광역시 기장군 정관읍 정관4로 38, 2층 201호 (금샘프라자)",129.1709668,35.3261253
수영구보건소,보건소,부산,210014,부산수영구,"부산광역시 수영구 수영로 637-5, (광안동)",129.1135423,35.1626898
수영김내과의원,의원,부산,210014,부산수영구,"부산광역시 수영구 수영로 517, 3층 301호 (광안동, 센터럴타워)",129.1113216,35.1520778
수영메디컬치과의원,치과의원,부산,210014,부산수영구,"부산광역시 수영구 수영로 690-5, 9층 901,902호 (광안동)",129.1158494,35.1670367
수영본치과의원,치과의원,부산,210014,부산수영구,"부산광역시 수영구 수영로 637-3, 2층 (광안동)",129.1138977,35.1625601
수영봄정신건강의학과의원,의원,부산,210014,부산수영구,"부산광역시 수영구 수영로 669, 신세계메디컬센터 5층 501호 (광안동)",129.1145154,35.1655671
수영비타가정의학과의원,의원,부산,210014,부산수영구,"부산광역시 수영구 수영로 699, 수영동 디온 플레이스 2층 201, 202호 (수영동)",129.1158563,35.1678979
수영생명선의원,의원,부산,210014,부산수영구,"부산광역시 수영구 수영로 693, BNK 수영타워 7층 702호 (수영동)",129.1154764,35.1679024
수영성모안과의원,의원,부산,210014,부산수영구,"부산광역시 수영구 수영로 699, 1001호 (수영동, 수영동디온플레이스)",129.1158563,35.1678979
수영센텀치과의원,치과의원,부산,210014,부산수영구,"부산광역시 수영구 수영로 685, 영동빌딩 1,2층 (광안동)",129.1147627,35.1667589
수영센텀피부과의원,의원,부산,210014,부산수영구,"부산광역시 수영구 수영로 699, 수영동 디온 플레이스 3층 301호 (수영동)",129.1158563,35.1678979
수영스마트정형외과의원,의원,부산,210014,부산수영구,"부산광역시 수영구 수영로 693, BNK 수영타워 3층 (수영동)",129.1154764,35.1679024
수영어린이병원,병원,부산,210014,부산수영구,"부산광역시 수영구 수영로 671, 2층~3층 (광안동)",129.1144799,35.1657592
수영어린이치과의원,치과의원,부산,210014,부산수영구,"부산광역시 수영구 수영로 685, 6층 (광안동, 영동빌딩)",129.1147627,35.1667589
수영여성의원,의원,부산,210014,부산수영구,"부산광역시 수영구 수영로 675, 큐비 메디컬센터 5층 (광안동)",129.1144938,35.1659533
수영정석한의원,한의원,부산,210014,부산수영구,"부산광역시 수영구 수영로 706-1, 2,3,4층 (광안동)",129.1167862,35.1676911
수영진심정신건강의학과의원,의원,부산,210014,부산수영구,"부산광역시 수영구 수영로 654, 6층 601호 (광안동)",129.1147319,35.1640098
수영청담비뇨의학과의원,의원,부산,210014,부산수영구,"부산광역시 수영구 수영로 675, 큐비 메디컬센터 4층 (광안동)",129.1144938,35.1659533
수영퍼스트소아청소년과의원,의원,부산,210014,부산수영구,"부산광역시 수영구 광안해변로 291, 5층 (민락동)",129.125354,35.1564308
수영하임치과의원,치과의원,부산,210014,부산수영구,"부산광역시 수영구 수영로 654, 2층 (광안동)",129.1147319,35.1640098
수월한의원,한의원,부산,210008,부산중구,"부산광역시 중구 대청로 71-1, 2~5층 (보수동1가)",129.0277854,35.1033072
수의원,의원,부산,210003,부산동래구,"부산광역시 동래구 온천장로 3, (온천동)",129.0786832,35.2126487
수의원,의원,부산,210001,부산남구,"부산광역시 남구 석포로 34, 204호 (감만동, 국제아파트상가동)",129.0851198,35.1223265
수이비인후과의원,의원,부산,210011,부산금정구,"부산광역시 금정구 부산대학로 47, 6층 (장전동)",129.0860497,35.2311702
수이비인후과의원,의원,부산,210100,부산기장군,"부산광역시 기장군 정관읍 정관로 495, 2층 202호",129.1706709,35.3259152
수정안과의원,의원,부산,210005,부산북구,"부산광역시 북구 만덕대로 5, (덕천동)",129.005829,35.2104837
수정의원,의원,부산,210002,부산동구,"부산광역시 동구 진성로 22, 3층 (수정동)",129.0474719,35.1305357
수정치과의원,치과의원,부산,210005,부산북구,"부산광역시 북구 만덕대로 28, (덕천동)",129.0081483,35.2105697
수정치과의원,치과의원,부산,210002,부산동구,"부산광역시 동구 중앙대로 365, 부산일보 2층 (수정동)",129.0480043,35.1285356
수정한의원,한의원,부산,210002,부산동구,"부산광역시 동구 진성로 28, (좌천동)",129.0470023,35.1310222
수정형외과의원,의원,부산,210009,부산해운대구,"부산광역시 해운대구 해운대로 415, 5층 (우동)",129.1411817,35.1669113
수치과의원,치과의원,부산,210010,부산사하구,"부산광역시 사하구 다대로 555, 3층 (다대동)",128.9710096,35.0566329
수치과의원,치과의원,부산,210005,부산북구,"부산광역시 북구 학사로 15, (화명동)",129.0076776,35.2241711
수치과의원,치과의원,부산,210007,부산영도구,"부산광역시 영도구 상리로 33, 3층 (동삼동)",129.0679338,35.0846503
수치과의원,치과의원,부산,210011,부산금정구,"부산광역시 금정구 금강로 567, 2층 (구서동)",129.0875591,35.258104
수풀림한의원,한의원,부산,210004,부산진구,"부산광역시 부산진구 가야대로 786, 4층 (부전동)",129.0574974,35.1573834
수플러스치과의원,치과의원,부산,210009,부산해운대구,"부산광역시 해운대구 아랫반송로 17, 3층 (반송동)",129.1481461,35.2255377
수피부과의원,의원,부산,210013,부산연제구,"부산광역시 연제구 중앙대로 1112, 5층 (연산동)",129.0817393,35.1868365
수한의원,한의원,부산,210010,부산사하구,"부산광역시 사하구 다대로554번길 10, 2층 (다대동)",128.9703577,35.0573112
수한의원,한의원,부산,210013,부산연제구,"부산광역시 연제구 과정로 140, 2층 (연산동)",129.1074902,35.1838224
수한의원,한의원,부산,210004,부산진구,"부산광역시 부산진구 서전로 25, (전포동, 이오스프라자302호)",129.0625882,35.1579683
수한의원,한의원,부산,210009,부산해운대구,"부산광역시 해운대구 좌동순환로 174, 거성빌딩 403호 (좌동)",129.1750479,35.1776265
숙등웰의원,의원,부산,210005,부산북구,"부산광역시 북구 만덕대로 86, 북부산 새마을금고 5층 (덕천동)",129.0144589,35.2119587
순메디컬의원,의원,부산,210009,부산해운대구,"부산광역시 해운대구 재반로 253-1, 문훈치과 2층 (반여동)",129.1312945,35.1999915
순백피부과의원,의원,부산,210009,부산해운대구,"부산광역시 해운대구 해운대로 637, 4층 (우동, 메디현대빌딩)",129.1598774,35.1644999
순병원,병원,부산,210011,부산금정구,"부산광역시 금정구 중앙대로 1701, (부곡동)",129.0916903,35.2364803
순산부인과의원,의원,부산,210015,부산사상구,"부산광역시 사상구 가야대로 288, (주례동)",129.004055,35.1500801
순이비인후과의원,의원,부산,210010,부산사하구,"부산광역시 사하구 사하로 201, 3층 (괴정동)",128.9931203,35.0997096
순피부과의원,의원,부산,210005,부산북구,"부산광역시 북구 덕천로 298, 3층 (만덕동)",129.0364016,35.2094148
숨편한곽내과의원,의원,부산,210004,부산진구,"부산광역시 부산진구 중앙대로 773-1, 2층 (부전동)",129.0616881,35.161385
숨플러스이비인후과의원,의원,부산,210003,부산동래구,"부산광역시 동래구 중앙대로 1523, SK HUB SKY 제비동 3층 제비301호전부,제비308호 일부호 (온천동)",129.0855308,35.2208431
숭인정신건강의학과의원,의원,부산,210003,부산동래구,"부산광역시 동래구 중앙대로 1325, 이센타워 10층 1001호 (온천동)",129.0775368,35.2053247
숭인한의원,한의원,부산,210004,부산진구,"부산광역시 부산진구 가야대로756번길 14, (부전동)",129.0540205,35.1568539
쉬즈라인의원,의원,부산,210005,부산북구,"부산광역시 북구 만덕대로 22, 3층 (덕천동, 드림 메디칼 빌딩)",129.0075603,35.2103495
쉬즈라인의원,의원,부산,210004,부산진구,"부산광역시 부산진구 서면로 74, 3층 302,303호 (부전동)",129.0581339,35.1570677
쉬즈본산부인과의원,의원,부산,210014,부산수영구,"부산광역시 수영구 수영로 669, 신세계메디컬센터 8층 (광안동)",129.1145154,35.1655671
쉬즈성형외과의원,의원,부산,210008,부산중구,"부산광역시 중구 광복로 73, (광복동2가, 비비안광복점)",129.0329523,35.0988597
쉬즈위시의원,의원,부산,210004,부산진구,"부산광역시 부산진구 동평로 83, 미래메디칼 6층 (당감동)",129.0386371,35.1656186
쉬즈의원,의원,부산,210003,부산동래구,"부산광역시 동래구 사직북로 24, (사직동, 가림빌딩)",129.0605403,35.1979788
쉬즈한의원,한의원,부산,210004,부산진구,"부산광역시 부산진구 서면로 64, 청석빌딩 4층 일부층 (부전동)",129.0580718,35.1564715
스마일365한의원,한의원,부산,210001,부산남구,"부산광역시 남구 수영로 201, 2층 (대연동)",129.0885913,35.1351212
스마일디지털치과의원,치과의원,부산,210004,부산진구,"부산광역시 부산진구 새싹로 19, 9층 (부전동)",129.0573082,35.159495
스마일정경우비뇨의학과의원,의원,부산,210009,부산해운대구,"부산광역시 해운대구 센텀2로 20, 203호 (우동, 센텀타워메디컬)",129.1320258,35.1671978
스마일정신건강의학과의원,의원,부산,210004,부산진구,"부산광역시 부산진구 중앙대로 921, 전원빌딩 5층 (양정동)",129.0705254,35.1725016
스마일치과의원,치과의원,부산,210015,부산사상구,"부산광역시 사상구 낙동대로 782, 2층 (엄궁동)",128.9717839,35.1304211
스마일치과의원,치과의원,부산,210013,부산연제구,"부산광역시 연제구 과정로 185, 2층 (연산동)",129.1068965,35.1876704
스마일한의원,한의원,부산,210009,부산해운대구,"부산광역시 해운대구 센텀북대로 60, 센텀아이에스타워 203호 (재송동)",129.1253774,35.1766639
스마트e치과의원,치과의원,부산,210004,부산진구,"부산광역시 부산진구 중앙대로 700, 6층 (부전동)",129.059521,35.1552532
스마트가정의학과의원,의원,부산,210100,부산기장군,"부산광역시 기장군 정관읍 방곡3로 2, 삼진프라자 201호",129.1891808,35.3248349
스마트정형외과의원,의원,부산,210004,부산진구,"부산광역시 부산진구 대학로 5, 1,2층 (가야동)",129.0376908,35.1544286
스마트치과의원,치과의원,부산,210009,부산해운대구,"부산광역시 해운대구 선수촌로 109-1, 아시아드몰401층 (반여동)",129.119628,35.2036219
스마트케어치과의원,치과의원,부산,210007,부산영도구,"부산광역시 영도구 영선대로 109, 2층 (영선동1가)",129.0432578,35.090593
스위트의원,의원,부산,210004,부산진구,"부산광역시 부산진구 부전로66번길 12, 201, 601, 701호 (부전동)",129.0553771,35.1557798
스타미피부과의원,의원,부산,210013,부산연제구,"부산광역시 연제구 반송로 6, 5층 (연산동)",129.0824809,35.186266
스타비성형외과의원,의원,부산,210004,부산진구,"부산광역시 부산진구 서면로68번길 1, 11층 (부전동)",129.0580729,35.1568836
스타소아청소년과의원,의원,부산,210005,부산북구,"부산광역시 북구 만덕1로10번길 2, 5층 (만덕동)",129.0365123,35.2142176
스타치과의원,치과의원,부산,210006,부산서구,"부산광역시 서구 구덕로 317-1, 3층 (서대신동2가)",129.0164553,35.1122395
스타피부과의원,의원,부산,210004,부산진구,"부산광역시 부산진구 서면로 74, 2층 201,206호 (부전동, 아이온시티빌딩)",129.0581339,35.1570677
스타화이트치과의원,치과의원,부산,210009,부산해운대구,"부산광역시 해운대구 해운대로 335, 삼화센텀플러스 5층 (우동)",129.1344929,35.1717878
스펀지성형외과의원,의원,부산,210009,부산해운대구,"부산광역시 해운대구 센텀2로 19, 302,303호(우동,센텀코아) (우동)",129.1325792,35.1674411
슬기로운내과의원,의원,부산,210001,부산남구,"부산광역시 남구 고동골로 16, 2층 (문현동)",129.0713249,35.1383417
슬림핏한의원,한의원,부산,210004,부산진구,"부산광역시 부산진구 가야대로 784, 4층 (부전동)",129.0574092,35.1573307
승곡 한의원,한의원,부산,210001,부산남구,"부산광역시 남구 수영로266번길 7, (대연동)",129.0960562,35.1352869
시그너스이치과의원,치과의원,부산,210003,부산동래구,"부산광역시 동래구 동래로 5, (온천동)",129.077279,35.2137596
시그널성형외과의원,의원,부산,210009,부산해운대구,"부산광역시 해운대구 센텀남대로 50, 센템임페리얼타워빌딩 301호 (우동)",129.1313001,35.1681037
시목정형외과의원,의원,부산,210005,부산북구,"부산광역시 북구 만덕대로 24, 국민은행 덕천동지점 7층 (덕천동)",129.007765,35.2104608
시선한의원,한의원,부산,210003,부산동래구,"부산광역시 동래구 충렬대로238번길 7, (수안동,성완세띠앙 712호)",129.0854558,35.2010201
시에스치과병원,치과병원,부산,210004,부산진구,"부산광역시 부산진구 서면로68번길 15, 3층 (부전동)",129.0585384,35.1562877
시온치과의원,치과의원,부산,210010,부산사하구,"부산광역시 사하구 사하로 201, 4층 (괴정동)",128.9931203,35.0997096
시온치과의원,치과의원,부산,210011,부산금정구,"부산광역시 금정구 서동로 156, 2-3층 (서동)",129.1035219,35.2147072
시온치과의원,치과의원,부산,210001,부산남구,"부산광역시 남구 수영로 230, (대연동)",129.0916044,35.1348632
시온한의원,한의원,부산,210005,부산북구,"부산광역시 북구 금곡대로303번길 36, 2층 203호 (화명동)",129.0119891,35.2358274
시원마취통증의학과의원,의원,부산,210004,부산진구,"부산광역시 부산진구 서면문화로 10, 17층 (부전동)",129.0576139,35.1588242
시원비뇨기과의원,의원,부산,210008,부산중구,"부산광역시 중구 구덕로 90, (남포동6가)",129.0260148,35.0975764
시원비뇨기과의원,의원,부산,210005,부산북구,"부산광역시 북구 금곡대로 287, 404호 (화명동, 삼한골든뷰)",129.0133222,35.2341977
시원비뇨기과의원,의원,부산,210013,부산연제구,"부산광역시 연제구 반송로 8, 5층 (연산동)",129.0824538,35.1864229
시원신경과의원,의원,부산,210007,부산영도구,"부산광역시 영도구 태종로 97, 영도메디칼빌딩 4층, 일부층 (대교동2가)",129.0414774,35.0917093
시원이비인후과의원,의원,부산,210013,부산연제구,"부산광역시 연제구 연수로 105, 3층 (연산동)",129.0825807,35.175371
시원이비인후과의원,의원,부산,210009,부산해운대구,"부산광역시 해운대구 해운대로 407, 3층 303호 (우동, 신세계플라자)",129.1406828,35.1678259
시원재활의학과의원,의원,부산,210009,부산해운대구,"부산광역시 해운대구 좌동순환로 505, 센트럴메디타워 405,702-2,703호 (중동)",129.1682073,35.165667
시원한내과의원,의원,부산,210013,부산연제구,"부산광역시 연제구 반송로 21, 3층 (연산동)",129.0832027,35.1875585
시원한의원,한의원,부산,210010,부산사하구,"부산광역시 사하구 낙동대로 392, 2층 (당리동)",128.9753366,35.1032795
시원한이비인후과의원,의원,부산,210010,부산사하구,"부산광역시 사하구 낙동대로 448, 3층 (당리동, 하단메디칼센타)",128.9697882,35.1052352
시원한이비인후과의원,의원,부산,210004,부산진구,"부산광역시 부산진구 전포대로200번길 27, 강남메디컬센터 4층 (전포동)",129.0671035,35.1546646
시원한제통외과의원,의원,부산,210009,부산해운대구,"부산광역시 해운대구 아랫반송로26번길 33, 2층 (반송동)",129.1476515,35.2249466
시원항병원,병원,부산,210005,부산북구,"부산광역시 북구 금곡대로 27, 더청명빌딩 2, 5~10층 (덕천동)",129.0041452,35.2123249
시은한의원,한의원,부산,210009,부산해운대구,"부산광역시 해운대구 좌동순환로 505, 센트럴메디타워 2층 204호 (중동)",129.1682073,35.165667
시카고정형외과의원,의원,부산,210004,부산진구,"부산광역시 부산진구 중앙대로692번길 37, 5층 (부전동)",129.061245,35.1547148
시카고치과의원,치과의원,부산,210015,부산사상구,"부산광역시 사상구 사상로 252, (괘법동)",128.982358,35.1672794
시카고치과의원,치과의원,부산,210014,부산수영구,"부산광역시 수영구 수영로 581, 7층 (광안동)",129.1128045,35.1576639
시티비뇨기과의원,의원,부산,210004,부산진구,"부산광역시 부산진구 동평로 106, 앨리움 메디컬센터 301호 (당감동)",129.0411348,35.1655911
신 경성 정신건강의학과의원,의원,부산,210014,부산수영구,"부산광역시 수영구 수영로 577, 3층 (광안동)",129.1127221,35.157337
신공한의원,한의원,부산,210011,부산금정구,"부산광역시 금정구 식물원로40번길 12, (장전동)",129.0843931,35.2254099
신근식산부인과의원,의원,부산,210007,부산영도구,"부산광역시 영도구 태종로 319-1, (청학동)",129.0609009,35.0968478
신남부의원,의원,부산,210001,부산남구,"부산광역시 남구 용호로 16, (용호동)",129.1035702,35.1273922
신내과의원,의원,부산,210006,부산서구,"부산광역시 서구 남부민로 15, 2층 (남부민동)",129.0240599,35.0842461
신농한의원,한의원,부산,210005,부산북구,"부산광역시 북구 화명대로 31, (화명동)",129.0116241,35.2351911
신대암메디칼의원,의원,부산,210009,부산해운대구,"부산광역시 해운대구 해운대로91번길 21-13, 1~2층 (재송동)",129.1228302,35.1897401
신덕한의원,한의원,부산,210005,부산북구,"부산광역시 북구 덕천로 241, 2층 (만덕동)",129.0306995,35.2108508
신동기정형외과의원,의원,부산,210010,부산사하구,"부산광역시 사하구 다대로429번길 15, 5층 (다대동)",128.9807244,35.0637388
신라요양병원,요양병원,부산,210004,부산진구,"부산광역시 부산진구 가야대로 564, 지하1~지상6층 (가야동)",129.0336061,35.1539398
신명한의원,한의원,부산,210004,부산진구,"부산광역시 부산진구 성지로 18, (연지동)",129.0552359,35.1722157
신모라대추나무한의원,한의원,부산,210015,부산사상구,"부산광역시 사상구 백양대로 888, (모라동)",128.9913221,35.1857097
신모라치과의원,치과의원,부산,210015,부산사상구,"부산광역시 사상구 백양대로 893, (모라동)",128.9907076,35.1858648
신봉식이비인후과의원,의원,부산,210001,부산남구,"부산광역시 남구 수영로 340, 3층 (대연동, 플러스빌딩)",129.1029533,35.1384594
신봉철내과의원,의원,부산,210010,부산사하구,"부산광역시 사하구 사하로 184, 2층 (괴정동)",128.9941408,35.0981361
신생한의원,한의원,부산,210004,부산진구,"부산광역시 부산진구 중앙대로743번길 6, (부전동)",129.059838,35.1592578
신서경치과의원,치과의원,부산,210003,부산동래구,"부산광역시 동래구 여고로 111, 2,3층 (사직동)",129.0751765,35.198572
신성기치과의원,치과의원,부산,210004,부산진구,"부산광역시 부산진구 동평로 205, (부암동)",129.0501428,35.1687581
신세계산부인과의원,의원,부산,210010,부산사하구,"부산광역시 사하구 다대로 259, 2층 (장림동)",128.9777472,35.0791385
신세계성형외과의원,의원,부산,210009,부산해운대구,"부산광역시 해운대구 센텀남대로 50, 8층 802호 (우동, 센텀임페리얼타워)",129.1313001,35.1681037
신세계소아청소년과의원,의원,부산,210004,부산진구,"부산광역시 부산진구 대학로 3, 602호 (가야동, 세화빌딩)",129.0380407,35.1545132
신세계신경외과의원,의원,부산,210009,부산해운대구,"부산광역시 해운대구 좌동순환로 505, 7층 704호~708호 (중동)",129.1682073,35.165667
신세계안과의원,의원,부산,210014,부산수영구,"부산광역시 수영구 수영로 669, 신세계메디컬센터 9,10층 (광안동)",129.1145154,35.1655671
신세계안과의원,의원,부산,210004,부산진구,"부산광역시 부산진구 가야대로 783-1, 2,3,4,5층 (부전동)",129.0573894,35.1579604
신세계이비인후과의원,의원,부산,210002,부산동구,"부산광역시 동구 범일로 97, (범일동)",129.0590276,35.1386663
신세계정신건강의학과의원,의원,부산,210014,부산수영구,"부산광역시 수영구 수영로 710-1, 10층 (광안동, 프라임메디칼빌딩)",129.1172176,35.1677173
신세계정형외과의원,의원,부산,210100,부산기장군,"부산광역시 기장군 기장읍 차성동로 114, 1,2,3층 일부호",129.2170494,35.247926
신세계정형외과의원,의원,부산,210014,부산수영구,"부산광역시 수영구 수영로 669, 신세계메디컬센터 2,3,10층 (광안동)",129.1145154,35.1655671
신세계정형외과의원,의원,부산,210003,부산동래구,"부산광역시 동래구 우장춘로 7, 보민빌딩 5층 501호 (온천동)",129.0696459,35.208727
신세계치과의원,치과의원,부산,210012,부산강서구,"부산광역시 강서구 명지국제8로 245, (명지동)",128.9198442,35.0984094
신세계치과의원,치과의원,부산,210004,부산진구,"부산광역시 부산진구 가야대로 489, (개금동, 4층)",129.0256368,35.1534736
신세계피부과의원,의원,부산,210014,부산수영구,"부산광역시 수영구 수영로 669, 6층 (광안동)",129.1145154,35.1655671
신세계한방병원,한방병원,부산,210006,부산서구,"부산광역시 서구 구덕로 95, 3층 일부, 4층, 6층 (충무동1가)",129.0255203,35.0966656
신세기이비인후과의원,의원,부산,210009,부산해운대구,"부산광역시 해운대구 세실로 43, 301호 (좌동)",129.17845,35.1687646
신세종비뇨기과의원,의원,부산,210001,부산남구,"부산광역시 남구 수영로 203, (대연동, 501호)",129.0889129,35.1351854
신수미정신건강의학과의원,의원,부산,210004,부산진구,"부산광역시 부산진구 서면문화로 2, 2층 (부전동)",129.0580189,35.1579975
신신소아청소년과의원,의원,부산,210012,부산강서구,"부산광역시 강서구 신호산단2로 33, 골든뷰 4층 401호 (신호동)",128.8778006,35.0859719
신아의원,의원,부산,210007,부산영도구,"부산광역시 영도구 절영로43번길 70, 2층 (영선동2가)",129.0423147,35.0893163
신안과의원,의원,부산,210006,부산서구,"부산광역시 서구 구덕로 311, 2층 (서대신동2가)",129.0168123,35.1116415
신앤박킴스안과의원,의원,부산,210004,부산진구,"부산광역시 부산진구 가야대로 779, (부전동)",129.0568052,35.1579618
신우내과의원,의원,부산,210015,부산사상구,"부산광역시 사상구 사상로 200, (괘법동)",128.9846023,35.1629712
신우원내과의원,의원,부산,210009,부산해운대구,"부산광역시 해운대구 센텀남대로 50, 센템임페리얼타워 A801호 (우동)",129.1313001,35.1681037
신윤원내과의원,의원,부산,210008,부산중구,"부산광역시 중구 대영로 213, (영주동)",129.0342098,35.112454
신은주소아청소년과의원,의원,부산,210013,부산연제구,"부산광역시 연제구 거제천로 246, 4층 (연산동)",129.0838139,35.1919663
신의원,의원,부산,210005,부산북구,"부산광역시 북구 백양대로1050번길 2, (구포동)",128.9967402,35.1988433
신일치과의원,치과의원,부산,210001,부산남구,"부산광역시 남구 석포로 46-1, 2층 (감만동)",129.0860106,35.1230273
신정형외과의원,의원,부산,210004,부산진구,"부산광역시 부산진구 동평로 364, (양정동)",129.0649403,35.1745665
신제일의원,의원,부산,210009,부산해운대구,"부산광역시 해운대구 신반송로 163, 상가8호동 201호 (반송동, 남흥아파트)",129.162269,35.2275082
신주례부부치과의원,치과의원,부산,210015,부산사상구,"부산광역시 사상구 백양대로342번길 17, 2동 201호 (주례동, 신주엘지아파트상가)",129.0132729,35.1540681
신지원산부인과의원,의원,부산,210004,부산진구,"부산광역시 부산진구 서면로 71, (부전동)",129.0575485,35.1571407
신진근이비인후과의원,의원,부산,210001,부산남구,"부산광역시 남구 분포로 113, 1005동 303호 (용호동, 엘지메트로시티주상가)",129.109571,35.129786
신창한의원,한의원,부산,210003,부산동래구,"부산광역시 동래구 금강로 11, (온천동)",129.0724263,35.2126719
신천치과의원,치과의원,부산,210003,부산동래구,"부산광역시 동래구 안락로 11, (안락동)",129.098579,35.2010559
신철규치과의원,치과의원,부산,210010,부산사하구,"부산광역시 사하구 다대로 437, 4층 (다대동)",128.9798421,35.0639982
신촌연세정형외과의원,의원,부산,210004,부산진구,"부산광역시 부산진구 진남로 587, 3,4층 (양정동)",129.0779776,35.1734752
신치과의원,치과의원,부산,210006,부산서구,"부산광역시 서구 구덕로 338, 3층 (동대신동3가)",129.0160075,35.1138645
신통마취통증의학과의원,의원,부산,210002,부산동구,"부산광역시 동구 조방로 45, 6층 (범일동, 덕원빌딩)",129.0602838,35.140499
신통방통한의원,한의원,부산,210013,부산연제구,"부산광역시 연제구 중앙대로 1125, A동 402호 (연산동)",129.0806504,35.1880405
신통한의원,한의원,부산,210009,부산해운대구,"부산광역시 해운대구 양운로 82, (좌동)",129.1755732,35.1704651
신튼튼재활의학과의원,의원,부산,210004,부산진구,"부산광역시 부산진구 동평로 404, 2층 (양정동)",129.0689936,35.1737793
신평한의원,한의원,부산,210010,부산사하구,"부산광역시 사하구 장평로 303, (신평동)",128.9733764,35.0932276
신한의원,한의원,부산,210004,부산진구,"부산광역시 부산진구 동평로405번길 63-1, (양정동)",129.0710716,35.1764427
신향근치과의원,치과의원,부산,210001,부산남구,"부산광역시 남구 수영로 340, 5층 (대연동)",129.1029533,35.1384594
신현대치과의원,치과의원,부산,210004,부산진구,"부산광역시 부산진구 개금본동로 3, (개금동)",129.0252635,35.1580262
신호내과의원,의원,부산,210012,부산강서구,"부산광역시 강서구 신호산단2로 41, (신호동)",128.8777407,35.0852402
신호부부한의원,한의원,부산,210012,부산강서구,"부산광역시 강서구 신호산단2로 33, 2층 203호 (신호동)",128.8778006,35.0859719
신호원치과의원,치과의원,부산,210012,부산강서구,"부산광역시 강서구 신호산단2로 21, 304호 (신호동, 허브원3층)",128.877794,35.08708
신화재활의학과의원,의원,부산,210009,부산해운대구,"부산광역시 해운대구 구남로 22, 6층 (우동, 해월프라자)",129.1598623,35.1619179
신효경소아청소년과의원,의원,부산,210010,부산사하구,"부산광역시 사하구 다대로 636, (다대동)",128.9698714,35.0498163
실로암한의원,한의원,부산,210011,부산금정구,"부산광역시 금정구 금샘로 445, 4층 (구서동)",129.0843373,35.2628431
심는치과의원,치과의원,부산,210004,부산진구,"부산광역시 부산진구 중앙대로 777, 5(6)층 (부전동)",129.0618849,35.1618574
심당요양병원,요양병원,부산,210008,부산중구,"부산광역시 중구 동광길 179, (영주동)",129.036887,35.1105954
심영웅내과의원,의원,부산,210010,부산사하구,"부산광역시 사하구 낙동대로 400, (당리동)",128.9745673,35.1035198
심우영이비인후과의원,의원,부산,210011,부산금정구,"부산광역시 금정구 중앙대로 1711, 7층 (부곡동, 금정빌딩)",129.0918884,35.2371873
심은희내과의원,의원,부산,210001,부산남구,"부산광역시 남구 수영로 241, 위대항병원 3층 (대연동)",129.0929573,35.1353763
심재원한의원,한의원,부산,210009,부산해운대구,"부산광역시 해운대구 구남로 27, 해운대오피스 2층, 지하1층 (중동)",129.1608933,35.1617604
심재현이비인후과의원,의원,부산,210003,부산동래구,"부산광역시 동래구 중앙대로 1325, (온천동)",129.0775368,35.2053247
심주철정신건강의학과의원,의원,부산,210004,부산진구,"부산광역시 부산진구 가야대로 785, (부전동, 인제메디컬센터 1301호)",129.0574677,35.1581247
심지영치과의원,치과의원,부산,210001,부산남구,"부산광역시 남구 분포로 113, 303호 (용호동, LG메트로시티주상가)",129.109571,35.129786
심지한의원,한의원,부산,210013,부산연제구,"부산광역시 연제구 월드컵대로 282, 101호 (거제동)",129.0668679,35.1913718
심플치과의원,치과의원,부산,210001,부산남구,"부산광역시 남구 수영로 299, (대연동, 루미너스타워6층)",129.0988754,35.1371668
심피부과의원,의원,부산,210003,부산동래구,"부산광역시 동래구 충렬대로 413, 7층 (안락동)",129.1036174,35.1968773
씨에스의원,의원,부산,210003,부산동래구,"부산광역시 동래구 명륜로 161, 5,6층 (명륜동)",129.0818921,35.2082526
씨에프정훈비뇨기과의원,의원,부산,210011,부산금정구,"부산광역시 금정구 부곡로 120-1, (부곡동)",129.0920669,35.2265791
씨엔에스(CNS)해운대정형외과의원,의원,부산,210009,부산해운대구,"부산광역시 해운대구 마린시티2로 2, 마린파크 911~915호 (우동)",129.1442096,35.15934
씨엘의원,의원,부산,210005,부산북구,"부산광역시 북구 금곡대로 344, (화명동)",129.0144372,35.2391147
씨엠씨연산한의원,한의원,부산,210013,부산연제구,"부산광역시 연제구 월드컵대로 152, 2층 (연산동)",129.0798933,35.186999
아가페소아청소년과의원,의원,부산,210013,부산연제구,"부산광역시 연제구 연수로 105, 5층 (연산동)",129.0825807,35.175371
아나파마취통증의학과 의원,의원,부산,210100,부산기장군,"부산광역시 기장군 기장읍 차성남로51번길 30, 지센 4층",129.216562,35.2426401
아나파마취통증의학과의원,의원,부산,210007,부산영도구,"부산광역시 영도구 태종로 97, 영도메디칼빌딩 7층 (대교동2가)",129.0414774,35.0917093
아남의원,의원,부산,210004,부산진구,"부산광역시 부산진구 신암로 9, 4층 (범천동, 범천쇼핑)",129.0556914,35.1428932
아남한의원,한의원,부산,210007,부산영도구,"부산광역시 영도구 절영로 117-3, (영선동3가)",129.0422414,35.0856282
아동의원,의원,부산,210015,부산사상구,"부산광역시 사상구 학감대로49번길 34, 1층 101호 (학장동)",128.9923612,35.1366767
아루다의원,의원,부산,210004,부산진구,"부산광역시 부산진구 가야대로784번길 21, 3,4층 (부전동)",129.057338,35.1565672
아르미치과의원,치과의원,부산,210005,부산북구,"부산광역시 북구 백양대로 1189, 3층 (구포동)",129.0049823,35.2084947
아르테피부과의원,의원,부산,210100,부산기장군,"부산광역시 기장군 정관읍 정관로 565, 2층 203호",129.1759771,35.3218137
아름다운내과의원,의원,부산,210009,부산해운대구,"부산광역시 해운대구 좌동로 88, 701호 (좌동, 울트라타워)",129.174951,35.1719523
아름다운오늘안철현피부과의원,의원,부산,210003,부산동래구,"부산광역시 동래구 중앙대로 1325, 901호 (온천동, 이센타워)",129.0775368,35.2053247
아름다운의원,의원,부산,210009,부산해운대구,"부산광역시 해운대구 선수촌로 103-4, 7층 (반여동)",129.1193242,35.2031837
아름다운의원,의원,부산,210005,부산북구,"부산광역시 북구 화명대로 34, 웰빙프라자 3층 302호 (화명동)",129.0119014,35.2345325
아름다운이치과의원,치과의원,부산,210005,부산북구,"부산광역시 북구 화명신도시로 120, 3층 (화명동, 화명메디컬센터)",129.0111527,35.2345977
아름다운이치과의원,치과의원,부산,210003,부산동래구,"부산광역시 동래구 중앙대로 1325, 7층 (온천동, 이센타워)",129.0775368,35.2053247
아름다운치과의원,치과의원,부산,210011,부산금정구,"부산광역시 금정구 중앙대로 2101, 3층 (남산동)",129.0923607,35.271885
아름다운피부과의원,의원,부산,210010,부산사하구,"부산광역시 사하구 낙동대로 466, 5층 (하단동, 하단오피스)",128.9687251,35.1064241
아름다운피부과의원,의원,부산,210009,부산해운대구,"부산광역시 해운대구 해운대로 802, 313호 (좌동, 웅신시네아트)",129.1766569,35.1691635
아름다운피부과의원,의원,부산,210100,부산기장군,"부산광역시 기장군 정관면 정관로 561, (정관읍)",129.1753817,35.3220259
아름다운피부과의원,의원,부산,210001,부산남구,"부산광역시 남구 분포로 115, 힐탑탑플레이스 A동 202호 (용호동)",129.112892,35.132059
아름다운피부과의원,의원,부산,210013,부산연제구,"부산광역시 연제구 월드컵대로 128, 행복한메디컬센타 4~5층 (연산동)",129.0824608,35.1856535
아름다운휴치과의원,치과의원,부산,210009,부산해운대구,"부산광역시 해운대구 센텀중앙로 145, 6동 214호 (재송동, 더샵센텀파크상가)",129.1219424,35.1788329
아마르한의원,한의원,부산,210013,부산연제구,"부산광역시 연제구 중앙대로 1097, (연산동, 4층 일부)",129.080633,35.1857109
아마르한의원,한의원,부산,210010,부산사하구,"부산광역시 사하구 낙동대로 457, 5층 (하단동)",128.9687465,35.1054484
아미유외과의원,의원,부산,210004,부산진구,"부산광역시 부산진구 가야대로 753, 부전동 메디컬센터 5,11층 (부전동)",129.0540228,35.1579516
아산김의원,의원,부산,210001,부산남구,"부산광역시 남구 황령대로319번가길 158-4, 1층 104호 (대연동)",129.0886245,35.1520161
아산정형외과의원,의원,부산,210009,부산해운대구,"부산광역시 해운대구 해운대로 407, 4층 (우동, 신세계프라자)",129.1406828,35.1678259
아시아드 요양병원,요양병원,부산,210013,부산연제구,"부산광역시 연제구 월드컵대로 161, (연산동)",129.078628,35.186775
아시아드치과의원,치과의원,부산,210003,부산동래구,"부산광역시 동래구 아시아드대로134번길 14, 상가1동 2층 201,202,203호 (사직동, 쌍용더플래티넘사직아시아드아파트)",129.0678134,35.1964773
아이(i)서울병원,병원,부산,210007,부산영도구,"부산광역시 영도구 영선대로 75, 삼호빌딩 (영선동2가)",129.0417146,35.0877774
아이공감정신건강의학과의원,의원,부산,210009,부산해운대구,"부산광역시 해운대구 해운대로 369, 7층 (우동, 해운대센텀메디칼센타)",129.1377353,35.1702057
아이나래소아청소년과의원,의원,부산,210003,부산동래구,"부산광역시 동래구 시실로24번길 5, 2층 (명륜동)",129.0864026,35.2164418
아이노유성형외과의원,의원,부산,210004,부산진구,"부산광역시 부산진구 가야대로 783, 13,14층 (부전동)",129.0572367,35.15799
아이누리&박 정신건강의학과의원,의원,부산,210013,부산연제구,"부산광역시 연제구 고분로 2, 3층 (연산동)",129.082495,35.1857733
아이들의꿈재활의원,의원,부산,210014,부산수영구,"부산광역시 수영구 수영로 410, 10층 (남천동, 정암빌딩)",129.1087622,35.1424766
아이들치과의원,치과의원,부산,210009,부산해운대구,"부산광역시 해운대구 마린시티3로 1, 339호 (우동, 선프라자오피스텔)",129.1475625,35.1580154
아이랑소아청소년과의원,의원,부산,210009,부산해운대구,"부산광역시 해운대구 좌동순환로 506, 504호 (중동, 영풍리젠시)",129.1687362,35.1661755
아이러브소아청소년과의원,의원,부산,210004,부산진구,"부산광역시 부산진구 신천대로 241, 4층 (부암동, 롯데마트)",129.0493226,35.1633085
아이러브치과의원,치과의원,부산,210013,부산연제구,"부산광역시 연제구 아시아드대로 79, 8층 일부호 (거제동)",129.0669549,35.1915766
아이리드성형외과의원,의원,부산,210004,부산진구,"부산광역시 부산진구 서면로 66, 10층,11층 (부전동)",129.0580143,35.1566177
아이리스성형외과의원,의원,부산,210004,부산진구,"부산광역시 부산진구 서면문화로 2, (부전동)",129.0580189,35.1579975
아이맘소아청소년과의원,의원,부산,210009,부산해운대구,"부산광역시 해운대구 센텀중앙로 145, 상가1동 403호 (재송동, 더샵센텀파크1차아파트)",129.1219424,35.1788329
아이본성형외과의원,의원,부산,210004,부산진구,"부산광역시 부산진구 가야대로784번길 29, 6층 (부전동)",129.0573576,35.1561335
아이비산부인과의원,의원,부산,210013,부산연제구,"부산광역시 연제구 월드컵대로 122, 2층 (연산동)",129.082504,35.1851465
아이비치과의원,치과의원,부산,210001,부산남구,"부산광역시 남구 석포로 128, 2층 (대연동)",129.0915692,35.1285401
아이비치과의원,치과의원,부산,210009,부산해운대구,"부산광역시 해운대구 좌동순환로 307-1, 3층 (좌동, 한창플라자)",129.1832297,35.1685422
아이사랑병원,병원,부산,210013,부산연제구,"부산광역시 연제구 반송로 28-1, 1층 일부(102호, 104호),2,3,4,5,10층 (연산동)",129.0840759,35.1875613
아이사랑산부인과의원,의원,부산,210004,부산진구,"부산광역시 부산진구 가야대로 470, 아이사랑산부인과 1층일부,2~8층 (개금동)",129.0234245,35.1528934
아이세상치과의원,치과의원,부산,210004,부산진구,"부산광역시 부산진구 동평로 98, 2층 (당감동)",129.0401651,35.1654602
아이시티안과의원,의원,부산,210004,부산진구,"부산광역시 부산진구 중앙대로 686, 6층 (부전동)",129.0595933,35.153949
아이앤맘정신건강의학과의원,의원,부산,210001,부산남구,"부산광역시 남구 수영로 216, 미즈빌딩 7층 (대연동)",129.0901151,35.1347824
아이앤젤여성의원,의원,부산,210100,부산기장군,"부산광역시 기장군 정관읍 정관로 601, 3,4층 (대신빌딩)",129.1796481,35.3204509
아이앤코성형외과의원,의원,부산,210004,부산진구,"부산광역시 부산진구 부전로66번길 26, 3층,4층 (부전동)",129.0561088,35.1557995
아이엘소아청소년과의원,의원,부산,210009,부산해운대구,"부산광역시 해운대구 마린시티2로 33, 721~3호 (우동, 해운대두산위브더제니스)",129.145091,35.156667
아이엠성형외과의원,의원,부산,210004,부산진구,"부산광역시 부산진구 서면로 59, 3층 (부전동, 삼정노블빌딩)",129.0575468,35.1560117
아이웰가정의학과의원,의원,부산,210012,부산강서구,"부산광역시 강서구 과학산단로306번길 10, 115동 205,206호 (지사동, 협성·DS 엘리시안아파트)",128.8382549,35.1499834
아이웰이홍영안과의원,의원,부산,210010,부산사하구,"부산광역시 사하구 낙동대로 205, (괴정동)",128.9941765,35.100225
아이윈의원,의원,부산,210004,부산진구,"부산광역시 부산진구 가야대로 715, 5,6층 (당감동)",129.0497862,35.1575893
아이존안과의원,의원,부산,210004,부산진구,"부산광역시 부산진구 범일로 152, (범천동)",129.0595825,35.1435893
아이케이의원,의원,부산,210009,부산해운대구,"부산광역시 해운대구 센텀2로 25, 센텀드림월드 9층 902호 (우동)",129.132947,35.1669544
아이튼튼소아청소년과의원,의원,부산,210003,부산동래구,"부산광역시 동래구 명륜로 191, 3층 (명륜동)",129.0824914,35.2109919
아이한의원,한의원,부산,210001,부산남구,"부산광역시 남구 수영로 163, 102호 (대연동)",129.0844327,35.1349506
아주푸른소아청소년과의원,의원,부산,210012,부산강서구,"부산광역시 강서구 과학산단로306번길 10, 상가동 2층 209.210호 (지사동, 협성DS.엘리시안 상가동))",128.8382549,35.1499834
아침한의원,한의원,부산,210009,부산해운대구,"부산광역시 해운대구 세실로 48, 207호 (좌동)",129.178542,35.1695609
아카데미피부과의원,의원,부산,210011,부산금정구,"부산광역시 금정구 구서로 10, 4층 (구서동)",129.0901269,35.2468711
아트의원,의원,부산,210004,부산진구,"부산광역시 부산진구 가야대로 784, 2층 (부전동)",129.0574092,35.1573307
아트치과의원,치과의원,부산,210013,부산연제구,"부산광역시 연제구 거제천로 248, 2층 (연산동)",129.0840139,35.1919892
아하브병원(의료법인 백양의료재단),정신병원,부산,210005,부산북구,"부산광역시 북구 만덕고개길 84, 지하1~2층, 지상1~5층, 7층일부 (만덕동)",129.0489295,35.2117162
아하브요양병원,요양병원,부산,210005,부산북구,"부산광역시 북구 만덕고개길 84, 아하브병원 6층, 7층일부층 (만덕동)",129.0489295,35.2117162
안경민소아청소년과의원,의원,부산,210004,부산진구,"부산광역시 부산진구 성지로 77-1, (초읍동)",129.0537507,35.1774861
안국한의원,한의원,부산,210010,부산사하구,"부산광역시 사하구 하신번영로 405, 4층 401호 (하단동)",128.9603077,35.1171423
안규환신경과의원,의원,부산,210004,부산진구,"부산광역시 부산진구 가야대로 456, 4층 (개금동)",129.0219071,35.1529037
안락샘내과의원,의원,부산,210003,부산동래구,"부산광역시 동래구 안락로 12, LG 25 3층 (안락동)",129.0984491,35.2007902
안락성모안과의원,의원,부산,210003,부산동래구,"부산광역시 동래구 충렬대로 353, 4층 (안락동)",129.0975764,35.198561
안락센텀안과의원,의원,부산,210003,부산동래구,"부산광역시 동래구 충렬대로 415, 5층 (안락동)",129.103876,35.1968595
안락한의원,한의원,부산,210003,부산동래구,"부산광역시 동래구 반송로273번길 7, (명장동)",129.1009178,35.2044123
안락한정신건강의학과의원,의원,부산,210003,부산동래구,"부산광역시 동래구 충렬대로 413, 4층 401호 (안락동)",129.1036174,35.1968773
안무경가정의학과의원,의원,부산,210001,부산남구,"부산광역시 남구 유엔평화로 152-2, 208호 (용당동, 용당한신문화타운상가)",129.0963757,35.1229384
안세가정의원,의원,부산,210005,부산북구,"부산광역시 북구 기찰로 164, B동 1층 (덕천동)",129.0229976,35.2142434
안아픈디지털치과의원,치과의원,부산,210009,부산해운대구,"부산광역시 해운대구 윗반송로 88, 1층, 2층 일부호 (반송동)",129.1579262,35.2318118
안영민이비인후과의원,의원,부산,210010,부산사하구,"부산광역시 사하구 다대로 425, 2층 (다대동)",128.9799959,35.0649795
안은영치과의원,치과의원,부산,210015,부산사상구,"부산광역시 사상구 가야대로 296, (주례동)",129.0049467,35.1504016
안정태치과의원,치과의원,부산,210013,부산연제구,"부산광역시 연제구 연수로 219, 3층 (연산동)",129.094718,35.1737908
안정혁이비인후과의원,의원,부산,210013,부산연제구,"부산광역시 연제구 과정로 148, 4층 (연산동)",129.1073644,35.1846615
안주영치과의원,치과의원,부산,210003,부산동래구,"부산광역시 동래구 안락로 140-1, (안락동)",129.1122679,35.1988336
안철신경외과의원,의원,부산,210004,부산진구,"부산광역시 부산진구 중앙대로 617, 1층일부, 2층 (범천동)",129.0589019,35.1478583
안치과의원,치과의원,부산,210011,부산금정구,"부산광역시 금정구 금강로 494, 4층 (구서동, 구서골드 3상가 401호)",129.0879862,35.2514057
안호경치과의원,치과의원,부산,210004,부산진구,"부산광역시 부산진구 새싹로 158, (연지동)",129.050197,35.1703181
안호식소아청소년과의원,의원,부산,210015,부산사상구,"부산광역시 사상구 가야대로 274-3, 4층 (주례동)",129.0026097,35.1501509
알로이시오의원,의원,부산,210006,부산서구,"부산광역시 서구 감천로 229, 알로이시오 기념병원, 알로이시오 힐링센터 1층 (암남동)",129.0133787,35.0825715
알로하산부인과의원,의원,부산,210001,부산남구,"부산광역시 남구 분포로 115, 힐탑탑플레이스 B동 8층 803호 (용호동)",129.112892,35.132059
알파신경외과의원,의원,부산,210004,부산진구,"부산광역시 부산진구 가야대로 785, 성영빌딩 4층 (부전동)",129.0574677,35.1581247
압구정날씬의원,의원,부산,210010,부산사하구,"부산광역시 사하구 낙동대로 448, 8층 (당리동, 하단메디칼센타)",128.9697882,35.1052352
애일한의원,한의원,부산,210013,부산연제구,"부산광역시 연제구 과정로 175-1, 2층 (연산동)",129.10696,35.1871977
애지치과의원,치과의원,부산,210013,부산연제구,"부산광역시 연제구 월드컵대로 122, 3층 (연산동)",129.082504,35.1851465
애코이비인후과의원,의원,부산,210009,부산해운대구,"부산광역시 해운대구 마린시티2로 2, 711~713호 (우동)",129.1442096,35.15934
애플민트치과의원,치과의원,부산,210012,부산강서구,"부산광역시 강서구 명지오션시티4로 64, (명지동)",128.9032461,35.083286
애플산부인과의원,의원,부산,210004,부산진구,"부산광역시 부산진구 서면로 62-1, 12층 (부전동)",129.058046,35.1563164
애플의원,의원,부산,210015,부산사상구,"부산광역시 사상구 사상로 201, 5층 (괘법동)",128.9809858,35.1631462
애플치과의원,치과의원,부산,210008,부산중구,"부산광역시 중구 비프광장로 40, (남포동5가)",129.0289107,35.0982434
애플치과의원,치과의원,부산,210013,부산연제구,"부산광역시 연제구 과정로 140, 2층 (연산동)",129.1074902,35.1838224
약동한의원,한의원,부산,210009,부산해운대구,"부산광역시 해운대구 해운대로 814, 세종월드프라자 601-3, 601-4호 (좌동)",129.1776778,35.1695768
약산한의원,한의원,부산,210014,부산수영구,"부산광역시 수영구 장대골로7번길 45, 502호 (광안동, 광안유림노르웨이아침)",129.1124258,35.156927
약손부부한의원,한의원,부산,210002,부산동구,"부산광역시 동구 범일로102번길 2, (범일동)",129.0597176,35.138889
약손유담한의원,한의원,부산,210014,부산수영구,"부산광역시 수영구 연수로 399, 3층 (수영동)",129.1131925,35.1689337
약손청담한의원,한의원,부산,210009,부산해운대구,"부산광역시 해운대구 해운대로 652, 2층 (우동)",129.1618749,35.1650706
약손한의원,한의원,부산,210007,부산영도구,"부산광역시 영도구 동삼로 23, 2층 (동삼동)",129.0718953,35.0759084
약손한의원,한의원,부산,210003,부산동래구,"부산광역시 동래구 아시아드대로 225, (온천동)",129.0666022,35.2042991
약손한의원,한의원,부산,210009,부산해운대구,"부산광역시 해운대구 해운대로81번길 12, 2층 (재송동)",129.1211765,35.19028
약손한의원,한의원,부산,210001,부산남구,"부산광역시 남구 분포로 61, 빌리브센트로 A215~A217호 (용호동)",129.1119057,35.1312916
약수한의원,한의원,부산,210004,부산진구,"부산광역시 부산진구 서면문화로 6-1, 3층 301호 (부전동)",129.0498457,35.1725176
약왕성한의원,한의원,부산,210100,부산기장군,"부산광역시 기장군 정관읍 정관로 383, 4층 403호 (대성타워)",129.1654686,35.3351395
약초한의원,한의원,부산,210004,부산진구,"부산광역시 부산진구 동평로 56, 2층 (당감동)",129.0356182,35.1648964
양기봉한의원,한의원,부산,210013,부산연제구,"부산광역시 연제구 월드컵대로 128, 2층 (연산동)",129.0824608,35.1856535
양내과의원,의원,부산,210005,부산북구,"부산광역시 북구 금곡대로303번길 36, 스페이스303 2층 201호 (화명동)",129.0119891,35.2358274
양내과의원,의원,부산,210010,부산사하구,"부산광역시 사하구 낙동대로 447, (하단동)",128.9695128,35.1048195
양덕치과의원,치과의원,부산,210010,부산사하구,"부산광역시 사하구 다대로429번길 15, (다대동)",128.9807244,35.0637388
양무도치과의원,치과의원,부산,210003,부산동래구,"부산광역시 동래구 명륜로94번길 11, 2층 (명륜동)",129.0837171,35.2028849
양성연내과의원,의원,부산,210001,부산남구,"부산광역시 남구 분포로 115, A동 3층 303호 (용호동, 힐탑탑플레이스)",129.112892,35.132059
양승열신경외과의원,의원,부산,210002,부산동구,"부산광역시 동구 중앙대로 521-1, (범일동)",129.0562413,35.1398294
양승인 부산흉부외과의원,의원,부산,210004,부산진구,"부산광역시 부산진구 서면로 64, 11층 (부전동)",129.0580718,35.1564715
양영란내과의원,의원,부산,210002,부산동구,"부산광역시 동구 고관로 128, (수정동)",129.0475896,35.1296955
양영선내과의원,의원,부산,210015,부산사상구,"부산광역시 사상구 가야대로 272, 5층 (주례동)",129.0022775,35.1501098
양정국제치과의원,치과의원,부산,210004,부산진구,"부산광역시 부산진구 거제대로 70, 2층 (양정동)",129.0682404,35.1748551
양정마취통증의학과의원,의원,부산,210004,부산진구,"부산광역시 부산진구 연수로 2, 2층 (양정동)",129.0717357,35.1728649
양정베스트마취통증의학과의원,의원,부산,210004,부산진구,"부산광역시 부산진구 중앙대로 915, 호원 메디컬타워 2~3층 (양정동)",129.0700601,35.1720153
양정베스트안과의원,의원,부산,210004,부산진구,"부산광역시 부산진구 중앙대로 915, 호원 메디컬타워 4,5층 (양정동)",129.0700601,35.1720153
양정베스트치과의원,치과의원,부산,210004,부산진구,"부산광역시 부산진구 중앙대로 915, 호원 메디컬타워 8층 (양정동)",129.0700601,35.1720153
양정이나리아내과의원,의원,부산,210004,부산진구,"부산광역시 부산진구 중앙대로 900, 영진제우스 5층 (양정동)",129.0696782,35.1704677
양정제일한의원,한의원,부산,210004,부산진구,"부산광역시 부산진구 동평로 420, 3층 (양정동)",129.0705037,35.1729696
양정플란트치과의원,치과의원,부산,210004,부산진구,"부산광역시 부산진구 중앙대로 907, 2층 (양정동)",129.0696485,35.1713977
양제한의원,한의원,부산,210014,부산수영구,"부산광역시 수영구 과정로67번길 8, (망미동)",129.1067694,35.177539
양지요양병원,요양병원,부산,210011,부산금정구,"부산광역시 금정구 금강로 209, (장전동)",129.0827639,35.2271287
양지이비인후과의원,의원,부산,210012,부산강서구,"부산광역시 강서구 명지국제8로 254, 502호 (명지동)",128.9205491,35.0976878
양지치과의원,치과의원,부산,210013,부산연제구,"부산광역시 연제구 온천천남로 4, (연산동)",129.091265,35.1929549
양창국의원,의원,부산,210004,부산진구,"부산광역시 부산진구 중앙대로 708, 12층 (부전동)",129.0594806,35.1561411
양한의원,한의원,부산,210010,부산사하구,"부산광역시 사하구 옥천로 38-1, (감천동)",129.0067402,35.0906652
양현식치과의원,치과의원,부산,210009,부산해운대구,"부산광역시 해운대구 중동1로 35, (중동)",129.1633683,35.1624851
양희택치과의원,치과의원,부산,210014,부산수영구,"부산광역시 수영구 수영로 653, 2층 (광안동)",129.1142567,35.164088
어깨동무정형외과의원,의원,부산,210005,부산북구,"부산광역시 북구 화명신도시로 120, 화명메디컬센터 502,504호 (화명동)",129.0111527,35.2345977
어썸치과의원,치과의원,부산,210009,부산해운대구,"부산광역시 해운대구 센텀남대로 50, 센템임페리얼타워 902호 (우동)",129.1313001,35.1681037
어울림치과의원,치과의원,부산,210009,부산해운대구,"부산광역시 해운대구 해운대로 407, 305호 (우동, 신세계프라자)",129.1406828,35.1678259
어청우한의원,한의원,부산,210008,부산중구,"부산광역시 중구 대청로 55, (보수동1가)",129.0260687,35.1032506
얼굴선성형외과의원,의원,부산,210004,부산진구,"부산광역시 부산진구 부전로66번길 50, (부전동)",129.0574419,35.1557641
엄궁치과의원,치과의원,부산,210015,부산사상구,"부산광역시 사상구 엄궁북로 40, 202호 (엄궁동)",128.974493,35.1278818
엄궁한의원,한의원,부산,210015,부산사상구,"부산광역시 사상구 엄궁북로 23, (엄궁동)",128.9728878,35.1286312
엄상섭한의원,한의원,부산,210005,부산북구,"부산광역시 북구 만덕대로90번길 13, (덕천동)",129.0153015,35.2120418
엄상훈치과의원,치과의원,부산,210008,부산중구,"부산광역시 중구 광복중앙로 37, (대청동2가)",129.0307152,35.1026989
엄용섭정신건강의학과의원,의원,부산,210004,부산진구,"부산광역시 부산진구 가야대로 521, (가야동)",129.0289372,35.1536926
에덴어린이병원,병원,부산,210004,부산진구,"부산광역시 부산진구 가야대로 649, 6~15층 (가야동)",129.0426109,35.1561758
에디스여성병원,병원,부산,210010,부산사하구,"부산광역시 사하구 낙동대로 361, (당리동)",128.9778658,35.1015033
에스더의원,의원,부산,210009,부산해운대구,"부산광역시 해운대구 좌동순환로 505, 센트럴메디타워 303호,304호 (중동)",129.1682073,35.165667
에스병원(S병원),병원,부산,210007,부산영도구,"부산광역시 영도구 동삼로 55-1, 지하2층, 2층~8층, 9층 일부 (동삼동)",129.0700426,35.0783081
에스비뇨기과의원,의원,부산,210005,부산북구,"부산광역시 북구 만덕대로27번길 3, 3층 (덕천동, 대흥빌딩)",129.0079373,35.2110281
에스산부인과의원,의원,부산,210001,부산남구,"부산광역시 남구 용호로 141, 2층 (용호동)",129.1122342,35.1193884
에스아산이비인후과의원,의원,부산,210009,부산해운대구,"부산광역시 해운대구 해운대로 814, 세종월드프라자 B동 419호,420호일부호 (좌동)",129.1776778,35.1695768
에스앤유서울비뇨의학과의원,의원,부산,210004,부산진구,"부산광역시 부산진구 가야대로 786, 2~3층 (부전동)",129.0574974,35.1573834
에스클래스성형외과의원,의원,부산,210004,부산진구,"부산광역시 부산진구 가야대로 783, 9층 (부전동)",129.0572367,35.15799
에스피부과의원,의원,부산,210004,부산진구,"부산광역시 부산진구 가야대로 781-1, (부전동)",129.0571179,35.1580275
에이스부부치과의원,치과의원,부산,210015,부산사상구,"부산광역시 사상구 사상로 218, (괘법동)",128.9837365,35.1645505
에이스비뇨기과의원,의원,부산,210010,부산사하구,"부산광역시 사하구 감천로 55, 3층 (감천동)",128.9987461,35.0905205
에이스안과의원,의원,부산,210014,부산수영구,"부산광역시 수영구 수영로 581, 6층 (광안동)",129.1128045,35.1576639
에이스치과의원,치과의원,부산,210006,부산서구,"부산광역시 서구 충무대로 14, 3층 (암남동)",129.0162266,35.0769667
에이스치과의원,치과의원,부산,210014,부산수영구,"부산광역시 수영구 황령대로 497, 2층 (남천동)",129.1081743,35.13818
에이스치과의원,치과의원,부산,210004,부산진구,"부산광역시 부산진구 당감서로 87, (당감동)",129.036538,35.16821
에이지의원,의원,부산,210004,부산진구,"부산광역시 부산진구 중앙대로 745-1, 에이지빌딩 2,3층 (부전동)",129.059946,35.1592959
에이치제이복음의원,의원,부산,210007,부산영도구,"부산광역시 영도구 태종로 233, (봉래동5가, 한진중공업)",129.0525998,35.0977373
에이케이정형외과의원,의원,부산,210009,부산해운대구,"부산광역시 해운대구 양운로 98, 대하프라자 504~506호 (좌동)",129.1748353,35.1716411
에이플치과교정과치과의원,치과의원,부산,210004,부산진구,"부산광역시 부산진구 서면로 74, 16층 (부전동, 아이온시티빌딩)",129.0581339,35.1570677
에일린여성의원,의원,부산,210003,부산동래구,"부산광역시 동래구 사직북로 6, 8층 (사직동)",129.0609901,35.1965299
에코연합치과의원,치과의원,부산,210009,부산해운대구,"부산광역시 해운대구 중동1로 12, 2층 (우동, 해성빌딩)",129.1609742,35.1636042
에코이비인후과의원,의원,부산,210003,부산동래구,"부산광역시 동래구 사직북로 24, 4층 (사직동)",129.0605403,35.1979788
엔킴의원,의원,부산,210004,부산진구,"부산광역시 부산진구 서면로 66, 7층 (부전동)",129.0580143,35.1566177
엘(L)피부과의원,의원,부산,210011,부산금정구,"부산광역시 금정구 중앙대로 1943, 8층 (구서동, 첨단빌딩)",129.0910815,35.25789
엘르산부인과의원,의원,부산,210014,부산수영구,"부산광역시 수영구 수영로 379, 9층 (남천동)",129.1062442,35.1408771
엘리스의원,의원,부산,210004,부산진구,"부산광역시 부산진구 서면로 47, 7층 (부전동, 인창빌딩)",129.057552,35.1549453
엘리움병원,병원,부산,210009,부산해운대구,"부산광역시 해운대구 해운대로 794, 7~8층 (좌동, 삼정엘리움)",129.1757451,35.168815
엘리트치과병원,치과병원,부산,210015,부산사상구,"부산광역시 사상구 가야대로 276, 1~2층 (주례동, M-square 메디컬센터)",129.0027505,35.1500418
엘리트치과의원,치과의원,부산,210100,부산기장군,"부산광역시 기장군 장안읍 해맞이로 427, 2층",129.2821917,35.3296757
엘린의원,의원,부산,210011,부산금정구,"부산광역시 금정구 중앙대로1841번길 2, 2층 (구서동, 유원타워)",129.0917272,35.2487533
엘림피부과의원,의원,부산,210012,부산강서구,"부산광역시 강서구 명지오션시티4로 64, (명지동)",128.9032461,35.083286
엘브이의원,의원,부산,210009,부산해운대구,"부산광역시 해운대구 센텀2로 25, 센텀드림월드 1103호 (우동)",129.132947,35.1669544
엘스타의원,의원,부산,210009,부산해운대구,"부산광역시 해운대구 해운대해변로 277, 다옴빌딩 4층 일부호 (중동)",129.161562,35.1598862
엘시티리턴의원,의원,부산,210009,부산해운대구,"부산광역시 해운대구 달맞이길 30, 포디움동 2025~2027, 3016~3018호 (중동, 엘시티)",129.1683765,35.161064
엘앤더슨병원,병원,부산,210006,부산서구,"부산광역시 서구 대신공원로 39, (서대신동3가)",129.0167399,35.1213821
엘앤비(ELnB)의원,의원,부산,210009,부산해운대구,"부산광역시 해운대구 센텀3로 26, 센텀스퀘어 502호 (우동)",129.1334395,35.1671781
엘에이USC치과의원,치과의원,부산,210003,부산동래구,"부산광역시 동래구 사직로70번길 76, 3층 301호 (사직동, 한솔부동산)",129.0573652,35.1986198
엘에이플란트치과의원,치과의원,부산,210005,부산북구,"부산광역시 북구 화명대로 34, 4층 (화명동, 웰빙프라자)",129.0119014,35.2345325
엘여성의원,의원,부산,210010,부산사하구,"부산광역시 사하구 낙동남로 1400, 5층 (하단동)",128.9646788,35.1058136
엘의원,의원,부산,210100,부산기장군,"부산광역시 기장군 정관면 정관로 563, 403호",129.1756378,35.3219389
엘치과의원,치과의원,부산,210009,부산해운대구,"부산광역시 해운대구 좌동순환로 505, 10층 1001~1004호 (중동, 센트럴메디타워)",129.1682073,35.165667
여계순소아청소년과의원,의원,부산,210013,부산연제구,"부산광역시 연제구 아시아드대로 92, 2층 (거제동)",129.0674261,35.1927917
여동승내과의원,의원,부산,210013,부산연제구,"부산광역시 연제구 연수로 137, 3층 (연산동)",129.0859012,35.1749372
여드림의원,의원,부산,210004,부산진구,"부산광역시 부산진구 연수로 6-1, 2층 201호 (양정동)",129.0722337,35.1729825
여명부부한의원,한의원,부산,210009,부산해운대구,"부산광역시 해운대구 해운대로469번길 132, 2층 (우동, 정운상가)",129.1418711,35.1683099
여사랑한의원,한의원,부산,210014,부산수영구,"부산광역시 수영구 황령산로 3, 2층 (남천동)",129.1098971,35.147314
여순소아청소년과의원,의원,부산,210009,부산해운대구,"부산광역시 해운대구 센텀동로 99, 2층 204,205호 (재송동, 벽산e 센텀클래스원)",129.1258461,35.1761561
연꽃안에소아청소년과의원,의원,부산,210013,부산연제구,"부산광역시 연제구 중앙천로2번길 3, 8층 801호 (연산동)",129.0844966,35.1751874
연꽃위에한의원,한의원,부산,210013,부산연제구,"부산광역시 연제구 중앙천로2번길 3, 8층 802호 (연산동)",129.0844966,35.1751874
연동한의원,한의원,부산,210013,부산연제구,"부산광역시 연제구 과정로 320, 상가동 201호 (연산동)",129.092978,35.1895288
연리목한의원,한의원,부산,210006,부산서구,"부산광역시 서구 해돋이로 36, 해진빌딩 3층 301호 (남부민동)",129.018339,35.0831831
연미한의원,한의원,부산,210013,부산연제구,"부산광역시 연제구 연수로 217, (연산동)",129.094581,35.1738232
연부부치과의원,치과의원,부산,210010,부산사하구,"부산광역시 사하구 다대낙조2길 100, 301,302호 (다대동, 롯데캐슬아파트주상가)",128.9654456,35.0566344
연산관자재요양병원,요양병원,부산,210013,부산연제구,"부산광역시 연제구 과정로 128, (연산동)",129.1075006,35.1828899
연산균형한의원,한의원,부산,210013,부산연제구,"부산광역시 연제구 반송로 11, 1층 일부호 (연산동)",129.0824126,35.1869068
연산내과의원,의원,부산,210013,부산연제구,"부산광역시 연제구 월드컵대로 9, 1층, 2층 (연산동)",129.085897,35.1754621
연산당당한방병원,한방병원,부산,210013,부산연제구,"부산광역시 연제구 월드컵대로 82, (연산동)",129.0839766,35.1818019
연산마취통증의학과의원,의원,부산,210013,부산연제구,"부산광역시 연제구 중앙대로 1112, 8층 (연산동)",129.0817393,35.1868365
연산반도치과의원,치과의원,부산,210013,부산연제구,"부산광역시 연제구 월드컵대로 128, 6층 (연산동)",129.0824608,35.1856535
연산성모안과의원,의원,부산,210013,부산연제구,"부산광역시 연제구 월드컵대로 3, 2,3층 (연산동)",129.0861014,35.1751031
연산예스비뇨기과의원,의원,부산,210013,부산연제구,"부산광역시 연제구 반송로 9, 3층 (연산동)",129.082216,35.1867442
연산인제요양병원,요양병원,부산,210013,부산연제구,"부산광역시 연제구 과정로 152, 4,5층 (연산동)",129.1074492,35.1850744
연산진치과의원,치과의원,부산,210013,부산연제구,"부산광역시 연제구 반송로 11, 3층 (연산동)",129.0824126,35.1869068
연산청담한의원,한의원,부산,210013,부산연제구,"부산광역시 연제구 연수로 89, 신세계연제점E마트 2층 일부호 (연산동)",129.0813506,35.176118
연산한겨레치과의원,치과의원,부산,210013,부산연제구,"부산광역시 연제구 월드컵대로 140, 4층 (연산동)",129.080974,35.186547
연산한의원,한의원,부산,210013,부산연제구,"부산광역시 연제구 과정로 226, (연산동, 2층 일부)",129.102498,35.1881893
연세 치과의원,치과의원,부산,210014,부산수영구,"부산광역시 수영구 수영로 695, (수영동)",129.1156407,35.1677092
연세결성형외과의원,의원,부산,210004,부산진구,"부산광역시 부산진구 가야대로 783, 성원메디컬빌딩 3층 (부전동)",129.0572367,35.15799
연세고마운치과의원,치과의원,부산,210012,부산강서구,"부산광역시 강서구 명지국제8로 234, 정우빌딩2차 404, 405호 (명지동)",128.9183892,35.0979042
연세그린치과의원,치과의원,부산,210005,부산북구,"부산광역시 북구 금곡대로 161, 4층 (화명동)",129.0089519,35.2234893
연세김의원,의원,부산,210015,부산사상구,"부산광역시 사상구 새벽시장로 70, (감전동)",128.9813081,35.1548692
연세김의원,의원,부산,210004,부산진구,"부산광역시 부산진구 백양관문로77번길 51, 106동 204,205호 (개금동, 동원화인패밀리타운)",129.0276069,35.1638774
연세내과의원,의원,부산,210015,부산사상구,"부산광역시 사상구 사상로 287, (덕포동)",128.9825448,35.1705822
연세뉴욕치과의원,치과의원,부산,210009,부산해운대구,"부산광역시 해운대구 센텀남대로 50, A1401호 (우동, 센텀임페리얼타워)",129.1313001,35.1681037
연세랑정신건강의학과의원,의원,부산,210009,부산해운대구,"부산광역시 해운대구 좌동순환로 506, 304호 (중동, 영풍리젠시)",129.1687362,35.1661755
연세메디컬의원,의원,부산,210009,부산해운대구,"부산광역시 해운대구 해운대해변로 163, 상가동 201,202호 (우동, 현대베네시티아파트)",129.1505161,35.1585366
연세미래정형외과의원,의원,부산,210008,부산중구,"부산광역시 중구 대청로 70, (부평동1가)",129.0274486,35.1028559
연세바로본의원,의원,부산,210011,부산금정구,"부산광역시 금정구 서동로 159-1, 4,5층 (서동)",129.1038147,35.2149937
연세바른마취통증의학과의원,의원,부산,210005,부산북구,"부산광역시 북구 만덕대로 18, 금샘빌딩 2,3,7층 (덕천동)",129.0071035,35.2103352
연세바른치과의원,치과의원,부산,210003,부산동래구,"부산광역시 동래구 온천장로 1, 2층 (온천동)",129.0786275,35.2124467
연세봄치과의원,치과의원,부산,210005,부산북구,"부산광역시 북구 백양대로 1190, 3층 (구포동)",129.0054366,35.2085314
연세비뇨기과의원,의원,부산,210009,부산해운대구,"부산광역시 해운대구 세실로 45, 305호 (좌동, 대승프라자)",129.1782898,35.1690009
연세비앤이치과의원,치과의원,부산,210005,부산북구,"부산광역시 북구 금곡대로 469, 2층 (금곡동, 농협하나로클럽)",129.011218,35.2500241
연세삼성내과의원,의원,부산,210003,부산동래구,"부산광역시 동래구 명안로85번길 52, 명장랜드마크 2층 (명장동)",129.1017827,35.2048379
연세세브란스치과의원,치과의원,부산,210013,부산연제구,"부산광역시 연제구 아시아드대로 39, 2층 224호 (거제동, 레이카운티)",129.0660665,35.1899858
연세센텀치과교정과치과의원,치과의원,부산,210009,부산해운대구,"부산광역시 해운대구 센텀남대로 50, 센템임페리얼타워 1202호 (우동)",129.1313001,35.1681037
연세소아청소년과의원,의원,부산,210005,부산북구,"부산광역시 북구 금곡대로616번길 55, 2층 (금곡동, 유림아파트상가)",129.0162521,35.2630212
연세소울정신건강의학과의원,의원,부산,210009,부산해운대구,"부산광역시 해운대구 해운대로 794, 504호 (좌동, 삼정엘리움)",129.1757451,35.168815
"연세수마취통증의학과,류마내과의원",의원,부산,210011,부산금정구,"부산광역시 금정구 구서로 10, 6층 (구서동)",129.0901269,35.2468711
연세아이(i)정신건강의학과의원,의원,부산,210013,부산연제구,"부산광역시 연제구 중앙대로 1125, (연산동, 407호 일부)",129.0806504,35.1880405
연세엘스의원,의원,부산,210009,부산해운대구,"부산광역시 해운대구 구남로29번길 32, 4층 (중동)",129.1621275,35.1623863
연세온치과의원,치과의원,부산,210003,부산동래구,"부산광역시 동래구 온천장로 114, 9층 (온천동)",129.0847937,35.2205935
연세우리마취통증의학과의원,의원,부산,210010,부산사하구,"부산광역시 사하구 낙동대로 454, 2층 (당리동)",128.9693326,35.105612
연세윤내과의원,의원,부산,210015,부산사상구,"부산광역시 사상구 사상로 200, 엠시티빌딩 4층 401,402호 (괘법동)",128.9846023,35.1629712
연세의원,의원,부산,210005,부산북구,"부산광역시 북구 만덕대로65번길 3, (덕천동)",129.0118383,35.2120016
연세의원,의원,부산,210007,부산영도구,"부산광역시 영도구 와치로 250, 3층 (동삼동)",129.0687687,35.0753208
연세의원,의원,부산,210009,부산해운대구,"부산광역시 해운대구 선수촌로 109-1, 301호 (반여동, 아시아드몰)",129.119628,35.2036219
연세이비인후과의원,의원,부산,210009,부산해운대구,"부산광역시 해운대구 양운로 82, 402호 (좌동, 화인크리닉)",129.1755732,35.1704651
연세정신과의원,의원,부산,210007,부산영도구,"부산광역시 영도구 태종로 103-1, (대교동2가)",129.0422117,35.09144
연세정형외과의원,의원,부산,210002,부산동구,"부산광역시 동구 초량로 35, (초량동)",129.0384538,35.1202254
연세척병원,병원,부산,210004,부산진구,"부산광역시 부산진구 가야대로 715, 1층 일부, 2~4층 전부 (당감동)",129.0497862,35.1575893
연세치과의원,치과의원,부산,210006,부산서구,"부산광역시 서구 대영로 84-1, (동대신동1가)",129.0203696,35.1107769
연세치과의원,치과의원,부산,210008,부산중구,"부산광역시 중구 자갈치로47번길 5, (남포동5가)",129.0292166,35.0976883
연세치과의원,치과의원,부산,210005,부산북구,"부산광역시 북구 금곡대로 268, 302호 (화명동, 대림쇼핑프라자)",129.0154964,35.2308715
연세치과의원,치과의원,부산,210003,부산동래구,"부산광역시 동래구 충렬대로428번길 1, 2층 (안락동)",129.105327,35.1962284
연세치과의원,치과의원,부산,210004,부산진구,"부산광역시 부산진구 범일로 127, 삼일빌딩 6층 (범천동)",129.0590642,35.1415079
연세치과의원,치과의원,부산,210001,부산남구,"부산광역시 남구 분포로 111, 301호 (용호동, 엘지메트로시티)",129.1121446,35.1279925
연세편안내과의원,의원,부산,210005,부산북구,"부산광역시 북구 백양대로 1017, 4층 (구포동, 한성빌딩)",128.9945319,35.1967405
연세한의원,한의원,부산,210013,부산연제구,"부산광역시 연제구 중앙대로1038번길 19, 1층 (연산동)",129.078521,35.1803816
연수소아과의원,의원,부산,210003,부산동래구,"부산광역시 동래구 충렬대로107번길 54, (온천동)",129.0748927,35.2086542
연우치과의원,치과의원,부산,210003,부산동래구,"부산광역시 동래구 명륜로 170, 201동 2층 203호 (명륜동)",129.0834007,35.2091033
연제가정의학과의원,의원,부산,210013,부산연제구,"부산광역시 연제구 거제천로87번길 22, (거제동)",129.0721438,35.1826368
연제굿하루치과의원,치과의원,부산,210013,부산연제구,"부산광역시 연제구 연수로 105, 4층 (연산동)",129.0825807,35.175371
연제로하스의원,의원,부산,210013,부산연제구,"부산광역시 연제구 반송로 30, 석산빌딩 4층 (연산동)",129.0842124,35.187688
연제마취통증의학과의원,의원,부산,210013,부산연제구,"부산광역시 연제구 거제천로 89, (거제동, 2층 일부)",129.0730645,35.1822768
연제본한의원,한의원,부산,210013,부산연제구,"부산광역시 연제구 중앙대로1124번길 6, (연산동)",129.0816967,35.1880224
연제사랑의원,의원,부산,210013,부산연제구,"부산광역시 연제구 고분로 32, 2층 (연산동)",129.0859958,35.1855322
연제일신병원,병원,부산,210013,부산연제구,"부산광역시 연제구 고분로 6, (연산동)",129.0828772,35.1856693
연제치과의원,치과의원,부산,210013,부산연제구,"부산광역시 연제구 중앙대로 1050, 1층 일부호 (연산동)",129.0786858,35.1818831
연제한의원,한의원,부산,210013,부산연제구,"부산광역시 연제구 봉수로 2, 121동 101호 (연산동)",129.0891813,35.1736604
연지삼성내과의원,의원,부산,210004,부산진구,"부산광역시 부산진구 새싹로 201, 2층 (초읍동)",129.0488836,35.1740978
연지웰치과의원,치과의원,부산,210004,부산진구,"부산광역시 부산진구 새싹로 201, 4층 (초읍동)",129.0488836,35.1740978
연지제일한의원,한의원,부산,210004,부산진구,"부산광역시 부산진구 새싹로 184, 연지메디컬센터 4층 (연지동)",129.0498457,35.1725176
연지한의원,한의원,부산,210004,부산진구,"부산광역시 부산진구 동평로 197, 303, 304호 (부암동, 마제스타워 서면)",129.0496922,35.1682806
연지힐재활의학과의원,의원,부산,210004,부산진구,"부산광역시 부산진구 성지로 58, 2층 (연지동)",129.0549288,35.1757672
연치과의원,치과의원,부산,210003,부산동래구,"부산광역시 동래구 충렬대로 188-10, 2층 (명륜동)",129.0803609,35.202833
연한의원,한의원,부산,210004,부산진구,"부산광역시 부산진구 냉정로 231, (개금동)",129.025029,35.1511587
연호한의원,한의원,부산,210003,부산동래구,"부산광역시 동래구 동래로136번길 25, 2층 (복천동)",129.0848041,35.2048791
열린내과의원,의원,부산,210003,부산동래구,"부산광역시 동래구 석사로 5, 2층 (사직동)",129.0606783,35.1980634
열린마음정신건강의학과의원,의원,부산,210004,부산진구,"부산광역시 부산진구 범일로 135, 6층 (범천동)",129.0588827,35.1422042
열린이비인후과의원,의원,부산,210005,부산북구,"부산광역시 북구 백양대로 1202, (덕천동)",129.005941,35.2097118
열린이비인후과의원,의원,부산,210004,부산진구,"부산광역시 부산진구 중앙대로 700, 7층 (부전동)",129.059521,35.1552532
열린치과의원,치과의원,부산,210015,부산사상구,"부산광역시 사상구 덕상로 14, (덕포동)",128.989194,35.1725069
열린치과의원,치과의원,부산,210005,부산북구,"부산광역시 북구 만덕3로 57, 2층 (만덕동)",129.0297561,35.2109995
열린치과의원,치과의원,부산,210003,부산동래구,"부산광역시 동래구 안남로 23, 305호 (낙민동, 보림프라자)",129.0948221,35.194646
열린치과의원,치과의원,부산,210009,부산해운대구,"부산광역시 해운대구 신반송로 208, (반송동)",129.1575904,35.2307114
열린한의원,한의원,부산,210009,부산해운대구,"부산광역시 해운대구 재반로 244, 2,3,5층 (반여동)",129.1314803,35.1988467
열린한의원,한의원,부산,210004,부산진구,"부산광역시 부산진구 동평로 109, 2층 (부암동)",129.0413163,35.1660805
열린한의원,한의원,부산,210003,부산동래구,"부산광역시 동래구 아시아드대로 239-1, 월드 메디컬 타워 3층 (온천동)",129.0674535,35.2054534
열린한의원,한의원,부산,210010,부산사하구,"부산광역시 사하구 다대로 551, 3층 (다대동, 대성빌딩)",128.9712745,35.0569858
열자비한의원,한의원,부산,210011,부산금정구,"부산광역시 금정구 금샘로 438, 지하1~지상1층 (구서동)",129.0845358,35.2619998
염정배치과의원,치과의원,부산,210001,부산남구,"부산광역시 남구 수영로219번길 5, (대연동)",129.0904152,35.1352732
염정인여성의원,의원,부산,210005,부산북구,"부산광역시 북구 금곡대로285번길 5, (화명동, 레지던스라움)",129.0131863,35.2336922
염하용의원,의원,부산,210002,부산동구,"부산광역시 동구 중앙대로286번길 5, 지하1층, 지상1~2층, 3층일부, 5층 (초량동)",129.0442589,35.1219764
염한의원,한의원,부산,210008,부산중구,"부산광역시 중구 동광길 3, (동광동4가)",129.0339335,35.1030061
영광내과의원,의원,부산,210010,부산사하구,"부산광역시 사하구 낙동대로 275, 4층 (괴정동)",128.9866188,35.0988726
영광한의원,한의원,부산,210009,부산해운대구,"부산광역시 해운대구 해운대로 1190, 2동 (송정동)",129.2047197,35.1910727
영남내과의원,의원,부산,210004,부산진구,"부산광역시 부산진구 중앙번영로 12, (범천동)",129.0603807,35.1447711
영도밝은안과의원,의원,부산,210007,부산영도구,"부산광역시 영도구 동삼로 25, 4층 (동삼동)",129.0717648,35.0760275
영도병원,종합병원,부산,210007,부산영도구,"부산광역시 영도구 태종로 85, (대교동2가)",129.0405236,35.0922416
영도복지의원,의원,부산,210007,부산영도구,"부산광역시 영도구 남항로19번길 55, (대교동2가)",129.0399569,35.0917296
영도부부치과의원,치과의원,부산,210007,부산영도구,"부산광역시 영도구 태종로 97, 지상3층 (대교동2가)",129.0414774,35.0917093
영도서울튼튼정형외과의원,의원,부산,210007,부산영도구,"부산광역시 영도구 동삼로 56, 한나타워 401호 (동삼동)",129.0709519,35.0783879
영도스마트치과의원,치과의원,부산,210007,부산영도구,"부산광역시 영도구 태종로 98, 505호 (대교동2가, 모닝아일랜드)",129.0414763,35.0912131
영도오복치과의원,치과의원,부산,210007,부산영도구,"부산광역시 영도구 태종로 99, 2~3층 (대교동2가)",129.041724,35.0916075
영도의원,의원,부산,210007,부산영도구,"부산광역시 영도구 태종로 370, (청학동)",129.0645453,35.0938222
영도이비인후과의원,의원,부산,210007,부산영도구,"부산광역시 영도구 태종로 97, 영도메디칼빌딩 4층 일부, 2층 (대교동2가)",129.0414774,35.0917093
영도조은치과의원,치과의원,부산,210007,부산영도구,"부산광역시 영도구 태종로 139, 5층 (봉래동3가)",129.0442202,35.0924145
영도좋은의원,의원,부산,210007,부산영도구,"부산광역시 영도구 태종로 416, (청학동)",129.0665345,35.0899984
영도타임치과의원,치과의원,부산,210007,부산영도구,"부산광역시 영도구 동삼로 56, 203-1호 (동삼동, 한나타워)",129.0709519,35.0783879
영도학문외과의원,의원,부산,210007,부산영도구,"부산광역시 영도구 태종로 93, 5층 (대교동2가, 대광빌딩)",129.0412541,35.0918398
영도한의원,한의원,부산,210007,부산영도구,"부산광역시 영도구 태종로 109, 2.3층 (영선동1가)",129.0429497,35.0912005
영동치과의원,치과의원,부산,210003,부산동래구,"부산광역시 동래구 중앙대로1381번길 43, 3층 (온천동)",129.0755225,35.2110375
영비뇨의학과의원,의원,부산,210014,부산수영구,"부산광역시 수영구 수영로 690-5, 501호 (광안동)",129.1158494,35.1670367
영신치과의원,치과의원,부산,210008,부산중구,"부산광역시 중구 중구로 15-1, (부평동1가)",129.0276721,35.0992748
영신치과의원,치과의원,부산,210002,부산동구,"부산광역시 동구 조방로 45, 덕원빌딩 (범일동)",129.0602838,35.140499
영신한의원,한의원,부산,210005,부산북구,"부산광역시 북구 학사로 8, 크리스탈타워 3층 305,306호 (화명동)",129.0087925,35.2240706
영양과한의원,한의원,부산,210001,부산남구,"부산광역시 남구 수영로 216, 미즈빌딩 1층 (대연동)",129.0901151,35.1347824
영이비인후과의원,의원,부산,210011,부산금정구,"부산광역시 금정구 구서로 23, 화산빌딩 5층 (구서동)",129.0886141,35.24662
영인의원,의원,부산,210010,부산사하구,"부산광역시 사하구 다대로 133, (신평동)",128.9780552,35.0905304
영인한의원,한의원,부산,210013,부산연제구,"부산광역시 연제구 금련로 2, 2층 (연산동)",129.0956504,35.173171
영재치과의원,치과의원,부산,210009,부산해운대구,"부산광역시 해운대구 우동2로 50-12, (우동)",129.1571584,35.1683152
영진의원,의원,부산,210001,부산남구,"부산광역시 남구 못골로 71, (대연동)",129.0901594,35.1361083
영진의원,의원,부산,210010,부산사하구,"부산광역시 사하구 사하로 184-4, 2,3,4층 (괴정동)",128.9943893,35.0982907
영진한의원,한의원,부산,210003,부산동래구,"부산광역시 동래구 온천장로 123-1, 3층 (온천동, 드림메디컬)",129.084789,35.2217307
영진한의원,한의원,부산,210004,부산진구,"부산광역시 부산진구 새싹로 50-1, (부전동)",129.0560446,35.1620305
영창한의원,한의원,부산,210003,부산동래구,"부산광역시 동래구 충렬대로 487, (안락동)",129.1115735,35.1959826
영천배골한의원,한의원,부산,210003,부산동래구,"부산광역시 동래구 중앙대로1367번길 56-23, (온천동)",129.0753316,35.2111757
영춘한의원,한의원,부산,210003,부산동래구,"부산광역시 동래구 명륜로94번길 19, (명륜동)",129.0837373,35.203115
예가 한의원,한의원,부산,210014,부산수영구,"부산광역시 수영구 연수로 374-1, (광안동)",129.1108161,35.1700917
예담소아청소년과의원,의원,부산,210009,부산해운대구,"부산광역시 해운대구 선수촌로 64, (반여동, 장산메디컬3층)",129.1189658,35.1993177
예담재활의학과의원,의원,부산,210002,부산동구,"부산광역시 동구 중앙대로349번길 42, 4,5,6층 (수정동)",129.045051,35.1263376
예담치과의원,치과의원,부산,210010,부산사하구,"부산광역시 사하구 낙동대로 211, 3층 (괴정동)",128.9937642,35.0999392
예담치과의원,치과의원,부산,210004,부산진구,"부산광역시 부산진구 중앙대로 786, 207호 (전포동, 에메랄드홈)",129.0631603,35.1619415
예담한의원,한의원,부산,210015,부산사상구,"부산광역시 사상구 낙동대로 733, 롯데마트 사상점 4층 (엄궁동)",128.9683725,35.1276629
예담한의원,한의원,부산,210011,부산금정구,"부산광역시 금정구 금강로 441, 이강빌딩 2층 (구서동)",129.0887076,35.2469781
예담한의원,한의원,부산,210001,부산남구,"부산광역시 남구 용호로 196, 1층 (용호동)",129.1107946,35.1149233
예람한의원,한의원,부산,210011,부산금정구,"부산광역시 금정구 남산로 35, (남산동)",129.0883522,35.2668954
예미안의원,의원,부산,210004,부산진구,"부산광역시 부산진구 서면로 51, 3층 (부전동)",129.057576,35.1554116
예미안치과의원,치과의원,부산,210009,부산해운대구,"부산광역시 해운대구 선수촌로 102, 2층 (반여동)",129.1195107,35.2025927
예미안치과의원,치과의원,부산,210003,부산동래구,"부산광역시 동래구 명륜로 188, (명륜동)",129.082831,35.2106003
예바치과교정과의원,치과의원,부산,210003,부산동래구,"부산광역시 동래구 동래로 25, 4층 (온천동)",129.0783424,35.2125513
예바치과교정과의원,치과의원,부산,210009,부산해운대구,"부산광역시 해운대구 센텀남대로 50, 803호 (우동, 센텀임페리얼타워)",129.1313001,35.1681037
예바치과교정과치과의원,치과의원,부산,210004,부산진구,"부산광역시 부산진구 중앙대로 736, 4층 (부전동)",129.0599753,35.1582541
예본치과의원,치과의원,부산,210010,부산사하구,"부산광역시 사하구 낙동남로 1400, 6층 602호 (하단동)",128.9646788,35.1058136
예본치과의원,치과의원,부산,210003,부산동래구,"부산광역시 동래구 충렬대로 132, 3층 (온천동)",129.0746888,35.2055637
예뻐지는의원,의원,부산,210001,부산남구,"부산광역시 남구 수영로 300, 402호 (대연동, 비젼프라자)",129.0992454,35.1366658
예쁜라인성형외과의원,의원,부산,210004,부산진구,"부산광역시 부산진구 서면로 69-1, 2층 (부전동)",129.0575427,35.157007
예쁜미소바른이치과의원,치과의원,부산,210005,부산북구,"부산광역시 북구 낙동대로 1791, 5층 (덕천동)",129.0048035,35.2103563
예스부부치과의원,치과의원,부산,210004,부산진구,"부산광역시 부산진구 동평로 422, 5층 (양정동)",129.070642,35.1728712
예스유비뇨기과의원,의원,부산,210009,부산해운대구,"부산광역시 해운대구 해운대로 802, 318호 (좌동, 웅신시네아트)",129.1766569,35.1691635
예스치과의원,치과의원,부산,210100,부산기장군,"부산광역시 기장군 정관읍 정관로 383, 4층",129.1654686,35.3351395
예스치과의원,치과의원,부산,210004,부산진구,"부산광역시 부산진구 중앙대로 707, 6층 (부전동)",129.0588017,35.1558472
예원산부인과의원,의원,부산,210004,부산진구,"부산광역시 부산진구 서면로 49, 5층 (부전동)",129.0575915,35.1550973
예원치과의원,치과의원,부산,210003,부산동래구,"부산광역시 동래구 석사로 5, 4층 (사직동)",129.0606783,35.1980634
예원피부과의원,의원,부산,210013,부산연제구,"부산광역시 연제구 중앙대로 1033, 6층 (연산동)",129.0771446,35.1809323
예인부부치과의원,치과의원,부산,210015,부산사상구,"부산광역시 사상구 사상로 246, 4층 (괘법동)",128.9826389,35.1667643
예인의원,의원,부산,210015,부산사상구,"부산광역시 사상구 광장로 17, 3층 (괘법동, 이마트)",128.9788941,35.1642536
예인치과의원,치과의원,부산,210011,부산금정구,"부산광역시 금정구 부산대학로 23, 5,6층 (장전동)",129.0886913,35.230992
예인치과의원,치과의원,부산,210009,부산해운대구,"부산광역시 해운대구 중동2로 16, 3층 (중동, 해운대온천센타)",129.164556,35.1634328
예인치과의원,치과의원,부산,210004,부산진구,"부산광역시 부산진구 성지로 75, (초읍동)",129.0539024,35.177253
예인한의원,한의원,부산,210004,부산진구,"부산광역시 부산진구 중앙대로 919, 1,2층 (양정동)",129.070394,35.1723523
예일가정의학과의원,의원,부산,210003,부산동래구,"부산광역시 동래구 안남로 23, 206호 (낙민동, 보림프라자)",129.0948221,35.194646
예일신경외과의원,의원,부산,210003,부산동래구,"부산광역시 동래구 아시아드대로 191, 사직동예일빌딩 1,2,5층 (사직동)",129.0649167,35.2014652
예일의원,의원,부산,210009,부산해운대구,"부산광역시 해운대구 선수촌로 102-2, 6층 (반여동, 부원메디컬센터)",129.1196159,35.2027865
예일치과의원,치과의원,부산,210009,부산해운대구,"부산광역시 해운대구 청사포로 16, 404호 (좌동, 락희상가)",129.1837505,35.1662548
예지한의원,한의원,부산,210005,부산북구,"부산광역시 북구 금곡대로303번길 2, 2층 (화명동)",129.0134842,35.2356469
예플러스치과의원,치과의원,부산,210003,부산동래구,"부산광역시 동래구 사직로 80, 223동 303, 304호 (사직동, 쌍용예가)",129.0557802,35.1969782
예함내과의원,의원,부산,210010,부산사하구,"부산광역시 사하구 다대로 576, (다대동)",128.9702533,35.0551323
예함정형외과의원,의원,부산,210010,부산사하구,"부산광역시 사하구 다대로 576, 1,2,5층 (다대동)",128.9702533,35.0551323
예함치과의원,치과의원,부산,210010,부산사하구,"부산광역시 사하구 다대로 576, 4층 (다대동)",128.9702533,35.0551323
예화인여성의원,의원,부산,210009,부산해운대구,"부산광역시 해운대구 센텀2로 15, (우동, 센텀브라이언1동802호)",129.1323537,35.1677016
오규석한의원,한의원,부산,210100,부산기장군,"부산광역시 기장군 기장읍 읍내로 93, 미래약국 2층",129.2147273,35.2452768
오동원신경정신과의원,의원,부산,210001,부산남구,"부산광역시 남구 수영로 273, (대연동)",129.0964762,35.1359733
오동준한의원,한의원,부산,210001,부산남구,"부산광역시 남구 못골로 49, 2층 (대연동)",129.0877512,35.1359574
오두종성형외과의원,의원,부산,210004,부산진구,"부산광역시 부산진구 중앙대로 697, 5층 (부전동)",129.0588427,35.1551523
오라클피부과의원,의원,부산,210009,부산해운대구,"부산광역시 해운대구 마린시티2로 33, 104동 724~728호 (우동, 제니스)",129.145091,35.156667
오라클피부과의원,의원,부산,210004,부산진구,"부산광역시 부산진구 가야대로 784, 9층 (부전동, A플러스메디컬센터)",129.0574092,35.1573307
오렌지치과의원,치과의원,부산,210007,부산영도구,"부산광역시 영도구 태종로 98, 3층 (대교동2가)",129.0414763,35.0912131
오륙도경희한의원,한의원,부산,210001,부산남구,"부산광역시 남구 용호로 173, 1층 (용호동)",129.1114258,35.1167725
오륙도신경외과의원,의원,부산,210001,부산남구,"부산광역시 남구 용호로 141, (용호동, 메디칼빌딩4층전체)",129.1122342,35.1193884
오륙한의원,한의원,부산,210003,부산동래구,"부산광역시 동래구 연안로 59, (안락동)",129.1077172,35.1930946
오름정신건강의학과의원,의원,부산,210014,부산수영구,"부산광역시 수영구 수영로 466, 4층 (남천동)",129.1105636,35.1474094
오리온성형외과의원,의원,부산,210013,부산연제구,"부산광역시 연제구 중앙대로 1086, 2층 (연산동)",129.080883,35.1845894
오복 한의원,한의원,부산,210001,부산남구,"부산광역시 남구 수영로 203, 대연 메디칼센터 2층 (대연동)",129.0889129,35.1351854
오복치과의원,치과의원,부산,210003,부산동래구,"부산광역시 동래구 여고북로 160, (사직동)",129.0737845,35.2018692
오복치과의원,치과의원,부산,210004,부산진구,"부산광역시 부산진구 동평로 94, (당감동)",129.039779,35.165341
오성한의원,한의원,부산,210011,부산금정구,"부산광역시 금정구 금정로 86, 2,3층 (장전동)",129.0869568,35.2322038
오세민안과의원,의원,부산,210006,부산서구,"부산광역시 서구 대영로 50, (서대신동1가)",129.016801,35.1095142
오세진내과의원,의원,부산,210004,부산진구,"부산광역시 부산진구 가야대로 486, 2층 (개금동)",129.0251966,35.1528642
오션시티치과병원,치과병원,부산,210012,부산강서구,"부산광역시 강서구 명지오션시티4로 70, 601호 (명지동, NC TOWER)",128.9032581,35.0827988
오션이비인후과의원,의원,부산,210007,부산영도구,"부산광역시 영도구 동삼로 56, 한나타워 203-2호 (동삼동)",129.0709519,35.0783879
오션치과의원,치과의원,부산,210010,부산사하구,"부산광역시 사하구 다대로 544, 진요빌딩 101호 (다대동)",128.9709781,35.0578274
오션키즈연합소아청소년과의원,의원,부산,210012,부산강서구,"부산광역시 강서구 명지오션시티11로 74, 3층 303,304호 (명지동)",128.9040357,35.0840454
오아스한의원,한의원,부산,210009,부산해운대구,"부산광역시 해운대구 해운대해변로 353, 3층 306호 (중동)",129.1683423,35.1640264
오아시스의원,의원,부산,210001,부산남구,"부산광역시 남구 진남로 4, 대연베델메디컬빌딩 5층 (대연동)",129.0920109,35.1353582
오아시스치과의원,치과의원,부산,210001,부산남구,"부산광역시 남구 분포로 115, 힐탑탑플레이스 A동 203호 (용호동)",129.112892,35.132059
오엔케이신경외과의원,의원,부산,210005,부산북구,"부산광역시 북구 효열로 228, 3,6층 (금곡동)",129.0200711,35.2640668
오오치과병원,치과병원,부산,210013,부산연제구,"부산광역시 연제구 중앙대로 1085, 오오빌딩 (연산동)",129.0803159,35.184889
오윤한의원,한의원,부산,210011,부산금정구,"부산광역시 금정구 중앙대로 1943, 2층 201호 (구서동, 첨단빌딩)",129.0910815,35.25789
오이비인후과의원,의원,부산,210009,부산해운대구,"부산광역시 해운대구 좌동순환로 307-1, 202호 (좌동, 한창프라자)",129.1832297,35.1685422
오일준이비인후과의원,의원,부산,210010,부산사하구,"부산광역시 사하구 낙동대로 212, 3층 (괴정동)",128.9936261,35.1005469
오일환심내과의원,의원,부산,210013,부산연제구,"부산광역시 연제구 반송로 6, 청우빌딩 10층 (연산동)",129.0824809,35.186266
오정세치과의원,치과의원,부산,210009,부산해운대구,"부산광역시 해운대구 좌동로 98, 2동 401,402호 (좌동, 디베르비타)",129.1759075,35.1724315
오즈소아청소년과의원,의원,부산,210100,부산기장군,"부산광역시 기장군 정관읍 정관로 698, 2,3층 일부,8층호",129.1894795,35.3208454
오즈어린이치과의원,치과의원,부산,210003,부산동래구,"부산광역시 동래구 충렬대로137번길 4, (온천동)",129.0758241,35.2056856
오즈어린이치과의원,치과의원,부산,210001,부산남구,"부산광역시 남구 수영로 286, (대연동, 유일프라자 4층)",129.0976595,35.1359486
오즈피부과의원,의원,부산,210004,부산진구,"부산광역시 부산진구 가야대로 476-1, 9층 (개금동, 덕양빌딩)",129.0241632,35.1529083
오철한 한의원,한의원,부산,210014,부산수영구,"부산광역시 수영구 광안해변로294번길 3, (민락동)",129.1259861,35.1562743
오치과의원,치과의원,부산,210009,부산해운대구,"부산광역시 해운대구 중동1로19번길 15, (중동)",129.1625218,35.1637051
오케이성형외과의원,의원,부산,210004,부산진구,"부산광역시 부산진구 부전로66번길 42, 1,2층 (부전동)",129.057001,35.1558078
오케이정형외과의원,의원,부산,210001,부산남구,"부산광역시 남구 수영로 163, 3,4층 (대연동)",129.0844327,35.1349506
오케이하트내과의원,의원,부산,210009,부산해운대구,"부산광역시 해운대구 재반로 116, 4층 (재송동)",129.1268114,35.1886612
오행한의원,한의원,부산,210004,부산진구,"부산광역시 부산진구 당감서로80번길 12, (당감동)",129.0376187,35.1673944
오후한의원,한의원,부산,210009,부산해운대구,"부산광역시 해운대구 마린시티2로 33, 104동 432호 (우동, 제니스스퀘어)",129.145091,35.156667
옥내과의원,의원,부산,210100,부산기장군,"부산광역시 기장군 기장읍 차성동로 69, 건강약국 3층",129.2164977,35.2439054
옥승철내과의원,의원,부산,210011,부산금정구,"부산광역시 금정구 서동로 158-2, 3층 (서동)",129.1037954,35.2146172
옥치과의원,치과의원,부산,210013,부산연제구,"부산광역시 연제구 중앙대로 1217, 206호 (거제동)",129.079889,35.1960996
온가정의학과의원,의원,부산,210013,부산연제구,"부산광역시 연제구 명륜로2번길 7, 3층 307, 303(일부)호 (거제동, 삼익퓨쳐타워아파트)",129.0812825,35.1952609
온기한의원,한의원,부산,210010,부산사하구,"부산광역시 사하구 낙동대로 453, (하단동,2층)",128.9689269,35.1052342
온누리마취통증의학과의원,의원,부산,210010,부산사하구,"부산광역시 사하구 낙동대로 218, (괴정동)",128.9929635,35.1003371
온누리마취통증의학과의원,의원,부산,210003,부산동래구,"부산광역시 동래구 동래로 25, 7층 (온천동)",129.0783424,35.2125513
온누리마취통증의학과의원,의원,부산,210004,부산진구,"부산광역시 부산진구 대학로 3, 2층 (가야동, 세화빌딩)",129.0380407,35.1545132
온누리마취통증의학과의원,의원,부산,210013,부산연제구,"부산광역시 연제구 과정로 144, 7층 (연산동)",129.1074059,35.1842747
온누리메디칼의원,의원,부산,210001,부산남구,"부산광역시 남구 용호로 64, 중앙해수월드 3,4층층 (용호동)",129.1106567,35.1256211
온누리신경과의원,의원,부산,210005,부산북구,"부산광역시 북구 만덕대로 22, 4층 (덕천동)",129.0075603,35.2103495
온누리한의원,한의원,부산,210009,부산해운대구,"부산광역시 해운대구 해운대로 369, 해운대센텀메디칼센터 2층 일부호 (우동)",129.1377353,35.1702057
온마음치과의원,치과의원,부산,210011,부산금정구,"부산광역시 금정구 중앙대로 2029, 대원빌딩 2층 (남산동)",129.0921721,35.2655728
온마음한의원,한의원,부산,210002,부산동구,"부산광역시 동구 진성로 17, 1층 (수정동)",129.047464,35.1301175
온마음한의원,한의원,부산,210007,부산영도구,"부산광역시 영도구 영선대로 109, 고려빌딩 3층 (영선동1가)",129.0432578,35.090593
온맘여성한의원 부산덕천,한의원,부산,210005,부산북구,"부산광역시 북구 백양대로 1200, 정수빌딩 3층 (덕천동)",129.0058219,35.2093621
온부부치과의원,치과의원,부산,210001,부산남구,"부산광역시 남구 용호로 159, (용호동)",129.1117775,35.1180618
온사랑병원,정신병원,부산,210011,부산금정구,"부산광역시 금정구 서동로 197-1, (서동)",129.1081538,35.2143421
온사랑의원,의원,부산,210015,부산사상구,"부산광역시 사상구 낙동대로 733, 4층 (엄궁동)",128.9683725,35.1276629
온세한의원,한의원,부산,210014,부산수영구,"부산광역시 수영구 수영로 386, 2층 (남천동)",129.1069974,35.1409001
온유한의원,한의원,부산,210009,부산해운대구,"부산광역시 해운대구 해운대로 814, B동 518~9호 (좌동, 세종월드프라자)",129.1776778,35.1695768
온정성치과의원,치과의원,부산,210014,부산수영구,"부산광역시 수영구 연수로 415, 3층 (수영동)",129.1145394,35.16803
온정신건강의학과의원,의원,부산,210011,부산금정구,"부산광역시 금정구 온천장로 131, 2층 (장전동)",129.0849861,35.2223453
온정치과의원,치과의원,부산,210003,부산동래구,"부산광역시 동래구 충렬대로 415, 4층 (안락동)",129.103876,35.1968595
온정한의원,한의원,부산,210011,부산금정구,"부산광역시 금정구 식물원로39번길 19, 1층 (장전동)",129.0839873,35.223904
온지프롤로의원,의원,부산,210008,부산중구,"부산광역시 중구 구덕로 5, 2층 (남포동1가)",129.0349785,35.097574
온지한의원,한의원,부산,210008,부산중구,"부산광역시 중구 구덕로 5, 2층 (남포동1가)",129.0349785,35.097574
온천부부치과의원,치과의원,부산,210003,부산동래구,"부산광역시 동래구 금강공원로 5, 3,4층 (온천동)",129.0837259,35.2181668
온천이비인후과의원,의원,부산,210011,부산금정구,"부산광역시 금정구 온천장로 131, 4층 (장전동, 우성빌딩)",129.0849861,35.2223453
온치과의원,치과의원,부산,210010,부산사하구,"부산광역시 사하구 낙동대로 428, 5층 (당리동)",128.9717099,35.1045668
온플란트치과의원,치과의원,부산,210002,부산동구,"부산광역시 동구 범일로 86, 3층 (범일동)",129.0597538,35.1377423
올라잇치과의원,치과의원,부산,210009,부산해운대구,"부산광역시 해운대구 세실로 86, 3층 (좌동, 대천빌딩)",129.1765516,35.1723113
올리브치과의원,치과의원,부산,210011,부산금정구,"부산광역시 금정구 오시게로 22, 3층 (부곡동)",129.0865079,35.219444
올리브피부과의원,의원,부산,210005,부산북구,"부산광역시 북구 만덕대로27번길 3, 6층 (덕천동)",129.0079373,35.2110281
올리원의원,의원,부산,210003,부산동래구,"부산광역시 동래구 우장춘로 7, 보민빌딩 12층 (온천동)",129.0696459,35.208727
올바른내과의원,의원,부산,210009,부산해운대구,"부산광역시 해운대구 중동1로 17, 3층 (중동, 해정빌딩)",129.1618527,35.1635378
올바른신경외과의원,의원,부산,210001,부산남구,"부산광역시 남구 수영로 184, 4층 (대연동)",129.0867296,35.1345877
올바른정형외과의원,의원,부산,210010,부산사하구,"부산광역시 사하구 다대로 544, 진요빌딩 1층 105,106,107,108호 (다대동)",128.9709781,35.0578274
올바른정형외과의원,의원,부산,210011,부산금정구,"부산광역시 금정구 금강로 441, 태영빌딩 3층 (구서동)",129.0887076,35.2469781
와이디정신건강의학과의원,의원,부산,210009,부산해운대구,"부산광역시 해운대구 해운대로 407, 신세계프라자 303 일부호 (우동)",129.1406828,35.1678259
요산한의원,한의원,부산,210014,부산수영구,"부산광역시 수영구 황령산로7번길 46, (남천동)",129.1085793,35.1461486
요편한비뇨기과의원,의원,부산,210004,부산진구,"부산광역시 부산진구 서면로 64, 7층 (부전동)",129.0580718,35.1564715
용당요양병원,요양병원,부산,210001,부산남구,"부산광역시 남구 신선로 429, (용당동)",129.0991261,35.1235447
용마루한의원,한의원,부산,210012,부산강서구,"부산광역시 강서구 낙동남로 1042, c1층, D동 (명지동)",128.9266036,35.1126533
용한의원,한의원,부산,210011,부산금정구,"부산광역시 금정구 금사로 104, (금사동)",129.1129246,35.2215668
용한의원,한의원,부산,210100,부산기장군,"부산광역시 기장군 기장읍 차성로 304, (기장읍)",129.2138451,35.2447247
용한의원,한의원,부산,210003,부산동래구,"부산광역시 동래구 충렬대로237번길 143, 3층 (명륜동)",129.0822531,35.2072602
용한의원,한의원,부산,210010,부산사하구,"부산광역시 사하구 낙동대로 440, 2층 (당리동, 향원빌딩)",128.9705695,35.1048815
용한의원,한의원,부산,210015,부산사상구,"부산광역시 사상구 사상로 299, (덕포동)",128.9829208,35.1715221
용호메트로마취통증의학과의원,의원,부산,210001,부산남구,"부산광역시 남구 용호로 48, 대성빌딩 일부2층,3,5층 (용호동)",129.1091537,35.1263992
용호베스트마취통증의학과의원,의원,부산,210001,부산남구,"부산광역시 남구 용호로 173, 장안빌딩 3층 (용호동)",129.1114258,35.1167725
용호제일의원,의원,부산,210001,부산남구,"부산광역시 남구 용호로90번길 20, 1층 일부호 (용호동)",129.1113776,35.124239
용호탑치과의원,치과의원,부산,210001,부산남구,"부산광역시 남구 용호로 127, 3층 (용호동)",129.1123892,35.1207875
우기현내과의원,의원,부산,210003,부산동래구,"부산광역시 동래구 동래로 25, 2층 (온천동)",129.0783424,35.2125513
우내과의원,의원,부산,210005,부산북구,"부산광역시 북구 덕천로 235-1, (만덕동)",129.0300454,35.2108275
우내과의원,의원,부산,210009,부산해운대구,"부산광역시 해운대구 좌동순환로 309, 202호 (좌동)",129.1831954,35.1683712
우람한의원,한의원,부산,210009,부산해운대구,"부산광역시 해운대구 중동2로 16, 3층 (중동, 해운대온천센터)",129.164556,35.1634328
우리가정의원,의원,부산,210014,부산수영구,"부산광역시 수영구 망미로22번길 51, (망미동)",129.101865,35.1708002
우리가정의학과의원,의원,부산,210003,부산동래구,"부산광역시 동래구 안락로 19, (안락동)",129.0994794,35.2007885
우리가정의학과의원,의원,부산,210014,부산수영구,"부산광역시 수영구 광안해변로 431, (민락동)",129.1293053,35.1599408
우리가족연합의원,의원,부산,210012,부산강서구,"부산광역시 강서구 과학산단2로20번길 20, 행복메디컬빌딩 2층 (지사동)",128.8327007,35.1504937
우리가족처음의원,의원,부산,210004,부산진구,"부산광역시 부산진구 백양대로300번길 20, 신개금엘지아파트상가동 지하1층 2,3,4호 (개금동, 신개금엘지아파트)",129.0204555,35.155915
우리가족치과의원,치과의원,부산,210001,부산남구,"부산광역시 남구 용호로 207, 601호 (용호동)",129.1112533,35.1137445
우리가족한의원,한의원,부산,210005,부산북구,"부산광역시 북구 학사로 291, 2층 (금곡동)",129.0117182,35.2475987
우리가족한의원,한의원,부산,210003,부산동래구,"부산광역시 동래구 온천장로125번길 57, 2층 (온천동)",129.0826411,35.2236132
우리동네이비인후과의원,의원,부산,210006,부산서구,"부산광역시 서구 충무대로 14, 2층 (암남동)",129.0162266,35.0769667
우리동네정형외과의원,의원,부산,210014,부산수영구,"부산광역시 수영구 연수로 402, (광안동)",129.1130546,35.1685606
우리동래치과의원,치과의원,부산,210003,부산동래구,"부산광역시 동래구 충렬대로 152, 4층 401,402호 (온천동)",129.0766381,35.2046475
우리들40플란트치과병원,치과병원,부산,210001,부산남구,"부산광역시 남구 전포대로 90, 4층 401,402호 (문현동)",129.0671141,35.1447771
우리들내과의원,의원,부산,210005,부산북구,"부산광역시 북구 화명대로 42, 4층 (화명동)",129.0126896,35.2344122
우리들마취통증의학과의원,의원,부산,210004,부산진구,"부산광역시 부산진구 중앙대로 753, (부전동)",129.0604833,35.1598537
우리들병원,병원,부산,210003,부산동래구,"부산광역시 동래구 중앙대로 1523, (온천동, SKHUBSKY)",129.0855308,35.2208431
우리들의원,의원,부산,210004,부산진구,"부산광역시 부산진구 엄광로 68-1, 3층 (가야동, 덕산빌딩)",129.0237054,35.1478353
우리들이비인후과의원,의원,부산,210004,부산진구,"부산광역시 부산진구 동성로 136, 3층 (전포동)",129.0644161,35.1610467
우리들치과의원,치과의원,부산,210003,부산동래구,"부산광역시 동래구 반송로 339, 3층 (명장동)",129.1037151,35.209876
우리들치과의원,치과의원,부산,210100,부산기장군,"부산광역시 기장군 기장읍 차성동로 75, (기장읍)",129.2165343,35.2444921
우리들치과의원,치과의원,부산,210009,부산해운대구,"부산광역시 해운대구 재반로 116, 3층 (재송동)",129.1268114,35.1886612
우리들한의원,한의원,부산,210003,부산동래구,"부산광역시 동래구 충렬대로 248, (수안동)",129.08623,35.2010244
우리미치과의원,치과의원,부산,210003,부산동래구,"부산광역시 동래구 충렬대로 248, (수안동)",129.08623,35.2010244
우리바른치과의원,치과의원,부산,210009,부산해운대구,"부산광역시 해운대구 양운로 110, 2층 (좌동)",129.1738822,35.1726479
우리병원,정신병원,부산,210015,부산사상구,"부산광역시 사상구 사상로 237, 1,3,4,5층 (괘법동)",128.9824301,35.1661174
우리비전내과의원,의원,부산,210003,부산동래구,"부산광역시 동래구 충렬대로 239, (수안동, 수안메디칼센터 701,702, 801호)",129.0856419,35.2016571
우리사직의원,의원,부산,210003,부산동래구,"부산광역시 동래구 사직로 80, 222동 3층 303,304호 (사직동, 사직 쌍용 예가)",129.0557802,35.1969782
우리산부인과의원,의원,부산,210011,부산금정구,"부산광역시 금정구 서동로 168, 송월빌딩 6층 (서동)",129.1047804,35.2144461
우리서울치과의원,치과의원,부산,210003,부산동래구,"부산광역시 동래구 미남로 148, 5층 (온천동)",129.0698267,35.2071453
우리성모안과의원,의원,부산,210015,부산사상구,"부산광역시 사상구 낙동대로 786, 2층 (엄궁동)",128.9720865,35.1307295
우리신경외과의원,의원,부산,210013,부산연제구,"부산광역시 연제구 중앙대로 1033, 7,8층 (연산동)",129.0771446,35.1809323
우리신평치과의원,치과의원,부산,210010,부산사하구,"부산광역시 사하구 신산로 195, 2층 (신평동)",128.9765589,35.089856
우리아동의원,의원,부산,210004,부산진구,"부산광역시 부산진구 중앙대로 821, 삼한골든뷰 센트럴파크 2층 (범전동, 삼한골든뷰 센트럴파크)",129.0629295,35.1651824
우리연합의원,의원,부산,210011,부산금정구,"부산광역시 금정구 온천장로125번길 38, 2층 (장전동)",129.0835356,35.2233216
우리의원,의원,부산,210006,부산서구,"부산광역시 서구 천마로 133, (남부민동)",129.0232287,35.0877084
우리의원,의원,부산,210011,부산금정구,"부산광역시 금정구 금사로 95, 2,3층 (금사동)",129.1122375,35.2210329
우리의원,의원,부산,210009,부산해운대구,"부산광역시 해운대구 해운대로 802, 301,307호 (좌동, 웅신시네아트)",129.1766569,35.1691635
우리의원,의원,부산,210100,부산기장군,"부산광역시 기장군 일광면 일광로 98, (일광읍)",129.2335093,35.2650429
우리이비인후과의원,의원,부산,210010,부산사하구,"부산광역시 사하구 장림번영로 40, 3층 (장림동)",128.9697485,35.0804772
우리이비인후과의원,의원,부산,210005,부산북구,"부산광역시 북구 덕천로 300, 3층 (만덕동, 금강빌딩)",129.0367105,35.2093272
우리이비인후과의원,의원,부산,210100,부산기장군,"부산광역시 기장군 기장읍 차성남로51번길 30, 30",129.2164239,35.2425685
우리이비인후과의원,의원,부산,210014,부산수영구,"부산광역시 수영구 수영로 581, 우광메디컬센터 5층 501호 (광안동)",129.1128045,35.1576639
우리이비인후과의원,의원,부산,210013,부산연제구,"부산광역시 연제구 안연로 36, 4층 (연산동)",129.1000427,35.1906879
우리이비인후과의원,의원,부산,210004,부산진구,"부산광역시 부산진구 동평로 410, 2층 일부 (양정동)",129.0694948,35.1735944
우리정내과의원,의원,부산,210004,부산진구,"부산광역시 부산진구 엄광로 33, 1,2층 (개금동)",129.0197713,35.1483394
우리정형외과의원,의원,부산,210003,부산동래구,"부산광역시 동래구 명안로85번길 52, (명장동)",129.1017827,35.2048379
우리정형외과의원,의원,부산,210009,부산해운대구,"부산광역시 해운대구 윗반송로 94, 지하1층~지상4층 (반송동)",129.1580864,35.2323233
우리정형외과의원,의원,부산,210004,부산진구,"부산광역시 부산진구 동평로 90, 4,5층 (당감동)",129.0394146,35.1653088
우리치과의원,치과의원,부산,210005,부산북구,"부산광역시 북구 화명대로 35, 5층 502호 (화명동, 신호타워)",129.0119897,35.2351559
우리치과의원,치과의원,부산,210009,부산해운대구,"부산광역시 해운대구 반송로924번길 14-2, (반송동)",129.1556269,35.2319576
우리치과의원,치과의원,부산,210014,부산수영구,"부산광역시 수영구 수영로 379, 2층 (남천동)",129.1062442,35.1408771
우리치과의원,치과의원,부산,210009,부산해운대구,"부산광역시 해운대구 해운대로 636, 2,3층 (우동)",129.1601279,35.1640966
우리치과의원,치과의원,부산,210012,부산강서구,"부산광역시 강서구 과학산단로306번길 10, 115동 207,208호 (지사동, 협성·DS 엘리시안아파트)",128.8382549,35.1499834
우리치과의원,치과의원,부산,210010,부산사하구,"부산광역시 사하구 장림번영로 41, 4층 (장림동)",128.9699482,35.0808446
우리탑치과의원,치과의원,부산,210015,부산사상구,"부산광역시 사상구 가야대로 290, 4층 (주례동)",129.0043863,35.1501236
우리한방병원,한방병원,부산,210002,부산동구,"부산광역시 동구 고관로 81, (수정동)",129.0446437,35.1264756
우리한의원,한의원,부산,210005,부산북구,"부산광역시 북구 효열로 77, 1층 (금곡동)",129.013612,35.2529196
우리한의원,한의원,부산,210009,부산해운대구,"부산광역시 해운대구 신반송로 193, 2층 (반송동)",129.1588736,35.2297839
우리항외과의원,의원,부산,210015,부산사상구,"부산광역시 사상구 사상로 237, 스탠다드차타드은행 1층 (괘법동)",128.9824301,35.1661174
우리행복요양병원,요양병원,부산,210013,부산연제구,"부산광역시 연제구 과정로 130, (연산동, 1층(일부제외)∼8층)",129.107458,35.1830486
우리홈치과의원,치과의원,부산,210013,부산연제구,"부산광역시 연제구 반송로 89, 4층 401호 (연산동)",129.0882978,35.1915381
우비뇨기과의원,의원,부산,210004,부산진구,"부산광역시 부산진구 가야대로 769, (부전동)",129.0557793,35.1580057
우상우한의원,한의원,부산,210014,부산수영구,"부산광역시 수영구 남천동로10번길 45, 1층 (남천동)",129.1084099,35.1412329
우석치과의원,치과의원,부산,210010,부산사하구,"부산광역시 사하구 장림번영로 38-1, 4층 401호 (장림동)",128.9695072,35.0805232
우성한의원,한의원,부산,210015,부산사상구,"부산광역시 사상구 광장로 22, (괘법동)",128.978921,35.1623739
우성한의원,한의원,부산,210010,부산사하구,"부산광역시 사하구 장림번영로 47, (장림동,2층)",128.9703806,35.0808025
우송한의원,한의원,부산,210011,부산금정구,"부산광역시 금정구 중앙대로 2095, (남산동)",129.0924096,35.2714136
우아한방병원,한방병원,부산,210012,부산강서구,"부산광역시 강서구 명지국제1로 25, 우진메디컬프라자 5층 (명지동)",128.9033501,35.0912878
우암치과의원,치과의원,부산,210001,부산남구,"부산광역시 남구 우암로 148, (우암동)",129.0804055,35.1234196
우일의원,의원,부산,210015,부산사상구,"부산광역시 사상구 백양대로 490, 106동 201호 (주례동, 동일1차아파트)",128.9988096,35.1534829
우재곤내과의원,의원,부산,210001,부산남구,"부산광역시 남구 수영로 21, 3층 (문현동)",129.0700536,35.1372814
우재한의원,한의원,부산,210011,부산금정구,"부산광역시 금정구 부곡로 112, (부곡동)",129.0920027,35.2258503
우정요양병원,요양병원,부산,210009,부산해운대구,"부산광역시 해운대구 좌동순환로 247, 2층, 6-9층 (좌동)",129.1811618,35.1737755
우정훈 정신건강의학과의원,의원,부산,210010,부산사하구,"부산광역시 사하구 낙동대로216번길 3, 1층 (괴정동, 신화프라자)",128.9927104,35.1005403
우주의원,의원,부산,210003,부산동래구,"부산광역시 동래구 충렬대로 259, 도운메디컬빌딩 6층 (낙민동)",129.0876941,35.2012313
우치과의원,치과의원,부산,210003,부산동래구,"부산광역시 동래구 금강공원로 11, 9층 (온천동)",129.0831827,35.2183355
우효경치과의원,치과의원,부산,210013,부산연제구,"부산광역시 연제구 과정로 106, 신협빌딩 2층 일부호 (연산동)",129.1073939,35.1808571
운곡한의원,한의원,부산,210003,부산동래구,"부산광역시 동래구 동래로 17, (온천동)",129.0779351,35.2130526
운곡한의원,한의원,부산,210013,부산연제구,"부산광역시 연제구 중앙대로 1114, (연산동, 4층 일부)",129.0816702,35.1870461
웅진한의원,한의원,부산,210013,부산연제구,"부산광역시 연제구 월드컵대로 22, (연산동)",129.0861057,35.1766302
워너비라인의원,의원,부산,210004,부산진구,"부산광역시 부산진구 서면로 66, 2층 (부전동)",129.0580143,35.1566177
워너비치과의원,치과의원,부산,210004,부산진구,"부산광역시 부산진구 부전로66번길 34, 5층 (부전동)",129.0565417,35.1557462
워싱턴치과의원,치과의원,부산,210013,부산연제구,"부산광역시 연제구 월드컵대로 124, 8층 (연산동)",129.0824137,35.1853549
워크재활병원,병원,부산,210003,부산동래구,"부산광역시 동래구 충렬대로 379, (안락동)",129.1000578,35.1976876
원광메디칼영상의학과내과의원,의원,부산,210004,부산진구,"부산광역시 부산진구 가야대로 767-1, (부전동)",129.0556427,35.1580254
원내과의원,의원,부산,210009,부산해운대구,"부산광역시 해운대구 재반로63번길 32, 2~3층 (재송동)",129.1254808,35.1849885
원뉴마내과의원,의원,부산,210013,부산연제구,"부산광역시 연제구 중앙대로 1111, 4층 (연산동)",129.0811097,35.1867689
원마취통증의학과의원,의원,부산,210010,부산사하구,"부산광역시 사하구 낙동대로 213, 6층 (괴정동)",128.993539,35.0999895
원성효비뇨기과의원,의원,부산,210004,부산진구,"부산광역시 부산진구 중앙대로 745, 2층 (부전동)",129.059962,35.1591837
원영상의학과의원(The One MRI Clinic),의원,부산,210009,부산해운대구,"부산광역시 해운대구 센텀2로 25, 401호 (우동, 센텀드림월드)",129.132947,35.1669544
원이비인후과의원,의원,부산,210011,부산금정구,"부산광역시 금정구 금정로 151-1, 거성빌딩 2,3층 (장전동)",129.0876868,35.2382381
원창한의원,한의원,부산,210014,부산수영구,"부산광역시 수영구 호암로29번길 45, 2층 (광안동)",129.1104364,35.1547918
원클리닉의원,의원,부산,210004,부산진구,"부산광역시 부산진구 가야대로 785, 6층 (부전동)",129.0574677,35.1581247
원탑이비인후과의원,의원,부산,210100,부산기장군,"부산광역시 기장군 정관읍 정관로 560, 마치빌딩 405호",129.1750986,35.321356
원플란트치과의원,치과의원,부산,210014,부산수영구,"부산광역시 수영구 과정로 63, 3층 (망미동)",129.1070626,35.1770559
원플러스비뇨의학과의원,의원,부산,210004,부산진구,"부산광역시 부산진구 가야대로784번길 27, 6층 (부전동)",129.0573721,35.1562479
원하트김동수내과의원,의원,부산,210004,부산진구,"부산광역시 부산진구 가야대로 494, 대도빌딩 6층 (개금동)",129.0261687,35.1528239
원회춘한의원,한의원,부산,210007,부산영도구,"부산광역시 영도구 태종로 125-2, (영선동1가)",129.0436674,35.0913298
월드부산의원,의원,부산,210003,부산동래구,"부산광역시 동래구 충렬대로237번길 88, (복천동)",129.0843117,35.2051655
월드치과의원,치과의원,부산,210003,부산동래구,"부산광역시 동래구 충렬대로 284, 5층 (낙민동)",129.089825,35.2001203
월드치과의원,치과의원,부산,210009,부산해운대구,"부산광역시 해운대구 좌동순환로 173, 602호 (좌동, 월드프라자)",129.1752749,35.1781714
월드치과의원,치과의원,부산,210100,부산기장군,"부산광역시 기장군 기장읍 읍내로 96, 인제빌딩 5층",129.2147542,35.2449524
월드치과의원,치과의원,부산,210014,부산수영구,"부산광역시 수영구 수영로 669, 5층 (광안동, 신세계메디칼)",129.1145154,35.1655671
월드치과의원,치과의원,부산,210004,부산진구,"부산광역시 부산진구 서면로 59, 5층 (부전동)",129.0575468,35.1560117
월드치과의원,치과의원,부산,210013,부산연제구,"부산광역시 연제구 월드컵대로 153, 7층 (연산동)",129.0793875,35.1866028
월해한의원,한의원,부산,210004,부산진구,"부산광역시 부산진구 연수로 14, (양정동)",129.0728327,35.1733742
월화수목금정형외과의원,의원,부산,210008,부산중구,"부산광역시 중구 중앙대로 85, 2, 3층 (중앙동4가)",129.0359265,35.1052911
웨이브치과의원,치과의원,부산,210009,부산해운대구,"부산광역시 해운대구 재반로 80-1, 3층 (재송동)",129.125857,35.1858169
웰니스병원,병원,부산,210013,부산연제구,"부산광역시 연제구 반송로 52, (연산동)",129.0858962,35.1890247
웰니스한의원,한의원,부산,210009,부산해운대구,"부산광역시 해운대구 재반로 150, (재송동,반도스카이5층)",129.1282604,35.1912677
웰빙플러스의원,의원,부산,210003,부산동래구,"부산광역시 동래구 중앙대로 1523, (온천동, SKHUBSKY)",129.0855308,35.2208431
웰소아청소년과이비인후과의원,의원,부산,210005,부산북구,"부산광역시 북구 만덕1로 26, 중앙빌딩 2층 (만덕동)",129.0347716,35.2144302
웰재활의학과의원,의원,부산,210009,부산해운대구,"부산광역시 해운대구 재반로 116, 6층 (재송동, 일창빌딩)",129.1268114,35.1886612
웰컴치과의원,치과의원,부산,210014,부산수영구,"부산광역시 수영구 수영로 410, (남천동)",129.1087622,35.1424766
웰컴치과의원,치과의원,부산,210011,부산금정구,"부산광역시 금정구 장전로 10, 3층 (장전동)",129.0876258,35.2278296
웰컴치과의원,치과의원,부산,210008,부산중구,"부산광역시 중구 구덕로 90, (남포동6가)",129.0260148,35.0975764
웰컴치과의원,치과의원,부산,210004,부산진구,"부산광역시 부산진구 서면로 73, 3층 (부전동)",129.0575184,35.1572477
웰하이여성아동병원,병원,부산,210012,부산강서구,"부산광역시 강서구 명지오션시티4로 95, 2~8, 10층 일부호 (명지동)",128.9039488,35.0804516
위강한의원,한의원,부산,210004,부산진구,"부산광역시 부산진구 가야대로 785, 성영빌딩 13층 1302호 (부전동)",129.0574677,35.1581247
위강한의원,한의원,부산,210009,부산해운대구,"부산광역시 해운대구 좌동순환로 505, 센트럴메디타워 3층 301호 (중동)",129.1682073,35.165667
위너성형외과의원,의원,부산,210004,부산진구,"부산광역시 부산진구 가야대로 784, 10층 (부전동)",129.0574092,35.1573307
위너한의원,한의원,부산,210004,부산진구,"부산광역시 부산진구 중앙대로 711, 7층 (부전동)",129.0587795,35.1563418
위담한의원,한의원,부산,210004,부산진구,"부산광역시 부산진구 서면로 62-1, 13층 (부전동)",129.058046,35.1563164
위대한내과의원,의원,부산,210014,부산수영구,"부산광역시 수영구 수영로 586, 3층 (광안동)",129.1135557,35.1578877
위대한의원,의원,부산,210001,부산남구,"부산광역시 남구 용호로 91, (용호동)",129.1127514,35.1240449
위대항병원,병원,부산,210001,부산남구,"부산광역시 남구 수영로 241, (대연동)",129.0929573,35.1353763
위더스예쁜이치과의원,치과의원,부산,210011,부산금정구,"부산광역시 금정구 금정로233번길 85, 3층 (구서동)",129.0910976,35.2484595
위드맘유갑외과의원,의원,부산,210010,부산사하구,"부산광역시 사하구 낙동남로 1392, 2,6층 (하단동)",128.9638445,35.1058699
위드미치과의원,치과의원,부산,210014,부산수영구,"부산광역시 수영구 수영로 586, 10층 (광안동)",129.1135557,35.1578877
위드스마일치과의원,치과의원,부산,210003,부산동래구,"부산광역시 동래구 충렬대로 157, 2층 (온천동)",129.0774854,35.2049376
위드유이비인후과의원,의원,부산,210011,부산금정구,"부산광역시 금정구 중앙대로 2101, 201호 (남산동)",129.0923607,35.271885
위드치과의원,치과의원,부산,210004,부산진구,"부산광역시 부산진구 중앙대로 675, (부전동)",129.0588361,35.15295
위아더성형외과의원,의원,부산,210009,부산해운대구,"부산광역시 해운대구 해운대로 415, 9층 (우동)",129.1411817,35.1669113
위아래내과의원,의원,부산,210010,부산사하구,"부산광역시 사하구 다대로 425, 5층 (다대동)",128.9799959,35.0649795
위앤대우리큰내과의원,의원,부산,210012,부산강서구,"부산광역시 강서구 명지오션시티11로 66, (명지동, G타워5층 501호)",128.9031455,35.0840394
위앤장내과의원,의원,부산,210009,부산해운대구,"부산광역시 해운대구 양운로 82, 해운대화인크리닉센타 10층 (좌동)",129.1755732,35.1704651
위재운이비인후과의원,의원,부산,210013,부산연제구,"부산광역시 연제구 아시아드대로 94, 3층 (거제동)",129.0674874,35.1929621
위튼한의원,한의원,부산,210003,부산동래구,"부산광역시 동래구 중앙대로 1319, (온천동)",129.0776561,35.2050513
윌리스요양병원,요양병원,부산,210001,부산남구,"부산광역시 남구 수영로 185-7, (대연동)",129.0865786,35.1353207
유경희소아청소년과의원,의원,부산,210013,부산연제구,"부산광역시 연제구 고분로 25-1, (연산동)",129.0853434,35.1858411
유니온치과의원,치과의원,부산,210008,부산중구,"부산광역시 중구 중앙대로 24, (중앙동6가)",129.0370005,35.0996966
유니온피부과의원,의원,부산,210014,부산수영구,"부산광역시 수영구 수영로 386-1, (남천동)",129.1071528,35.1409233
유담치과의원,치과의원,부산,210100,부산기장군,"부산광역시 기장군 기장읍 읍내로 111, 2층",129.2164832,35.2452788
유당한의원,한의원,부산,210003,부산동래구,"부산광역시 동래구 동래로 3, 2층 (온천동)",129.0771604,35.2139534
유대우외과의원,의원,부산,210014,부산수영구,"부산광역시 수영구 수영로 577, 6층 (광안동)",129.1127221,35.157337
유동욱한의원,한의원,부산,210001,부산남구,"부산광역시 남구 유엔로201번길 86, (대연동)",129.0982799,35.1340042
유디남포치과의원,치과의원,부산,210008,부산중구,"부산광역시 중구 구덕로 74-1, 2,4,5층 (남포동6가)",129.0275227,35.097863
유디동래치과의원,치과의원,부산,210003,부산동래구,"부산광역시 동래구 충렬대로 256, 이수빌딩 3,4층 (낙민동)",129.0871695,35.2008658
유디치과의원,치과의원,부산,210010,부산사하구,"부산광역시 사하구 하신중앙로 336, 2층 (하단동)",128.9670587,35.1052426
유디치과의원,치과의원,부산,210004,부산진구,"부산광역시 부산진구 중앙대로 724, (부전동)",129.0599666,35.157246
유디해운대치과의원,치과의원,부산,210009,부산해운대구,"부산광역시 해운대구 해운대해변로298번길 24, (중동, 팔레드시즈 22,23,25,26)",129.1662713,35.1601998
유디화명치과의원,치과의원,부산,210005,부산북구,"부산광역시 북구 금곡대로 312, 3층 (화명동)",129.0143496,35.2359746
유로멘즈남성의원,의원,부산,210004,부산진구,"부산광역시 부산진구 가야대로 783, 8층 (부전동)",129.0572367,35.15799
유로진남성의원,의원,부산,210004,부산진구,"부산광역시 부산진구 서면로 74, 아이온시티빌딩 7층 702호 (부전동)",129.0581339,35.1570677
유림한의원,한의원,부산,210010,부산사하구,"부산광역시 사하구 낙동대로 410, 1층 일부 (당리동)",128.9735644,35.1038979
유림한의원,한의원,부산,210002,부산동구,"부산광역시 동구 초량중로 117, (초량동)",129.0407571,35.122044
유림한의원,한의원,부산,210009,부산해운대구,"부산광역시 해운대구 아랫반송로26번길 33, 2층 (반송동)",129.1476515,35.2249466
유마비엔디의원,의원,부산,210014,부산수영구,"부산광역시 수영구 수영로 710-1, 프라임메디컬 빌딩 6층 (광안동)",129.1172176,35.1677173
유맥외과의원,의원,부산,210014,부산수영구,"부산광역시 수영구 수영로 654, 5층 (광안동)",129.1147319,35.1640098
유바외과의원,의원,부산,210013,부산연제구,"부산광역시 연제구 월드컵대로 197, (거제동)",129.0749805,35.1878526
유박의원,의원,부산,210009,부산해운대구,"부산광역시 해운대구 센텀2로 25, 402호 (우동)",129.132947,35.1669544
유상열치과의원,치과의원,부산,210013,부산연제구,"부산광역시 연제구 거제대로 148, 2층 (거제동)",129.070069,35.1816679
유상한의원,한의원,부산,210009,부산해운대구,"부산광역시 해운대구 달맞이길65번길 15, 201호 (중동, 협진상가)",129.1730295,35.1613617
유성종성형외과의원,의원,부산,210014,부산수영구,"부산광역시 수영구 수영로 384, (남천동)",129.1069632,35.1407825
유솜마취통증의학과의원,의원,부산,210001,부산남구,"부산광역시 남구 수영로 260, 제1동 7층 711,712호 (대연동)",129.0952329,35.1351378
유심한의원,한의원,부산,210001,부산남구,"부산광역시 남구 전포대로 90, 3층 (문현동)",129.0671141,35.1447771
유앤갑외과의원,의원,부산,210010,부산사하구,"부산광역시 사하구 낙동남로 1417, 10층 (하단동)",128.9666289,35.1065996
유앤밸런스소아청소년과의원,의원,부산,210009,부산해운대구,"부산광역시 해운대구 좌동로 88, 울트라타워 10층 (좌동)",129.174951,35.1719523
유앤아이의원,의원,부산,210004,부산진구,"부산광역시 부산진구 중앙대로 677, 파고다 아카데미 5층 (부전동)",129.0588376,35.1531245
유앤아이치과병원,치과병원,부산,210013,부산연제구,"부산광역시 연제구 중앙대로 1090, 701호 (연산동)",129.0810539,35.184791
유앤아이치과의원,치과의원,부산,210001,부산남구,"부산광역시 남구 수영로 33, (문현동)",129.0716377,35.1371741
유앤아이치과의원,치과의원,부산,210002,부산동구,"부산광역시 동구 범일로 97, 7층 (범일동)",129.0590276,35.1386663
유앤아이치과의원,치과의원,부산,210014,부산수영구,"부산광역시 수영구 수영로 711, 3층 (수영동)",129.1172252,35.1682815
유앤아이치과의원,치과의원,부산,210004,부산진구,"부산광역시 부산진구 서면로 64, 5층 (부전동)",129.0580718,35.1564715
유어스치과의원,치과의원,부산,210010,부산사하구,"부산광역시 사하구 낙동대로 453, 4층 (하단동)",128.9689269,35.1052342
유에스씨서영익정신건강의학과의원,의원,부산,210013,부산연제구,"부산광역시 연제구 월드컵대로 121, 5층 (연산동)",129.0819739,35.1849969
유엘치과의원,치과의원,부산,210014,부산수영구,"부산광역시 수영구 수영로 466, 3층 (남천동, 도원빌딩)",129.1105636,35.1474094
유재덕의원,의원,부산,210001,부산남구,"부산광역시 남구 고동골로 80, (문현동)",129.0716207,35.1440753
유재민마취통증의학과의원,의원,부산,210014,부산수영구,"부산광역시 수영구 수영로 382, 2층 (남천동)",129.1067575,35.1406244
유재상내과의원,의원,부산,210009,부산해운대구,"부산광역시 해운대구 아랫반송로21번길 26, (반송동)",129.1486075,35.2259981
유재현치과의원,치과의원,부산,210006,부산서구,"부산광역시 서구 구덕로 293, 203,204,205동 (서대신동2가, 희망센츄럴타운)",129.0173403,35.1102181
유정의원,의원,부산,210009,부산해운대구,"부산광역시 해운대구 송정중앙로 25, 2층 (송정동)",129.2035233,35.1828305
유진치과의원,치과의원,부산,210004,부산진구,"부산광역시 부산진구 가야대로 600, 3층 (가야동)",129.0375067,35.1546266
유진한의원,한의원,부산,210010,부산사하구,"부산광역시 사하구 낙동대로 201, 2층 (괴정동)",128.994931,35.1004439
유진한의원,한의원,부산,210009,부산해운대구,"부산광역시 해운대구 중동1로 33-1, 2층 (중동)",129.1632532,35.1625515
유창현외과의원,의원,부산,210100,부산기장군,"부산광역시 기장군 일광읍 이화로 156, 지하1층, 지상1,2,3층",129.232208,35.2786377
유치과의원,치과의원,부산,210005,부산북구,"부산광역시 북구 덕천로 299, 401호 (만덕동, 동원빌딩)",129.0365451,35.2097496
유케이성형외과의원,의원,부산,210009,부산해운대구,"부산광역시 해운대구 해운대로 365, 6층 (우동)",129.1374368,35.1704318
유피성형외과의원,의원,부산,210009,부산해운대구,"부산광역시 해운대구 세실로 75, 일진빌딩 502호 (좌동)",129.1767685,35.1712912
육육치과의원,치과의원,부산,210003,부산동래구,"부산광역시 동래구 중앙대로 1523, SKHUBSKY 2층 일부호 (온천동)",129.0855308,35.2208431
윤결의원,의원,부산,210003,부산동래구,"부산광역시 동래구 사직북로 6, 5층 (사직동)",129.0609901,35.1965299
윤경규치과의원,치과의원,부산,210014,부산수영구,"부산광역시 수영구 수영로 520, (광안동)",129.1119319,35.1521705
윤곽성형외과의원,의원,부산,210004,부산진구,"부산광역시 부산진구 중앙대로691번길 9, 5층 (부전동)",129.058543,35.1543542
윤내과의원,의원,부산,210004,부산진구,"부산광역시 부산진구 새싹로 150, (연지동)",129.0504191,35.1695243
윤동주성형외과의원,의원,부산,210004,부산진구,"부산광역시 부산진구 중앙대로 700, 5층 (부전동, 고려빌딩)",129.059521,35.1552532
윤명순내과의원,의원,부산,210002,부산동구,"부산광역시 동구 중앙대로 371, 2층 (수정동)",129.0484262,35.1287466
윤병용이비인후과의원,의원,부산,210005,부산북구,"부산광역시 북구 만덕대로 15, 3층 (덕천동)",129.006706,35.2107268
윤상경소아청소년과의원,의원,부산,210015,부산사상구,"부산광역시 사상구 백양대로 888, (모라동)",128.9913221,35.1857097
윤성식이비인후과의원,의원,부산,210001,부산남구,"부산광역시 남구 용호로 147, (용호동)",129.1121008,35.119091
윤성욱정신건강의학과의원,의원,부산,210100,부산기장군,"부산광역시 기장군 기장읍 차성동로 63, 5층",129.2162786,35.2434227
윤성준내과의원,의원,부산,210009,부산해운대구,"부산광역시 해운대구 청사포로 16, (좌동, 락희상가 301호)",129.1837505,35.1662548
윤영소아청소년과의원,의원,부산,210013,부산연제구,"부산광역시 연제구 과정로 102, 5층 (연산동)",129.1073475,35.1805536
윤욱돈내과의원,의원,부산,210004,부산진구,"부산광역시 부산진구 새싹로 146, (연지동)",129.0504778,35.1692945
윤이비인후과의원,의원,부산,210002,부산동구,"부산광역시 동구 중앙대로 365, 부산일보 2층 (수정동)",129.0480043,35.1285356
윤이비인후과의원,의원,부산,210011,부산금정구,"부산광역시 금정구 서동로 159, 2층 (서동)",129.1040992,35.2148383
윤재웅신경외과의원,의원,부산,210003,부산동래구,"부산광역시 동래구 반송로 325, (명장동)",129.103197,35.2085278
윤정신건강의학과의원,의원,부산,210011,부산금정구,"부산광역시 금정구 중앙대로 1943, 9층 (구서동, 첨단빌딩)",129.0910815,35.25789
윤제한의원,한의원,부산,210004,부산진구,"부산광역시 부산진구 연수로11번길 19-5, 1층 (양정동)",129.0727292,35.1741653
윤종주정형외과.조현정내과의원,의원,부산,210010,부산사하구,"부산광역시 사하구 낙동남로 1417, 3,4층 (하단동)",128.9666316,35.1065604
윤준호이비인후과의원,의원,부산,210013,부산연제구,"부산광역시 연제구 과정로 102, 2층 (연산동)",129.1073475,35.1805536
윤진태치과의원,치과의원,부산,210013,부산연제구,"부산광역시 연제구 중앙대로 1067-1, 2층 (연산동)",129.0792634,35.1835467
윤치과의원,치과의원,부산,210010,부산사하구,"부산광역시 사하구 신산로 197, 3층 (신평동)",128.9767562,35.0898413
윤치과의원,치과의원,부산,210011,부산금정구,"부산광역시 금정구 부곡로 112, 2층 (부곡동)",129.0920027,35.2258503
윤치과의원,치과의원,부산,210001,부산남구,"부산광역시 남구 고동골로78번길 12, 3층 (문현동)",129.0720402,35.1437917
윤치과의원,치과의원,부산,210009,부산해운대구,"부산광역시 해운대구 해운대로 652, 1층 (우동)",129.1618749,35.1650706
윤치과의원,치과의원,부산,210004,부산진구,"부산광역시 부산진구 새싹로 208, 3층 일부층 (초읍동)",129.0491503,35.174648
윤태호정신건강의학과의원,의원,부산,210005,부산북구,"부산광역시 북구 만덕대로 14, 7층 (덕천동)",129.0067235,35.2102083
윤혁진내과의원,의원,부산,210014,부산수영구,"부산광역시 수영구 수영로 410, 301호 (남천동, 정암빌딩)",129.1087622,35.1424766
윤현기정형외과의원,의원,부산,210001,부산남구,"부산광역시 남구 고동골로 16, (문현동)",129.0713249,35.1383417
윤혜리한의원,한의원,부산,210012,부산강서구,"부산광역시 강서구 명지오션시티11로 74, (명지동, 명지오션타워202호)",128.9040357,35.0840454
율곡정신건강의학과의원,의원,부산,210013,부산연제구,"부산광역시 연제구 중앙대로 1135, 9층 (연산동, 해성빌딩)",129.0806016,35.1889513
율리프라임치과의원,치과의원,부산,210005,부산북구,"부산광역시 북구 금곡대로 432, 3층 (금곡동)",129.0131738,35.2469749
율리한의원,한의원,부산,210005,부산북구,"부산광역시 북구 금곡대로 432, 2층 (금곡동)",129.0131738,35.2469749
율한의원,한의원,부산,210100,부산기장군,"부산광역시 기장군 정관면 정관4로 42, ()",129.1712612,35.3262633
으뜸24정형외과의원,의원,부산,210010,부산사하구,"부산광역시 사하구 낙동대로 428, (당리동)",128.9717099,35.1045668
으뜸요양병원,요양병원,부산,210003,부산동래구,"부산광역시 동래구 충렬대로 120, (온천동)",129.0734809,35.206008
으뜸치과의원,치과의원,부산,210003,부산동래구,"부산광역시 동래구 충렬대로155번길 19, 3층 302호 (온천동)",129.0770949,35.2057897
으뜸한의원,한의원,부산,210010,부산사하구,"부산광역시 사하구 다대로277번길 3, 2층 (장림동)",128.9776166,35.0776825
은정한의원,한의원,부산,210002,부산동구,"부산광역시 동구 중앙대로 539, 2층 201호, 202호, 203호 (범일동, 서면 베스티움 더 시티)",129.0560374,35.1412847
은행나무내과의원,의원,부산,210006,부산서구,"부산광역시 서구 구덕로 317-1, 2층 (서대신동2가, 삼흥빌딩)",129.0164553,35.1122395
은행나무한의원,한의원,부산,210015,부산사상구,"부산광역시 사상구 엄궁로203번길 40, 2층 (엄궁동, 송학빌딩)",128.971823,35.1288889
은행나무한의원,한의원,부산,210005,부산북구,"부산광역시 북구 은행나무로 4, 2층 (만덕동)",129.0373158,35.2091126
은행나무한의원,한의원,부산,210001,부산남구,"부산광역시 남구 수영로 200, (대연동, 2층)",129.0884393,35.1347012
은혜한의원,한의원,부산,210007,부산영도구,"부산광역시 영도구 절영로 560, (동삼동)",129.0723788,35.0757829
의)은성의료재단 좋은애인요양병원,요양병원,부산,210003,부산동래구,"부산광역시 동래구 충렬대로359번길 8, 좋은애인요양병원 지하2~지상8층 (안락동)",129.0985742,35.1982816
의)청십자의료재단 행복한병원,병원,부산,210004,부산진구,"부산광역시 부산진구 봉수로 18, 지상 1층 일부, 2층 일부, 3층 일부 (전포동)",129.0700475,35.1497852
의료법인 갑을의료재단 갑을녹산병원,병원,부산,210012,부산강서구,"부산광역시 강서구 녹산산단321로 24-8, (송정동)",128.8533297,35.0905709
의료법인 강혜의료재단 사랑의요양병원,요양병원,부산,210015,부산사상구,"부산광역시 사상구 대동로 2, 사랑의요양병원 본관 2~10층 (엄궁동)",128.9727544,35.1316291
의료법인 강혜의료재단 온천사랑의요양병원,요양병원,부산,210003,부산동래구,"부산광역시 동래구 금강공원로 40, (온천동)",129.0802116,35.2191356
의료법인 광혜의료재단 광혜병원,종합병원,부산,210003,부산동래구,"부산광역시 동래구 충렬대로 96, (온천동, 광혜병원)",129.0711482,35.2070105
의료법인 굿타임의료재단 타임요양병원,요양병원,부산,210010,부산사하구,"부산광역시 사하구 다대로 607, (다대동)",128.9712974,35.0521422
의료법인 길정의료재단 길정병원,정신병원,부산,210015,부산사상구,"부산광역시 사상구 학감대로39번길 116, (학장동, A동 지하1~ 지상4층, B동 지상1~2층, D동 지상1~지상4층)",128.99575,35.132207
의료법인 길정의료재단 대남병원,정신병원,부산,210015,부산사상구,"부산광역시 사상구 학감대로39번길 116, (학장동)",128.99575,35.132207
의료법인 나라의료재단 스마트나라요양병원,요양병원,부산,210015,부산사상구,"부산광역시 사상구 낙동대로 1026, (감전동)",128.9729491,35.1516516
의료법인 노송의료재단 시티요양병원,요양병원,부산,210015,부산사상구,"부산광역시 사상구 백양대로907번길 11-11, (모라동)",128.9900486,35.1873315
의료법인 다정의료재단 금산요양병원,요양병원,부산,210013,부산연제구,"부산광역시 연제구 중앙대로 1078, (연산동)",129.0805408,35.1839834
의료법인 동영의료재단 상록병원,정신병원,부산,210003,부산동래구,"부산광역시 동래구 충렬대로 426, (안락동)",129.1048824,35.1962377
의료법인 동일의료재단 금정나라요양병원,요양병원,부산,210011,부산금정구,"부산광역시 금정구 무학송로 143, (부곡동)",129.0938258,35.2439302
의료법인 사랑나눔의료재단 에보스요양병원,요양병원,부산,210004,부산진구,"부산광역시 부산진구 동천로107번길 8, (부전동)",129.0617801,35.1584338
의료법인 삼세의료재단 삼세한방병원,한방병원,부산,210011,부산금정구,"부산광역시 금정구 중앙대로 1580, (부곡동)",129.0894164,35.2255952
의료법인 상원의료재단 부산힘찬병원,병원,부산,210003,부산동래구,"부산광역시 동래구 충렬대로 255, (수안동)",129.087187,35.2014289
의료법인 서원의료재단 감로수요양병원,요양병원,부산,210015,부산사상구,"부산광역시 사상구 덕상로 116-38, (모라동)",128.992465,35.1817016
의료법인 성원의료재단 감천참편한요양병원,요양병원,부산,210010,부산사하구,"부산광역시 사하구 감천로 125, (감천동, 우리빌딩)",129.005608,35.0876923
의료법인 성원의료재단 영도참편한 요양병원,요양병원,부산,210007,부산영도구,"부산광역시 영도구 동삼서로 21, (동삼동, 영도참편한요양병원)",129.0686962,35.0808554
의료법인 성은의료재단 연산요양병원,요양병원,부산,210013,부산연제구,"부산광역시 연제구 배산북로 50, (연산동, C동 1~6층(일부 제외))",129.094698,35.1783372
의료법인 센텀의료재단 센텀종합병원,종합병원,부산,210014,부산수영구,"부산광역시 수영구 수영로679번길 8, (광안동)",129.1144194,35.1668299
의료법인 소명의료재단 힐링한의원,한의원,부산,210007,부산영도구,"부산광역시 영도구 절영로7번길 72, (봉래동3가)",129.043985,35.0921153
의료법인 신생의료재단 센트럴병원,병원,부산,210005,부산북구,"부산광역시 북구 만덕대로 37, (덕천동)",129.0090811,35.2113366
의료법인 신암의료재단 제일요양병원,요양병원,부산,210010,부산사하구,"부산광역시 사하구 동매로44번길 8, (하단동)",128.9631225,35.1028686
의료법인 연송의료재단 제2신창요양병원,요양병원,부산,210010,부산사하구,"부산광역시 사하구 비봉로 80, (신평동)",128.9630394,35.0988244
의료법인 열린의료재단 해운대열린의원,의원,부산,210009,부산해운대구,"부산광역시 해운대구 마린시티3로 1, 316-320호 (우동, 썬프라자)",129.1475625,35.1580154
의료법인 영신의료재단 동래유유요양병원,요양병원,부산,210003,부산동래구,"부산광역시 동래구 금강로 64, (온천동)",129.077549,35.2149053
의료법인 영재의료재단 큰솔2병원,병원,부산,210015,부산사상구,"부산광역시 사상구 학장로 189, (학장동)",128.987223,35.1436636
의료법인 영파의료재단 규림요양병원,요양병원,부산,210011,부산금정구,"부산광역시 금정구 금샘로 59, (장전동)",129.0759887,35.2307264
의료법인 온그룹의료재단 온병원,종합병원,부산,210004,부산진구,"부산광역시 부산진구 가야대로 719, ,767,721,본관 지하3~11층 전부,12층 일부,13~14층 전부,15층 일부,신관 1층, 9층 일부 (당감동)",129.0504284,35.1574359
의료법인 온그룹의료재단 온요양병원,요양병원,부산,210004,부산진구,"부산광역시 부산진구 가야대로 721, 신관 8층 일부, 9~14층 전부, 15층 일부, 16층 전부, 본관 12층 일부 (당감동)",129.0499565,35.1578994
의료법인 온의료재단 신세계요양병원,요양병원,부산,210003,부산동래구,"부산광역시 동래구 온천장로 40, (온천동)",129.0797099,35.2156776
의료법인 윤재의료재단 금강요양병원,요양병원,부산,210003,부산동래구,"부산광역시 동래구 금강공원로 32, (온천동)",129.081093,35.2191798
의료법인 윤재의료재단 금정요양병원,요양병원,부산,210003,부산동래구,"부산광역시 동래구 금강로 141, (온천동)",129.0805399,35.2213128
의료법인 은빛의료재단 세하병원,병원,부산,210003,부산동래구,"부산광역시 동래구 충렬대로 258, 2층 일부, 4-5층 (낙민동)",129.0873078,35.2007335
의료법인 은빛의료재단 참사랑요양병원,요양병원,부산,210003,부산동래구,"부산광역시 동래구 충렬대로 258, (낙민동)",129.0873078,35.2007335
의료법인 은성의료재단 좋은강안병원,종합병원,부산,210014,부산수영구,"부산광역시 수영구 수영로 493, (남천동)",129.1106218,35.1500685
의료법인 은성의료재단 좋은리버뷰요양병원,요양병원,부산,210005,부산북구,"부산광역시 북구 금곡대로 586, (금곡동)",129.0137969,35.2595976
의료법인 은성의료재단 좋은부산요양병원,요양병원,부산,210015,부산사상구,"부산광역시 사상구 학감대로39번길 67, (학장동)",128.996512,35.133499
의료법인 은성의료재단 좋은주례요양병원,요양병원,부산,210015,부산사상구,"부산광역시 사상구 가야대로 264, (주례동)",129.0014726,35.1500632
의료법인 인당의료재단 구포부민병원,병원,부산,210005,부산북구,"부산광역시 북구 사상로 607, (구포동)",128.9904573,35.1983115
의료법인 인당의료재단 부민병원,종합병원,부산,210005,부산북구,"부산광역시 북구 만덕대로 59, (덕천동)",129.0112115,35.2119276
의료법인 인당의료재단 해운대부민병원,종합병원,부산,210009,부산해운대구,"부산광역시 해운대구 해운대로 584, (우동)",129.1556545,35.1614208
의료법인 일혜의료재단 행복한요양병원,요양병원,부산,210007,부산영도구,"부산광역시 영도구 태종로372번길 41, (청학동)",129.0637402,35.0920426
의료법인 장수의료재단 동래요양병원,요양병원,부산,210003,부산동래구,"부산광역시 동래구 명륜로 147, (명륜동)",129.0817587,35.2069388
의료법인 주현의료재단 사상중앙요양병원,요양병원,부산,210015,부산사상구,"부산광역시 사상구 삼덕로5번길 85, (삼락동, 지하1층~지상4층)",128.9782163,35.1784013
의료법인 진연의료재단 감천문화요양병원,요양병원,부산,210010,부산사하구,"부산광역시 사하구 옥천로 38, (감천동)",129.0067617,35.0903872
의료법인 참사람의료재단 금곡효요양병원,요양병원,부산,210005,부산북구,"부산광역시 북구 금곡대로 458, 6층 (금곡동, 금곡월드프라자)",129.0132941,35.249122
의료법인 천지의료재단 금샘요양병원,요양병원,부산,210011,부산금정구,"부산광역시 금정구 남산냇길 111, (청룡동)",129.0882819,35.2768485
의료법인 청림의료재단 온천요양병원,요양병원,부산,210011,부산금정구,"부산광역시 금정구 부곡로 36, 2-4층 (부곡동, 애플타워)",129.0883281,35.2199193
의료법인 청송의료재단 해뜨락요양병원,요양병원,부산,210005,부산북구,"부산광역시 북구 덕천로381번길 9-3, (만덕동)",129.0446915,35.2104385
의료법인 파란시티의료재단 부산항운병원,병원,부산,210003,부산동래구,"부산광역시 동래구 충렬대로348번길 1, (안락동)",129.0963755,35.1975299
의료법인 패밀리의료재단 만덕힐요양병원,요양병원,부산,210005,부산북구,"부산광역시 북구 만덕고개길 60-12, (만덕동)",129.0466489,35.21249
의료법인 한세의료재단 한세병원,병원,부산,210009,부산해운대구,"부산광역시 해운대구 세실로 31, 대승프라임 6층 (좌동)",129.179072,35.1678345
의료법인 한세의료재단 효은요양병원,요양병원,부산,210009,부산해운대구,"부산광역시 해운대구 달맞이길117번나길 24, (중동)",129.1808924,35.158238
의료법인 해올의료재단 힐마루요양병원,요양병원,부산,210009,부산해운대구,"부산광역시 해운대구 달맞이길117번나길 174, (중동, 아식스신발연구소)",129.1852253,35.1640935
의료법인 행도의료재단 해동병원,종합병원,부산,210007,부산영도구,"부산광역시 영도구 태종로 133, (봉래동3가)",129.043866,35.0919442
의료법인 허명의료재단 구포일심요양병원,요양병원,부산,210005,부산북구,"부산광역시 북구 낙동대로 1678, (구포동)",128.9955156,35.2046381
의료법인 현대의료재단 라온제나한방병원,한방병원,부산,210010,부산사하구,"부산광역시 사하구 다대로 485, (다대동)",128.9760737,35.0613059
의료법인 현백의료재단 사상제일요양병원,요양병원,부산,210015,부산사상구,"부산광역시 사상구 사상로 280, (덕포동)",128.9827545,35.1697772
의료법인 황산의료재단 황산요양병원,요양병원,부산,210013,부산연제구,"부산광역시 연제구 쌍미천로84번길 37, (연산동)",129.0881416,35.1818788
의료법인 효원의료재단 주례자연병원,정신병원,부산,210015,부산사상구,"부산광역시 사상구 학장로 325, (주례동)",128.9996328,35.1495627
의료법인 희경의료재단 한국요양병원,요양병원,부산,210015,부산사상구,"부산광역시 사상구 광장로 33-33, (괘법동)",128.9804432,35.1633093
의료법인)제세의료재단 제세한의원,한의원,부산,210009,부산해운대구,"부산광역시 해운대구 해운대해변로 257, (우동, LG하버타운6층)",129.1595211,35.159687
의료법인강혜의료재단남천사랑의요양병원,요양병원,부산,210014,부산수영구,"부산광역시 수영구 수영로 456, (남천동)",129.1103244,35.146437
의료법인건강한사람들의료재단 프리마요양병원,요양병원,부산,210013,부산연제구,"부산광역시 연제구 고분로 4, (연산동)",129.0826874,35.185661
의료법인고려의료재단부산고려병원,병원,부산,210001,부산남구,"부산광역시 남구 수영로 238, (대연동)",129.092639,35.1348734
의료법인나눔의료재단 행림요양병원,요양병원,부산,210011,부산금정구,"부산광역시 금정구 중앙대로 1905, (구서동)",129.0910416,35.2544494
의료법인나라의료재단 드림나라병원,병원,부산,210013,부산연제구,"부산광역시 연제구 중앙대로 1175, (거제동)",129.0796919,35.1924743
의료법인나라의료재단 부산나라요양병원,요양병원,부산,210002,부산동구,"부산광역시 동구 중앙대로 421, (좌천동)",129.0518374,35.1322374
의료법인나라의료재단중앙나라요양병원,요양병원,부산,210008,부산중구,"부산광역시 중구 중앙대로 69, (중앙동3가)",129.035898,35.1038462
의료법인다평의료재단 센텀휴요양병원,요양병원,부산,210010,부산사하구,"부산광역시 사하구 다대로277번길 31, (장림동)",128.9789704,35.0769067
의료법인대성사랑의료재단 제일요양병원,요양병원,부산,210011,부산금정구,"부산광역시 금정구 서부로 56, (서동)",129.1009869,35.2182958
의료법인동일의료재단수영나라요양병원,요양병원,부산,210014,부산수영구,"부산광역시 수영구 연수로 404, (광안동)",129.1132968,35.1683349
의료법인마루의료재단 의왕요양병원,요양병원,부산,210010,부산사하구,"부산광역시 사하구 낙동대로 305, (괴정동)",128.9834801,35.0993512
의료법인마리아의료재단 마리아의원,의원,부산,210013,부산연제구,"부산광역시 연제구 월드컵대로 125, 7,8층 (연산동)",129.0818247,35.1852318
의료법인명은의료재단 명은병원,병원,부산,210013,부산연제구,"부산광역시 연제구 월드컵대로 184, 명은 병원 (거제동)",129.0766915,35.1881454
의료법인백세의료재단백세요양병원,요양병원,부산,210014,부산수영구,"부산광역시 수영구 광일로43번길 25, (광안동)",129.1092407,35.1614742
의료법인벧엘의료재단 부산정신병원,정신병원,부산,210010,부산사하구,"부산광역시 사하구 하신중앙로3번나길 10, (장림동, 부산정신병원)",128.9623279,35.0769853
의료법인뵈뵈의료재단복있는요양병원,요양병원,부산,210100,부산기장군,"부산광역시 기장군 기장읍 대변로 117-2, (기장읍)",129.225875,35.2279
의료법인삼광의료재단에스엠엘부산의원,의원,부산,210004,부산진구,"부산광역시 부산진구 전포대로 178, 6층, 7층 (전포동)",129.0657955,35.1523857
의료법인상봉의료재단 상봉요양병원,요양병원,부산,210004,부산진구,"부산광역시 부산진구 황령대로8번길 7, (범천동)",129.0607991,35.1473565
의료법인서강의료재단 서강병원,병원,부산,210002,부산동구,"부산광역시 동구 중앙대로 514, 2층3층 (범일동, 한성기린아파트)",129.0568585,35.1388001
의료법인선우의료재단  BHS동래한서요양병원,요양병원,부산,210011,부산금정구,"부산광역시 금정구 중앙대로 1721, (부곡동)",129.0919846,35.238198
의료법인성신의료재단 다대수병원,병원,부산,210010,부산사하구,"부산광역시 사하구 다대로 565, (다대동)",128.9708752,35.0559349
의료법인성진의료재단 동산요양병원,요양병원,부산,210010,부산사하구,"부산광역시 사하구 낙동대로216번길 10, (괴정동)",128.993158,35.1008523
의료법인세왕의료재단 세왕요양병원,요양병원,부산,210011,부산금정구,"부산광역시 금정구 식물원로9번길 37, (장전동)",129.0859483,35.2224958
의료법인센텀의료재단 서부산센텀병원,병원,부산,210015,부산사상구,"부산광역시 사상구 새벽로 226, (괘법동)",128.9845613,35.1612103
의료법인소맥의료재단 참상쾌한치과병원,치과병원,부산,210002,부산동구,"부산광역시 동구 중앙대로 241-241, (초량동)",129.0412037,35.1185678
의료법인소맥의료재단 참상쾌한치과의원,치과의원,부산,210002,부산동구,"부산광역시 동구 중앙대로 243-12, (초량동)",129.041494,35.1192593
의료법인송산의료재단 해양요양병원,요양병원,부산,210008,부산중구,"부산광역시 중구 광복로97번길 26-2, (동광동2가)",129.0348973,35.1009717
의료법인아너의료재단 아름다운강산병원,병원,부산,210011,부산금정구,"부산광역시 금정구 공단로 7, (금사동)",129.1099198,35.2162976
의료법인안심의료재단 안심요양병원,요양병원,부산,210013,부산연제구,"부산광역시 연제구 과정로 222, (연산동)",129.1030919,35.1882168
의료법인양경의료재단 중앙U병원,병원,부산,210010,부산사하구,"부산광역시 사하구 감천로 59, (감천동)",128.999001,35.0904003
의료법인에벤에셀의료재단 아름다운요양병원,요양병원,부산,210009,부산해운대구,"부산광역시 해운대구 해운대로61번길 47, (재송동)",129.1240795,35.193865
의료법인연송의료재단 신창요양병원,요양병원,부산,210008,부산중구,"부산광역시 중구 중앙대로 55, (중앙동2가)",129.0361076,35.1025744
의료법인열린의료재단 초록의원,의원,부산,210010,부산사하구,"부산광역시 사하구 낙동대로 230, 수민빌딩 4,5층 (괴정동)",128.9918245,35.1000238
의료법인영재의료재단 큰솔병원,병원,부산,210015,부산사상구,"부산광역시 사상구 대동로 141, (학장동)",128.9822913,35.1409207
의료법인영파의료재단 마음향기병원,정신병원,부산,210011,부산금정구,"부산광역시 금정구 금샘로 56, (장전동)",129.0770761,35.2306373
의료법인은경의료재단 인창대연요양병원,요양병원,부산,210001,부산남구,"부산광역시 남구 수영로 164, (대연동)",129.084594,35.1344941
의료법인은경의료재단 인창요양병원,요양병원,부산,210002,부산동구,"부산광역시 동구 중앙대로 281, (초량동)",129.0429353,35.1218671
의료법인은성의료재단좋은삼선병원,종합병원,부산,210015,부산사상구,"부산광역시 사상구 가야대로 326, 좋은삼선병원 (주례동)",129.0082462,35.1504161
의료법인은정의료재단 호산기독요양병원,요양병원,부산,210013,부산연제구,"부산광역시 연제구 화지로 107, (거제동)",129.0664157,35.1839924
의료법인인당의료재단 부산혜민요양병원,요양병원,부산,210002,부산동구,"부산광역시 동구 중앙대로 524, (범일동)",129.0569378,35.1400074
의료법인인본의료재단해운대자명병원,정신병원,부산,210009,부산해운대구,"부산광역시 해운대구 해운대로469번가길 75, (우동)",129.1460683,35.1676968
의료법인인주의료재단 늘사랑요양병원,요양병원,부산,210010,부산사하구,"부산광역시 사하구 사하로 21, (구평동)",128.9910555,35.0856365
의료법인인혜의료재단가나병원,정신병원,부산,210001,부산남구,"부산광역시 남구 유엔평화로 156, (용당동)",129.0971157,35.1221797
의료법인전일의료재단한가족요양병원,요양병원,부산,210014,부산수영구,"부산광역시 수영구 장대골로7번길 45, 2-4층 (광안동, 광안유림노르웨이아침)",129.1124258,35.156927
의료법인정화의료재단 봉생기념병원,종합병원,부산,210002,부산동구,"부산광역시 동구 중앙대로 401, (좌천동, 봉생병원)",129.0501907,35.1310265
의료법인정화의료재단봉생힐링병원,병원,부산,210001,부산남구,"부산광역시 남구 양지골로 241, 감만동 봉생 제3병원 (감만동)",129.0839621,35.1183874
의료법인제영의료재단 다나사요양병원,요양병원,부산,210004,부산진구,"부산광역시 부산진구 백양산로53번길 18, 당감트리플타워A (부암동)",129.0302762,35.1734157
의료법인좋은사람들의료재단 관자재요양병원,요양병원,부산,210011,부산금정구,"부산광역시 금정구 금단로 140-2, (남산동)",129.0936969,35.2615999
의료법인주현의료재단사상중앙병원,정신병원,부산,210015,부산사상구,"부산광역시 사상구 삼덕로5번길 85, (삼락동)",128.9782163,35.1784013
의료법인지석의료재단 효성프라임요양병원,요양병원,부산,210015,부산사상구,"부산광역시 사상구 백양대로 764, (덕포동)",128.9886877,35.1749658
의료법인창성의료재단 일신치과병원,치과병원,부산,210100,부산기장군,"부산광역시 기장군 정관읍 정관6로 31, 3층 301, 302호",129.1774513,35.3197034
의료법인청십자의료재단 청십자요양병원,요양병원,부산,210002,부산동구,"부산광역시 동구 중앙대로 364, (수정동, 청십자병원)",129.0483341,35.1278016
의료법인청십자의료재단 행복한 요양병원,요양병원,부산,210004,부산진구,"부산광역시 부산진구 봉수로 18, 지상 1층 일부, 2층 일부, 3층 일부, 4~7층 전부, D동 2층 (전포동)",129.0700475,35.1497852
의료법인청원의료재단 수요양병원,요양병원,부산,210004,부산진구,"부산광역시 부산진구 동평로 401, 지하2~지상10층 (양정동)",129.0690196,35.1742677
의료법인편강의료재단 편강한의원,한의원,부산,210004,부산진구,"부산광역시 부산진구 서면로 74, (부전동, 아이온시티17층1702호)",129.0581339,35.1570677
의료법인한우리의료재단 한우리요양병원,요양병원,부산,210010,부산사하구,"부산광역시 사하구 원양로 400, (감천동)",129.0056945,35.0862779
의료법인해림의료재단 부산금사요양병원,요양병원,부산,210011,부산금정구,"부산광역시 금정구 반송로 470, 2~7층 (금사동)",129.1152465,35.2155262
의료법인현백의료재단사상고려병원,병원,부산,210015,부산사상구,"부산광역시 사상구 사상로 282, 280일부 (덕포동)",128.9827982,35.1699298
의료법인호산나의료재단현대요양병원,요양병원,부산,210010,부산사하구,"부산광역시 사하구 하신중앙로 7, (장림동)",128.964194,35.0797373
의료법인화인의료재단센텀화인요양병원,요양병원,부산,210009,부산해운대구,"부산광역시 해운대구 해운대로76번길 12, (재송동)",129.1193753,35.19085
의료법인효원의료재단 자연요양병원,요양병원,부산,210010,부산사하구,"부산광역시 사하구 장평로 1, 1층 일부, 3~5층 전부, 8층 일부 (장림동)",128.9771391,35.0686092
의료재단 로뎀요양병원,요양병원,부산,210009,부산해운대구,"부산광역시 해운대구 아랫반송로1번길 27-3, (반송동)",129.1469312,35.2267812
의제한의원,한의원,부산,210010,부산사하구,"부산광역시 사하구 제석로 72, 1층 (당리동)",128.97558,35.1067414
이&이치과의원,치과의원,부산,210009,부산해운대구,"부산광역시 해운대구 해운대로 407, 503호 (우동, 신세계프라자)",129.1406828,35.1678259
이가정의학과의원,의원,부산,210011,부산금정구,"부산광역시 금정구 중앙대로 2097, 3층 (남산동)",129.0924221,35.2716432
이강룡내과의원,의원,부산,210001,부산남구,"부산광역시 남구 용호로 213, (용호동)",129.1111667,35.1132329
이강민치과의원,치과의원,부산,210011,부산금정구,"부산광역시 금정구 중앙대로 2021, 2층 (남산동)",129.0920986,35.2648635
이건주이비인후과의원,의원,부산,210015,부산사상구,"부산광역시 사상구 백양대로 880, (모라동)",128.9915987,35.1843799
이경인내과의원,의원,부산,210006,부산서구,"부산광역시 서구 대영로 84, (동대신동1가, 보국빌딩2층)",129.0202147,35.1107385
이경일내과의원,의원,부산,210011,부산금정구,"부산광역시 금정구 중앙대로 2029, 3층 (남산동)",129.0921721,35.2655728
이경한정신건강의학과의원,의원,부산,210003,부산동래구,"부산광역시 동래구 충렬대로 186, 2층 (명륜동)",129.0799322,35.2033868
이계실이비인후과의원,의원,부산,210005,부산북구,"부산광역시 북구 만덕대로 16, (덕천동)",129.0068772,35.2102434
이곳치과의원,치과의원,부산,210001,부산남구,"부산광역시 남구 수영로 157, 2층 (대연동)",129.0836932,35.134955
이광덕한의원,한의원,부산,210004,부산진구,"부산광역시 부산진구 가야대로 484, (개금동)",129.0248969,35.1528917
이광열치과의원,치과의원,부산,210007,부산영도구,"부산광역시 영도구 남항로 43, (영선동2가)",129.0411394,35.0886623
이광욱내과의원,의원,부산,210100,부산기장군,"부산광역시 기장군 기장읍 읍내로 105, 5층",129.2158192,35.245289
이광재정형외과의원,의원,부산,210014,부산수영구,"부산광역시 수영구 황령대로 493, 1~2층 (남천동)",129.107915,35.1382984
이광호성형외과의원,의원,부산,210010,부산사하구,"부산광역시 사하구 낙동대로 218, (괴정동)",128.9929635,35.1003371
이규태의원,의원,부산,210005,부산북구,"부산광역시 북구 덕천로 76, (덕천동)",129.0131014,35.2088084
이균태내과의원,의원,부산,210001,부산남구,"부산광역시 남구 용호로 147, (용호동)",129.1121008,35.119091
이그린치과의원,치과의원,부산,210015,부산사상구,"부산광역시 사상구 새벽로 166, (감전동)",128.9834778,35.1558723
이근평이비인후과의원,의원,부산,210005,부산북구,"부산광역시 북구 덕천로 299, (만덕동)",129.0365894,35.2097558
이금랑어린이치과의원,치과의원,부산,210001,부산남구,"부산광역시 남구 용호로 54, 701호 (용호동, 대영빌딩아파트)",129.1096584,35.1261619
이금희내과의원,의원,부산,210014,부산수영구,"부산광역시 수영구 광남로 45, (남천동)",129.1116417,35.1467948
이기대정형외과의원,의원,부산,210001,부산남구,"부산광역시 남구 용호로 154, 2,3,6,9층 (용호동, 용호메디칼센타)",129.1115187,35.1185465
이기범내과의원,의원,부산,210011,부산금정구,"부산광역시 금정구 두실로 36, 3층 (남산동)",129.0875784,35.2610848
이기연치과의원,치과의원,부산,210005,부산북구,"부산광역시 북구 백양대로 1017, (구포동)",128.9945319,35.1967405
이내과의원,의원,부산,210009,부산해운대구,"부산광역시 해운대구 아랫반송로 12, 3층 (반송동)",129.1471653,35.2253583
이내과의원,의원,부산,210003,부산동래구,"부산광역시 동래구 안연로 64, (안락동)",129.099193,35.1931307
이노의원,의원,부산,210009,부산해운대구,"부산광역시 해운대구 해운대로 620, 해운대 라뮤에뜨 305호~309호 (우동)",129.1584586,35.1629713
이담치과의원,치과의원,부산,210013,부산연제구,"부산광역시 연제구 아시아드대로 91, 5층 (거제동, 대방빌딩)",129.066646,35.1927194
이도용안과의원,의원,부산,210002,부산동구,"부산광역시 동구 중앙대로 383, (수정동)",129.0490939,35.1295419
이동규한의원,한의원,부산,210014,부산수영구,"부산광역시 수영구 호암로 7, (광안동)",129.1121127,35.1563202
이동배의원,의원,부산,210005,부산북구,"부산광역시 북구 양달로 74, (화명동)",129.0211577,35.2440037
이동윤한의원,한의원,부산,210009,부산해운대구,"부산광역시 해운대구 해운대로383번길 5, (우동)",129.138628,35.1695141
이동훈치과의원,치과의원,부산,210010,부산사하구,"부산광역시 사하구 낙동대로 161, (괴정동)",128.9986542,35.102285
이드림치과의원,치과의원,부산,210004,부산진구,"부산광역시 부산진구 동성로 152, 4층 (전포동)",129.0629014,35.1617093
이든연합치과의원,치과의원,부산,210013,부산연제구,"부산광역시 연제구 과정로 180, 4층 (연산동)",129.1074938,35.1874187
이든연합치과의원,치과의원,부산,210014,부산수영구,"부산광역시 수영구 광안해변로 293, JJ메디컬타워 5층 (민락동)",129.1254663,35.1565517
이든정신건강의학과의원,의원,부산,210001,부산남구,"부산광역시 남구 수영로 260, 6층 612호 (대연동)",129.0952329,35.1351378
이든치과의원,치과의원,부산,210004,부산진구,"부산광역시 부산진구 가야대로 715, 위너스빌딩 6층 (당감동)",129.0497862,35.1575893
이딸야한의원,한의원,부산,210013,부산연제구,"부산광역시 연제구 거제시장로 20, 1층 101호 (거제동, 월드파크3)",129.0715723,35.1813346
이레내과의원,의원,부산,210005,부산북구,"부산광역시 북구 금곡대로303번길 2, 시티타워 3층 303,304호 (화명동)",129.0134842,35.2356469
이로운마취통증의학과의원,의원,부산,210005,부산북구,"부산광역시 북구 금곡대로303번길 2, 시티타워 202호,203호 (화명동)",129.0134842,35.2356469
이로운치과의원,치과의원,부산,210011,부산금정구,"부산광역시 금정구 금정로 151-1, 4층 (장전동)",129.0876868,35.2382381
이롬치과의원,치과의원,부산,210009,부산해운대구,"부산광역시 해운대구 반여로 104-10, 305호 (반여동, 아시아선수촌프레스센터)",129.1236087,35.2009199
이루다한의원,한의원,부산,210004,부산진구,"부산광역시 부산진구 부전로66번길 12, 3층 (부전동)",129.0553771,35.1557798
이루미치과의원,치과의원,부산,210011,부산금정구,"부산광역시 금정구 수림로 15, 6,7층 (부곡동)",129.090704,35.239289
이루미치과의원,치과의원,부산,210004,부산진구,"부산광역시 부산진구 서전로 5, 8층, 10~17층 (부전동)",129.0603053,35.1579903
이룸여성의원,의원,부산,210010,부산사하구,"부산광역시 사하구 낙동남로 1417, 10~11층 (하단동)",128.9666289,35.1065996
이룸연합치과의원,치과의원,부산,210009,부산해운대구,"부산광역시 해운대구 재반로 86, 4층 (재송동)",129.1257184,35.1862985
이룸치과의원,치과의원,부산,210010,부산사하구,"부산광역시 사하구 낙동대로 472, 401호 (하단동, 로타리산업빌딩)",128.9683518,35.106955
이룸치과의원,치과의원,부산,210003,부산동래구,"부산광역시 동래구 사직북로19번길 5, 2층 (사직동)",129.0602275,35.1974089
이리스산부인과의원,의원,부산,210003,부산동래구,"부산광역시 동래구 온천장로 114, 801호 (온천동)",129.0847937,35.2205935
이마음치과의원,치과의원,부산,210014,부산수영구,"부산광역시 수영구 수영로 386, 3층 (남천동)",129.107031,35.1408734
이만재내과의원,의원,부산,210001,부산남구,"부산광역시 남구 황령대로 488, (대연동)",129.1071302,35.1382094
이명수내과의원,의원,부산,210008,부산중구,"부산광역시 중구 중구로 59, (보수동1가)",129.0279318,35.1033264
이명학치과의원,치과의원,부산,210015,부산사상구,"부산광역시 사상구 백양대로 880, 상가동 407호 (모라동, 우신모라아파트)",128.9915987,35.1843799
이문한치과의원,치과의원,부산,210005,부산북구,"부산광역시 북구 만덕대로 15, (덕천동, 덕천크리닉)",129.006706,35.2107268
이뮤셀의원,의원,부산,210004,부산진구,"부산광역시 부산진구 서면문화로 23, MJ빌딩 5층일부,6층 (부전동)",129.0561531,35.1593118
이미지플러스치과교정과치과의원,치과의원,부산,210004,부산진구,"부산광역시 부산진구 가야대로 767, (부전동, 서면메디칼센터10층)",129.0555001,35.1580587
이미지플러스치과의원,치과의원,부산,210009,부산해운대구,"부산광역시 해운대구 해운대로 794-794, 502호 (좌동,삼정엘리움)",129.1757451,35.168815
이민호이비인후과의원,의원,부산,210003,부산동래구,"부산광역시 동래구 사직북로 25-1, 2층 (사직동)",129.0600902,35.1981387
이바루미치과의원,치과의원,부산,210100,부산기장군,"부산광역시 기장군 정관면 정관로 583, 3층 (대한빌딩)",129.1777202,35.3211802
이배혁이비인후과의원,의원,부산,210100,부산기장군,"부산광역시 기장군 기장읍 읍내로 116, 메디컬센터 6층 601호",129.2170665,35.2449069
이병구내과의원,의원,부산,210001,부산남구,"부산광역시 남구 용호로 155-1, (용호동)",129.1118895,35.1183195
이보람치과교정과치과의원,치과의원,부산,210003,부산동래구,"부산광역시 동래구 사직북로 6, 7층 (사직동)",129.0609901,35.1965299
이본의원,의원,부산,210010,부산사하구,"부산광역시 사하구 낙동대로 451, 9층 (하단동, 금동빌딩)",128.9689973,35.1050515
이봉주정신건강의학과의원,의원,부산,210014,부산수영구,"부산광역시 수영구 수영로 712, 3층 304호 (광안동)",129.1174425,35.1677855
이브산부인과의원,의원,부산,210013,부산연제구,"부산광역시 연제구 과정로 148, 3층 (연산동)",129.1073644,35.1846615
이브앤아담여성의원,의원,부산,210009,부산해운대구,"부산광역시 해운대구 센텀2로 20, 센텀타워메디컬 1203호 (우동)",129.1320258,35.1671978
이사랑치과의원,치과의원,부산,210013,부산연제구,"부산광역시 연제구 명륜로 16, 4층 (거제동)",129.0820518,35.196357
이사랑치과의원,치과의원,부산,210010,부산사하구,"부산광역시 사하구 낙동대로 444, 2층 (당리동)",128.9701591,35.1050101
이사랑치과의원,치과의원,부산,210100,부산기장군,"부산광역시 기장군 기장읍 읍내로 108, 3층 (미주빌딩)",129.2160541,35.2449303
이사랑치과의원,치과의원,부산,210014,부산수영구,"부산광역시 수영구 수영로 599, (광안동)",129.1132009,35.1592267
이사랑치과의원,치과의원,부산,210009,부산해운대구,"부산광역시 해운대구 재반로 213, 3층 (반여동)",129.1306583,35.1962368
이상경정신건강의학과의원,의원,부산,210005,부산북구,"부산광역시 북구 만덕대로 21, 9층 (덕천동)",129.0073181,35.2108582
이상국치과의원,치과의원,부산,210008,부산중구,"부산광역시 중구 대청로 88-1, (대청동3가)",129.0295689,35.1027606
이상목이비인후과의원,의원,부산,210011,부산금정구,"부산광역시 금정구 서동로 165, 2층 (서동)",129.1045987,35.2147651
이상민치과의원,치과의원,부산,210010,부산사하구,"부산광역시 사하구 하신번영로 177, (신평동)",128.9601363,35.0984032
이상봉소아청소년과의원,의원,부산,210100,부산기장군,"부산광역시 기장군 정관읍 정관로 391, 2층 201호 (하나프라자)",129.1658195,35.3344963
이상봉치과의원,치과의원,부산,210003,부산동래구,"부산광역시 동래구 중앙대로1473번길 14-18, (온천동)",129.0834208,35.2182423
이상성플러스의원,의원,부산,210003,부산동래구,"부산광역시 동래구 쇠미로81번길 22, (사직동)",129.0548989,35.2017009
이상열마취통증의학과의원,의원,부산,210011,부산금정구,"부산광역시 금정구 구서로 2, 2층 (구서동)",129.0907893,35.2468125
이상익신경과의원,의원,부산,210008,부산중구,"부산광역시 중구 대청로 105, 3층 (대청동2가)",129.0313991,35.1031753
이상주비뇨기과의원,의원,부산,210010,부산사하구,"부산광역시 사하구 낙동대로 248, 6층 (괴정동, 우리메디칼센터)",128.9898938,35.0995551
이상주치과의원,치과의원,부산,210015,부산사상구,"부산광역시 사상구 엄궁북로 19, (엄궁동)",128.9726281,35.1286479
이상철소아청소년과의원,의원,부산,210005,부산북구,"부산광역시 북구 만덕대로 12-1, (덕천동)",129.0065959,35.2101902
이상협안과의원,의원,부산,210004,부산진구,"부산광역시 부산진구 가야대로 784, (부전동)",129.0574092,35.1573307
이상훈소아청소년과의원,의원,부산,210010,부산사하구,"부산광역시 사하구 다대낙조1길 19, (다대동)",128.9658177,35.0500512
이상희소아청소년과의원,의원,부산,210004,부산진구,"부산광역시 부산진구 동평로 366, (양정동)",129.0652806,35.1745728
이샘병원,병원,부산,210004,부산진구,"부산광역시 부산진구 황령대로 12, 지하1층(일부), 1층(일부), 2~4층, 5층(일부), 6~8층, 9층(일부), 10층(일부) (범천동)",129.0611542,35.1476285
이석용이비인후과의원,의원,부산,210010,부산사하구,"부산광역시 사하구 낙동대로 388, (당리동)",128.9761627,35.1031971
이성록한의원,한의원,부산,210015,부산사상구,"부산광역시 사상구 대동로 107, 명정빌딩 3층 (학장동)",128.9792176,35.1390184
이성문치과의원,치과의원,부산,210014,부산수영구,"부산광역시 수영구 광남로 45, (남천동)",129.1116417,35.1467948
이성수한의원,한의원,부산,210002,부산동구,"부산광역시 동구 범일로 101, (범일동)",129.0591017,35.1389893
이성용재활의학과의원,의원,부산,210013,부산연제구,"부산광역시 연제구 연수로 219, 4층 (연산동)",129.094718,35.1737908
이성우한의원,한의원,부산,210010,부산사하구,"부산광역시 사하구 낙동대로 261, (괴정동)",128.9885495,35.0989223
이성욱내과의원,의원,부산,210014,부산수영구,"부산광역시 수영구 수영로 408, 1층 (남천동)",129.1085552,35.1423268
이성한한의원,한의원,부산,210011,부산금정구,"부산광역시 금정구 서동로 159-3, (서동)",129.103983,35.2150372
이성훈신경과의원,의원,부산,210013,부산연제구,"부산광역시 연제구 중앙대로 1107, 601호 (연산동)",129.0809947,35.1866707
이센스치과의원,치과의원,부산,210003,부산동래구,"부산광역시 동래구 충렬대로 252, 4층 (수안동)",129.086672,35.2009322
이수근정신건강의학과의원,의원,부산,210001,부산남구,"부산광역시 남구 수영로 203, (대연동, 701호)",129.0889129,35.1351854
이수근치과의원,치과의원,부산,210004,부산진구,"부산광역시 부산진구 백양대로238번길 5, (개금동)",129.0241726,35.1573546
이수언치과의원,치과의원,부산,210004,부산진구,"부산광역시 부산진구 대학로 12, 6층 (가야동)",129.0370099,35.1543104
이수영치과의원,치과의원,부산,210006,부산서구,"부산광역시 서구 구덕로 121, (토성동4가)",129.0228387,35.0964506
이스턴치과의원,치과의원,부산,210005,부산북구,"부산광역시 북구 백양대로 1203-1, 5층 (구포동)",129.0051429,35.2096492
이슬기안과의원,의원,부산,210009,부산해운대구,"부산광역시 해운대구 해운대로 794, 602호 (좌동, 엘리움)",129.1757451,35.168815
이승모내과의원,의원,부산,210001,부산남구,"부산광역시 남구 수영로 215, (대연동)",129.0902765,35.1352459
이승재의원,의원,부산,210015,부산사상구,"부산광역시 사상구 모라로110번길 85, 모라영구임대아파트 2층 206,207,208호 (모라동)",128.9954755,35.1846481
이승재정형외과의원,의원,부산,210005,부산북구,"부산광역시 북구 화명대로 32, 401호 (화명동)",129.0115023,35.234567
이승찬비뇨기과의원,의원,부산,210005,부산북구,"부산광역시 북구 만덕대로 15, (덕천동)",129.006706,35.2107268
이승하한의원,한의원,부산,210003,부산동래구,"부산광역시 동래구 사직북로19번길 18, 8층 (사직동)",129.05955,35.1975385
이승휘정신건강의학과의원,의원,부산,210009,부산해운대구,"부산광역시 해운대구 해운대로 620, 해운대 라뮤에뜨 219,220호 (우동)",129.1584586,35.1629713
이승희디지털치과의원,치과의원,부산,210003,부산동래구,"부산광역시 동래구 금강공원로 11, 2층 (온천동, 온천 메디 플러스)",129.0831827,35.2183355
이신내과의원,의원,부산,210004,부산진구,"부산광역시 부산진구 중앙대로 808, 금정빌딩 4층,5층 (전포동)",129.0641568,35.1635009
이신영산부인과의원,의원,부산,210013,부산연제구,"부산광역시 연제구 반송로 5, 5층 (연산동)",129.0820854,35.1867513
이안내과의원,의원,부산,210010,부산사하구,"부산광역시 사하구 사하로 200, 3층 301호 (괴정동)",128.9937065,35.0995799
이안치과의원,치과의원,부산,210004,부산진구,"부산광역시 부산진구 중앙대로 912, 이안치과의원 (양정동)",129.0704185,35.1715559
이앤미치과병원,치과병원,부산,210005,부산북구,"부산광역시 북구 화명대로 15, 하이페리온타워 8, 9, 10층 (화명동)",129.0098825,35.235447
이앤이치과의원,치과의원,부산,210015,부산사상구,"부산광역시 사상구 광장로 17, 이마트 3층 (괘법동)",128.9788941,35.1642536
이언탁내과의원,의원,부산,210003,부산동래구,"부산광역시 동래구 여고북로 169, 2, 3층 (온천동)",129.0741062,35.2022851
이엔이비인후과의원,의원,부산,210011,부산금정구,"부산광역시 금정구 부곡로 105, 3층 (부곡동, 부곡새마을금고)",129.0915271,35.2253553
이엔치과의원,치과의원,부산,210004,부산진구,"부산광역시 부산진구 서면로 74, (부전동, 아이온시티빌딩 10층 1002호)",129.0581339,35.1570677
이영안과의원,의원,부산,210002,부산동구,"부산광역시 동구 조방로 45, 4층 (범일동, 덕원빌딩)",129.0602838,35.140499
이영우내과의원,의원,부산,210004,부산진구,"부산광역시 부산진구 중앙대로 751, 2층 201호 (부전동)",129.0603055,35.1597576
이영주소아청소년과의원,의원,부산,210004,부산진구,"부산광역시 부산진구 동평로 109, 4층 (부암동)",129.0413163,35.1660805
이영주신경정신과의원,의원,부산,210013,부산연제구,"부산광역시 연제구 중앙대로 1050, 3층 (연산동)",129.0786858,35.1818831
이영진내과의원,의원,부산,210004,부산진구,"부산광역시 부산진구 새싹로 50, (부전동)",129.0561136,35.1619157
이영하의원,의원,부산,210006,부산서구,"부산광역시 서구 자갈치로 5, 3층 (충무동1가)",129.0250143,35.0964361
이오연합치과의원,치과의원,부산,210004,부산진구,"부산광역시 부산진구 당감로 39, 2층 (당감동, 트렉스타빌딩)",129.0390406,35.1651279
이완주정형외과의원,의원,부산,210013,부산연제구,"부산광역시 연제구 연수로 179, 상가 102동 201, 202호 (연산동, 아이유 파크(IU-PARK))",129.0907761,35.1745095
이외과의원,의원,부산,210001,부산남구,"부산광역시 남구 용호로 227, (용호동)",129.1111464,35.1119572
이외중이비인후과의원,의원,부산,210006,부산서구,"부산광역시 서구 까치고개로 195, 2,3층 (아미동2가)",129.0173091,35.1000529
이용희치과의원,치과의원,부산,210003,부산동래구,"부산광역시 동래구 안락로 24, (안락동)",129.0997564,35.2004471
이우종이비인후과의원,의원,부산,210004,부산진구,"부산광역시 부산진구 가야대로 486, (개금동)",129.0251966,35.1528642
이웃사랑의원,의원,부산,210003,부산동래구,"부산광역시 동래구 충렬사로 50, (안락동)",129.0985151,35.2032841
이웃집치과의원,치과의원,부산,210009,부산해운대구,"부산광역시 해운대구 좌동순환로 505, 센트럴메디타워 403,404호 (중동)",129.1682073,35.165667
이원영안과의원,의원,부산,210100,부산기장군,"부산광역시 기장군 기장읍 차성동로 63, 2층 204호",129.2162786,35.2434227
이원외신경외과의원,의원,부산,210010,부산사하구,"부산광역시 사하구 장림번영로 44, (장림동)",128.9700492,35.0804797
이원우내과의원,의원,부산,210004,부산진구,"부산광역시 부산진구 당감로 47-2, 2,3층 (당감동)",129.0389403,35.1659359
이원우치과의원,치과의원,부산,210005,부산북구,"부산광역시 북구 금곡대로 268, 311호 (화명동, 대림상가)",129.0154964,35.2308715
이유치과의원,치과의원,부산,210004,부산진구,"부산광역시 부산진구 황령대로 12, (범천동)",129.0611542,35.1476285
이음한의원,한의원,부산,210003,부산동래구,"부산광역시 동래구 반송로 220-1, (안락동)",129.0982163,35.2003714
이의용밝은길요양병원,요양병원,부산,210006,부산서구,"부산광역시 서구 대영로85번길 31, (동대신동2가)",129.0197054,35.1122806
이의원,의원,부산,210001,부산남구,"부산광역시 남구 유엔로 10, (우암동, 뉴서울아파트)",129.0797501,35.1244709
이의원,의원,부산,210004,부산진구,"부산광역시 부산진구 신암로 72, 2층 205~208호 (범천동, 서면항도타워맨션)",129.0544808,35.1481367
이익룡외과의원,의원,부산,210004,부산진구,"부산광역시 부산진구 가야대로 643, (가야동)",129.0420164,35.1560335
이익재이비인후과의원,의원,부산,210014,부산수영구,"부산광역시 수영구 수영로 592, (광안동)",129.1136719,35.1586284
이인철의원,의원,부산,210004,부산진구,"부산광역시 부산진구 새싹로 208, (초읍동)",129.0491503,35.174648
이인훈소아청소년과의원,의원,부산,210009,부산해운대구,"부산광역시 해운대구 좌동순환로 301, 3층 (좌동, 금강빌딩)",129.1832772,35.1691765
이일돈한의원,한의원,부산,210006,부산서구,"부산광역시 서구 대영로73번길 10, (동대신동2가)",129.0190589,35.1110509
이일두내과의원,의원,부산,210010,부산사하구,"부산광역시 사하구 하신번영로 360, (하단동)",128.9601945,35.1129839
이재관내과의원,의원,부산,210100,부산기장군,"부산광역시 기장군 기장읍 차성동로 63, 2층",129.2162786,35.2434227
이재복내과의원,의원,부산,210004,부산진구,"부산광역시 부산진구 중앙대로 930, (양정동)",129.0714814,35.1727193
이재영치과의원,치과의원,부산,210004,부산진구,"부산광역시 부산진구 연수로 49, 2층 (양정동)",129.0762967,35.1750686
이재윤내과의원,의원,부산,210013,부산연제구,"부산광역시 연제구 아시아드대로 94, (거제동, 2층 일부)",129.0674874,35.1929621
이재호치과의원,치과의원,부산,210009,부산해운대구,"부산광역시 해운대구 재반로 78-1, 2층 (재송동)",129.1259446,35.1857099
이정빈 정신건강의학과의원,의원,부산,210009,부산해운대구,"부산광역시 해운대구 좌동순환로 173, 7층 (좌동, 영풍프라자)",129.1752749,35.1781714
이정삼이비인후과의원,의원,부산,210011,부산금정구,"부산광역시 금정구 금강로 569, 2층 (구서동)",129.0875694,35.2582495
이정연치과의원,치과의원,부산,210003,부산동래구,"부산광역시 동래구 반송로273번길 2, 203호 (명장동, 조양아파트상가)",129.100666,35.2054356
이정원한의원,한의원,부산,210007,부산영도구,"부산광역시 영도구 태종로 381, (청학동)",129.0655033,35.0931409
이정유내과의원,의원,부산,210013,부산연제구,"부산광역시 연제구 아시아드대로 60, 상신빌딩 4층 (거제동)",129.0679777,35.190005
이정윤성형외과의원,의원,부산,210010,부산사하구,"부산광역시 사하구 낙동대로 231, (괴정동)",128.9917276,35.0994108
이정형외과의원,의원,부산,210001,부산남구,"부산광역시 남구 용호로 173, 장안빌딩 2층 (용호동)",129.1114258,35.1167725
이정호소아청소년과의원,의원,부산,210013,부산연제구,"부산광역시 연제구 과정로 144, (연산동, 6층 일부)",129.1074059,35.1842747
이정훈이비인후과의원,의원,부산,210013,부산연제구,"부산광역시 연제구 연수로 148, 2층 (연산동)",129.0868363,35.1744213
이조은치과의원,치과의원,부산,210001,부산남구,"부산광역시 남구 용호로 144, (용호동)",129.1118589,35.1195269
이종관비뇨기과의원,의원,부산,210003,부산동래구,"부산광역시 동래구 아시아드대로 225, (온천동)",129.0666022,35.2042991
이종달이비인후과의원,의원,부산,210010,부산사하구,"부산광역시 사하구 낙동대로 214-1, 1층 (괴정동)",128.9933235,35.1004064
이종덕이비인후과의원,의원,부산,210004,부산진구,"부산광역시 부산진구 새싹로 150, (연지동)",129.0504191,35.1695243
이종철치과의원,치과의원,부산,210009,부산해운대구,"부산광역시 해운대구 재반로 239, (반여동)",129.1310654,35.1986393
이종호피부과의원,의원,부산,210011,부산금정구,"부산광역시 금정구 서동로 151, 2층 (서동)",129.103259,35.2149571
이종환가정의학과의원,의원,부산,210003,부산동래구,"부산광역시 동래구 명서로 154, 2층 (명장동)",129.1024538,35.2092621
이종훈치과의원,치과의원,부산,210003,부산동래구,"부산광역시 동래구 충렬대로 249-1, (수안동)",129.0867123,35.2014178
이좋은45치과의원,치과의원,부산,210001,부산남구,"부산광역시 남구 수영로 163, 6층 (대연동)",129.0844327,35.1349506
이좋은치과의원,치과의원,부산,210003,부산동래구,"부산광역시 동래구 충렬대로 188, (명륜동)",129.0801814,35.2032587
이좋은치과의원,치과의원,부산,210010,부산사하구,"부산광역시 사하구 낙동남로 1396, 2층 (하단동)",128.9642762,35.1058452
이주연치과의원,치과의원,부산,210014,부산수영구,"부산광역시 수영구 수영로 410-1, (남천동)",129.1088654,35.1425793
이주원내과의원,의원,부산,210011,부산금정구,"부산광역시 금정구 중앙대로 2107, 범어사지하철역 상가2호 (청룡동)",129.0926749,35.2731447
이주홍내과의원,의원,부산,210003,부산동래구,"부산광역시 동래구 명장로20번길 32, (명장동)",129.1015585,35.2045141
이주희치과의원,치과의원,부산,210014,부산수영구,"부산광역시 수영구 광남로 193, 2층 (광안동)",129.1203119,35.158105
이준치과의원,치과의원,부산,210005,부산북구,"부산광역시 북구 시랑로 72, (구포동)",129.0054724,35.1992974
이준한의원,한의원,부산,210100,부산기장군,"부산광역시 기장군 기장읍 차성로288번길 32, (기장읍)",129.2153774,35.2429808
이준희이비인후과의원,의원,부산,210004,부산진구,"부산광역시 부산진구 가야대로 476-1, (개금동)",129.0241632,35.1529083
이준희정형외과의원,의원,부산,210009,부산해운대구,"부산광역시 해운대구 아랫반송로 37, (반송동)",129.1496144,35.2242087
이중희내과의원,의원,부산,210005,부산북구,"부산광역시 북구 은행나무로 3, (만덕동)",129.037623,35.2091148
이지소아청소년과의원,의원,부산,210009,부산해운대구,"부산광역시 해운대구 반여로 131, 307호 (반여동, 아시아선수촌프레스센)",129.1234496,35.2034393
이지숨 이비인후과의원,의원,부산,210008,부산중구,"부산광역시 중구 구덕로 40, (남포동2가)",129.0315676,35.0984623
이진성형외과의원,의원,부산,210004,부산진구,"부산광역시 부산진구 서면로 60, 3~4층 (부전동)",129.0580338,35.1561237
이진우이비인후과의원,의원,부산,210011,부산금정구,"부산광역시 금정구 금강로 206-16, (장전동)",129.0833204,35.2265181
이진치과의원,치과의원,부산,210002,부산동구,"부산광역시 동구 진시장로 19, 4층 (범일동)",129.0586463,35.1373442
이창규비뇨기과의원,의원,부산,210002,부산동구,"부산광역시 동구 범일로 97, (범일동)",129.0590276,35.1386663
이창영정신건강의학과의원,의원,부산,210006,부산서구,"부산광역시 서구 구덕로 120-1, (토성동4가)",129.0230929,35.0967643
이창우치과의원,치과의원,부산,210005,부산북구,"부산광역시 북구 백양대로 1192, 3층 (구포동)",129.0055058,35.2087724
이창웅치과의원,치과의원,부산,210006,부산서구,"부산광역시 서구 보수대로 9, 3층 (충무동1가, 바른빌딩)",129.0249139,35.0976617
이창한소아청소년과의원,의원,부산,210100,부산기장군,"부산광역시 기장군 정관읍 정관로 560, 마치빌딩 207호",129.1750986,35.321356
이창훈한의원,한의원,부산,210001,부산남구,"부산광역시 남구 전포대로 71, (문현동, 호암빌딩202호)",129.0663925,35.1432035
이채일정신건강의학과의원,의원,부산,210014,부산수영구,"부산광역시 수영구 수영로 695, (수영동)",129.1156407,35.1677092
이철의원,의원,부산,210013,부산연제구,"부산광역시 연제구 연수로 219, 2층, 7층 (연산동, 신양빌딩)",129.094718,35.1737908
이철희내과의원,의원,부산,210005,부산북구,"부산광역시 북구 덕천로 299, (만덕동)",129.0365894,35.2097558
이춘식안과의원,의원,부산,210008,부산중구,"부산광역시 중구 대청로 87, (대청동3가)",129.0294129,35.1031374
이치과의원,치과의원,부산,210010,부산사하구,"부산광역시 사하구 다대로 253, 2,3층 (장림동)",128.9776736,35.0797863
이치과의원,치과의원,부산,210003,부산동래구,"부산광역시 동래구 안락로 128, (안락동)",129.1108215,35.1989098
이치과의원,치과의원,부산,210100,부산기장군,"부산광역시 기장군 기장읍 읍내로 105, 3층",129.2158192,35.245289
이치과의원,치과의원,부산,210009,부산해운대구,"부산광역시 해운대구 해운대로 637, 3층 (우동, 메디현대빌딩)",129.1598774,35.1644999
이치과의원,치과의원,부산,210012,부산강서구,"부산광역시 강서구 낙동북로 74, 2층 (강동동)",128.9372683,35.21772
이태경피부과의원,의원,부산,210010,부산사하구,"부산광역시 사하구 낙동대로 448, 6층 (당리동, 하단메디칼센타)",128.9697882,35.1052352
이태훈성형외과의원,의원,부산,210004,부산진구,"부산광역시 부산진구 가야대로 777, (부전동)",129.0566467,35.157964
이특별한치과의원,치과의원,부산,210002,부산동구,"부산광역시 동구 중앙대로 284, 4층 (초량동)",129.0436672,35.1217868
이튼부부치과의원,치과의원,부산,210013,부산연제구,"부산광역시 연제구 중앙대로 1032, 3층 (연산동)",129.0776064,35.180615
이튼치과의원,치과의원,부산,210003,부산동래구,"부산광역시 동래구 연안로 59, (안락동)",129.1077172,35.1930946
이튼치과의원,치과의원,부산,210004,부산진구,"부산광역시 부산진구 당감서로 88, 2층 (부암동)",129.0368754,35.1684524
이튼플러스치과의원,치과의원,부산,210003,부산동래구,"부산광역시 동래구 아시아드대로 239-1, 6층 (온천동)",129.0674535,35.2054534
이티치과의원,치과의원,부산,210004,부산진구,"부산광역시 부산진구 시민공원로19번길 7, 6~7층 (부암동)",129.0517613,35.163479
이편한치과의원,치과의원,부산,210008,부산중구,"부산광역시 중구 대청로 59, 2층 (보수동1가)",129.0264611,35.1032608
이편한치과의원,치과의원,부산,210011,부산금정구,"부산광역시 금정구 금강로 208, 2층 (장전동)",129.083216,35.226892
이편한치과의원,치과의원,부산,210001,부산남구,"부산광역시 남구 동명로 137, 3층 (용호동)",129.1118616,35.1198449
이편한치과의원,치과의원,부산,210100,부산기장군,"부산광역시 기장군 정관읍 정관로 565, (정관읍)",129.1759771,35.3218137
이편한치과의원,치과의원,부산,210013,부산연제구,"부산광역시 연제구 안연로 36, 3층 (연산동)",129.1000427,35.1906879
이편한치과의원,치과의원,부산,210004,부산진구,"부산광역시 부산진구 중앙대로 921, (양정동)",129.0705254,35.1725016
이플러스치과의원,치과의원,부산,210003,부산동래구,"부산광역시 동래구 차밭골로 13, 401호 (온천동)",129.0797619,35.2160393
이하얀치과의원,치과의원,부산,210005,부산북구,"부산광역시 북구 금곡대로 230, 205호 (화명동, 금융복합스포츠타운)",129.0130677,35.2287367
이학수성형외과의원,의원,부산,210004,부산진구,"부산광역시 부산진구 가야대로784번길 31, 3층 (부전동)",129.0573405,35.1560355
이학철한의원,한의원,부산,210004,부산진구,"부산광역시 부산진구 당감로 32, (당감동)",129.039548,35.1644521
이향치과의원,치과의원,부산,210014,부산수영구,"부산광역시 수영구 연수로 267, (망미동)",129.1000758,35.1733507
이헌경소아청소년과의원,의원,부산,210012,부산강서구,"부산광역시 강서구 명지오션시티4로 64, (명지동)",128.9032461,35.083286
이헌용외과의원,의원,부산,210009,부산해운대구,"부산광역시 해운대구 선수촌로 165, 1~2층 (반여동)",129.1227156,35.2076644
이현석신경과의원,의원,부산,210010,부산사하구,"부산광역시 사하구 낙동대로 450, 5,6층 (당리동)",128.9695379,35.1053889
이현섭의원,의원,부산,210003,부산동래구,"부산광역시 동래구 사직북로47번길 25, (사직동)",129.0594509,35.1985656
이현숙정신건강의학과의원,의원,부산,210014,부산수영구,"부산광역시 수영구 광안로 4, 3층 (광안동, SK뷰상가)",129.1133756,35.1569388
이현욱 정신건강의학과 의원,의원,부산,210013,부산연제구,"부산광역시 연제구 중앙천로 93, 아람 메디컬빌딩 8층 일부호 (연산동)",129.0785079,35.1815106
이현재피부과의원,의원,부산,210004,부산진구,"부산광역시 부산진구 서면로 74, 아이온시티빌딩 6층 (부전동)",129.0581339,35.1570677
이현정소아청소년과의원,의원,부산,210003,부산동래구,"부산광역시 동래구 명륜로103번길 19, 8층 (명륜동)",129.0819685,35.2029217
이현정정신건강의학과의원,의원,부산,210003,부산동래구,"부산광역시 동래구 충렬대로 248, (수안동, 인촌빌딩)",129.08623,35.2010244
이현피부과의원,의원,부산,210009,부산해운대구,"부산광역시 해운대구 재반로 116, 5층 (재송동, 일창빌딩 )",129.1268114,35.1886612
이형유내과의원,의원,부산,210007,부산영도구,"부산광역시 영도구 태종로 102, (대교동2가)",129.0419502,35.0911632
이형철치과의원,치과의원,부산,210013,부산연제구,"부산광역시 연제구 과정로 296, (연산동)",129.0951047,35.1887757
이혜진소아청소년과의원,의원,부산,210004,부산진구,"부산광역시 부산진구 동평로 94, (당감동)",129.039779,35.165341
이혜진한의원,한의원,부산,210010,부산사하구,"부산광역시 사하구 낙동대로 225, (괴정동)",128.9923642,35.0995853
이홍석정형외과의원,의원,부산,210008,부산중구,"부산광역시 중구 구덕로 90, (남포동6가)",129.0260148,35.0975764
이화내과의원,의원,부산,210009,부산해운대구,"부산광역시 해운대구 선수촌로 102-2, 4층 (반여동, 부원메디칼센터)",129.1196159,35.2027865
이화산부인과의원,의원,부산,210001,부산남구,"부산광역시 남구 수영로 216-2, 2~4층 (대연동)",129.0903343,35.1347861
인다라한의원,한의원,부산,210013,부산연제구,"부산광역시 연제구 월드컵대로 149, 8층 (연산동)",129.0798727,35.186425
인덕한의원,한의원,부산,210015,부산사상구,"부산광역시 사상구 덕상로 22, 2층 204호 (덕포동)",128.9896076,35.1733873
인동한의원,한의원,부산,210009,부산해운대구,"부산광역시 해운대구 중동1로 44, (중동)",129.1633523,35.1619094
인사랑내과영상의학과의원,의원,부산,210004,부산진구,"부산광역시 부산진구 가야대로 462-1, 4,5,6층 (개금동)",129.0226048,35.1528735
인성 정신건강의학과의원,의원,부산,210014,부산수영구,"부산광역시 수영구 수영로 386-1, 원탄크리닉 601호 (남천동)",129.1071528,35.1409233
인성한의원,한의원,부산,210010,부산사하구,"부산광역시 사하구 낙동대로 445, (하단동)",128.9697585,35.1046816
인수한의원,한의원,부산,210013,부산연제구,"부산광역시 연제구 중앙대로 1067-1, (연산동)",129.0792634,35.1835467
인애치과의원,치과의원,부산,210001,부산남구,"부산광역시 남구 못골로 73, (대연동, 2층)",129.0903429,35.1361089
인애한의원,한의원,부산,210004,부산진구,"부산광역시 부산진구 중앙대로 707, 9층 (부전동)",129.0588017,35.1558472
인앤아웃외과의원,의원,부산,210004,부산진구,"부산광역시 부산진구 서면로68번길 52, 5,6층 (부전동)",129.0582526,35.1546664
인앤아웃한의원,한의원,부산,210004,부산진구,"부산광역시 부산진구 서면로68번길 52, 5,6층 (부전동)",129.0582526,35.1546664
인일한의원,한의원,부산,210001,부산남구,"부산광역시 남구 용호로 203, (용호동)",129.1111654,35.1140958
인재의원,의원,부산,210002,부산동구,"부산광역시 동구 중앙대로371번길 36, 3층 (수정동)",129.0469587,35.1297329
인제대학교 해운대백병원,종합병원,부산,210009,부산해운대구,"부산광역시 해운대구 해운대로 875, (좌동)",129.182013,35.173443
인제대학교부산백병원,상급종합,부산,210004,부산진구,"부산광역시 부산진구 복지로 75, 진사로83번길 75, 진사로83번길 81, 1층(일부), 3층 (개금동)",129.0208609,35.1455173
인제대학교부속백병원부설김해국제공항의원,의원,부산,210012,부산강서구,"부산광역시 강서구 공항진입로 108, (대저2동)",128.9457996,35.1728734
인제요양병원,요양병원,부산,210007,부산영도구,"부산광역시 영도구 절영로 21, (대교동2가)",129.0400551,35.0924171
인제의원,의원,부산,210100,부산기장군,"부산광역시 기장군 기장읍 읍내로 96, 2층 (인제빌딩)",129.2147542,35.2449524
인제한의원,한의원,부산,210004,부산진구,"부산광역시 부산진구 연수로 7, 지하1~지상2층 (양정동)",129.0721218,35.173436
인프라 치과의원,치과의원,부산,210001,부산남구,"부산광역시 남구 용호로 153, (용호동)",129.111994,35.1184884
인플란트 치과의원,치과의원,부산,210008,부산중구,"부산광역시 중구 구덕로 80, (남포동6가)",129.0271129,35.0977606
인향한의원,한의원,부산,210005,부산북구,"부산광역시 북구 만덕1로10번길 6, 2층 (만덕동)",129.036316,35.2143115
일광 한의원,한의원,부산,210014,부산수영구,"부산광역시 수영구 광남로 126, (광안동)",129.1167613,35.1527886
일광바른치과의원,치과의원,부산,210100,부산기장군,"부산광역시 기장군 일광읍 해빛6로 85-16, 3층 302,303,304호",129.2256459,35.2656352
일광삼성한의원,한의원,부산,210100,부산기장군,"부산광역시 기장군 일광읍 일광로 99, 시골밥상 3,4층",129.2330705,35.2653874
일광아동병원,병원,부산,210100,부산기장군,"부산광역시 기장군 일광읍 해빛6로 85-16, 일광청보리더스 6~9층",129.2256459,35.2656352
일광척정형외과의원,의원,부산,210100,부산기장군,"부산광역시 기장군 일광읍 해빛로 13, 일광제일프라자 5층 501~502호",129.2264137,35.2661605
일광치과의원,치과의원,부산,210100,부산기장군,"부산광역시 기장군 일광면 일광로 84, (일광읍)",129.2330862,35.2639283
일광튼튼소아청소년과의원,의원,부산,210100,부산기장군,"부산광역시 기장군 일광읍 해빛로 13, 일광제일프라자 4층 401호",129.2264137,35.2661605
일광한방병원,한방병원,부산,210100,부산기장군,"부산광역시 기장군 일광읍 해빛6로 85-4, 스타타워Ⅱ 6~8층",129.2270242,35.2652451
일광한의원,한의원,부산,210100,부산기장군,"부산광역시 기장군 일광읍 해빛로 39-16, 3층",129.223053,35.266668
일라스의원,의원,부산,210009,부산해운대구,"부산광역시 해운대구 센텀2로 25, 센텀드림월드 1401호 (우동)",129.132947,35.1669544
일맥한의원,한의원,부산,210004,부산진구,"부산광역시 부산진구 가야대로 785, 9층 (부전동, 성영빌딩)",129.0574677,35.1581247
일미의원,의원,부산,210004,부산진구,"부산광역시 부산진구 가야대로 785, 성영빌딩 9층 (부전동)",129.0574677,35.1581247
일성한의원,한의원,부산,210010,부산사하구,"부산광역시 사하구 감천로 46, (감천동)",128.9975168,35.0906622
일승한의원,한의원,부산,210009,부산해운대구,"부산광역시 해운대구 세실로 45, 405호 (좌동, 대승프라자)",129.1782898,35.1690009
일신내과의원,의원,부산,210007,부산영도구,"부산광역시 영도구 수정길 191, (신선동3가)",129.0432308,35.0844818
일신소아청소년과의원,의원,부산,210001,부산남구,"부산광역시 남구 분포로 113, 1005동 304호 (용호동, 엘지메트로시티)",129.109571,35.129786
일신정형외과의원,의원,부산,210003,부산동래구,"부산광역시 동래구 충렬대로 353, 3층 (안락동)",129.0975764,35.198561
일심한의원,한의원,부산,210010,부산사하구,"부산광역시 사하구 낙동대로 472, (하단동,로타리산업빌딩402호)",128.9683518,35.106955
임경수내과의원,의원,부산,210013,부산연제구,"부산광역시 연제구 과정로 114, 2층 (연산동)",129.1073392,35.1814314
임권일신경과의원,의원,부산,210010,부산사하구,"부산광역시 사하구 낙동남로 1400, 6층 601호 (하단동)",128.9646788,35.1058136
임명규피부과의원,의원,부산,210010,부산사하구,"부산광역시 사하구 다대로 550, 3층 (다대동)",128.9707449,35.0572853
임미란정신건강의학과의원,의원,부산,210009,부산해운대구,"부산광역시 해운대구 선수촌로 98, 경신빌딩 5층 (반여동)",129.1195202,35.2024093
임안과의원,의원,부산,210009,부산해운대구,"부산광역시 해운대구 신반송로 207, 4층 (반송동)",129.15741,35.2304351
임완재치과의원,치과의원,부산,210006,부산서구,"부산광역시 서구 대영로 44-1, (서대신동1가)",129.01642,35.1093849
임용빈신경과의원,의원,부산,210009,부산해운대구,"부산광역시 해운대구 양운로 82, 해운대화인크리닉센타 5층 503호 (좌동)",129.1755732,35.1704651
임용수이비인후과의원,의원,부산,210015,부산사상구,"부산광역시 사상구 대동로 98, 303,304호 (학장동, 반도보라상가)",128.9793928,35.1374118
임종인정형외과의원,의원,부산,210002,부산동구,"부산광역시 동구 중앙대로 365, 부산일보 2층 (수정동)",129.0480043,35.1285356
임태형내과의원,의원,부산,210009,부산해운대구,"부산광역시 해운대구 좌동순환로 441, 4층 (중동)",129.1725654,35.1613322
임페리어의원,의원,부산,210009,부산해운대구,"부산광역시 해운대구 해운대해변로 163, (우동, 현대베네시티아파트)",129.1505161,35.1585366
임해누리의료소비자생활협동조합 오륙도요양병원,요양병원,부산,210001,부산남구,"부산광역시 남구 용호로 132, 용성빌딩3,4층 (용호동)",129.1118658,35.1206275
임홍섭내과의원,의원,부산,210010,부산사하구,"부산광역시 사하구 낙동대로 205, 2층 (괴정동)",128.9941765,35.100225
잇츠베스트치과의원,치과의원,부산,210005,부산북구,"부산광역시 북구 만덕대로 72, 세방빌딩 3층 (덕천동)",129.0127748,35.2117643
자갈치1층정형외과의원,의원,부산,210008,부산중구,"부산광역시 중구 보수대로 16-1, 1층 (부평동2가)",129.0254408,35.0985199
자갈치남포마취통증의학과의원,의원,부산,210008,부산중구,"부산광역시 중구 구덕로 74-1, (남포동6가)",129.0275227,35.097863
자갈치중앙의원,의원,부산,210008,부산중구,"부산광역시 중구 구덕로 83, (남포동6가)",129.0269405,35.0971407
자경당한의원,한의원,부산,210013,부산연제구,"부산광역시 연제구 중앙대로 1111, 위드타워 12층 1201호 (연산동)",129.0811097,35.1867689
자기치아살리기드림플란트치과의원,치과의원,부산,210009,부산해운대구,"부산광역시 해운대구 달맞이길 135, (중동)",129.1773915,35.156815
자담 한의원,한의원,부산,210013,부산연제구,"부산광역시 연제구 중앙대로 1092, 2층 (연산동)",129.0812134,35.1850514
자명한의원,한의원,부산,210003,부산동래구,"부산광역시 동래구 충렬대로 405, (안락동)",129.1026658,35.1969658
자연과한의원,한의원,부산,210009,부산해운대구,"부산광역시 해운대구 센텀2로 25, 1001호 (우동, 센텀드림월드)",129.132947,35.1669544
자연과한의원,한의원,부산,210004,부산진구,"부산광역시 부산진구 가야대로 781-1, 6층 (부전동)",129.0571179,35.1580275
자연닮은한의원,한의원,부산,210001,부산남구,"부산광역시 남구 고동골로 29, 문현베스티움 상가 2층 209호 (문현동)",129.0701983,35.1399251
자연드림한의원,한의원,부산,210010,부산사하구,"부산광역시 사하구 장림번영로 41, (장림동)",128.9699482,35.0808446
자연미치과의원,치과의원,부산,210001,부산남구,"부산광역시 남구 수영로 198, 2층, 자연미치과의원 (대연동)",129.0882567,35.134681
자연안에 한의원,한의원,부산,210013,부산연제구,"부산광역시 연제구 월드컵대로 141, 동화빌딩 2,3층일부,12층 (연산동)",129.0805481,35.1861321
자연안에한의원,한의원,부산,210005,부산북구,"부산광역시 북구 만덕대로 9, 구포빌딩 5층 (덕천동)",129.0061292,35.210687
자연안에한의원중구점,한의원,부산,210008,부산중구,"부산광역시 중구 구덕로 80, 1,2,3층 (남포동6가)",129.0271129,35.0977606
자연치과의원,치과의원,부산,210008,부산중구,"부산광역시 중구 중앙대로29번길 4, (중앙동1가)",129.036053,35.1003644
자연한의원,한의원,부산,210015,부산사상구,"부산광역시 사상구 새벽로 166, 4층 (감전동)",128.9834778,35.1558723
자연한의원,한의원,부산,210004,부산진구,"부산광역시 부산진구 동평로 375-1, (양정동)",129.066223,35.174986
자연한의원,한의원,부산,210011,부산금정구,"부산광역시 금정구 중앙대로1841번길 15, (구서동)",129.0909746,35.2484637
자원당한의원,한의원,부산,210001,부산남구,"부산광역시 남구 문현로 69, 2층 (문현동, 대영빌딩)",129.0766616,35.1434831
자윤수한의원,한의원,부산,210001,부산남구,"부산광역시 남구 오륙도로 85, 202,203호 (용호동, 오륙도SK뷰2상가)",129.1193262,35.1030157
자이언트정형외과의원,의원,부산,210003,부산동래구,"부산광역시 동래구 충렬대로 222, 6,7,8층 (수안동)",129.0833198,35.2016245
자작나무한의원,한의원,부산,210004,부산진구,"부산광역시 부산진구 당감로 45, 2~3층, 5층 일부 (당감동)",129.0389929,35.1656698
자혜내과의원,의원,부산,210014,부산수영구,"부산광역시 수영구 과정로 60, 2층 (망미동)",129.1075405,35.1767192
잘빼는에스의원,의원,부산,210004,부산진구,"부산광역시 부산진구 중앙대로 777, 서면호텔 복합시설 2층 201호 (부전동)",129.0618849,35.1618574
장&전치과의원,치과의원,부산,210008,부산중구,"부산광역시 중구 중구로 51, (부평동1가)",129.027726,35.1024185
장검현소아청소년과의원,의원,부산,210010,부산사하구,"부산광역시 사하구 장평로 445, (괴정동)",128.9862383,35.0979285
장경선치과의원,치과의원,부산,210013,부산연제구,"부산광역시 연제구 고분로 28, (연산동)",129.0854121,35.1855514
장구락척정형외과의원,의원,부산,210010,부산사하구,"부산광역시 사하구 장림번영로 59, 1,8,9층 (장림동)",128.9719889,35.0809393
장기형내과의원,의원,부산,210010,부산사하구,"부산광역시 사하구 낙동대로 248, 7층 (괴정동, 우리메디칼센터)",128.9898938,35.0995551
장내과의원,의원,부산,210010,부산사하구,"부산광역시 사하구 다대로429번길 5, 3,4층 (다대동)",128.9803104,35.0643521
장대식정신건강의학과의원,의원,부산,210013,부산연제구,"부산광역시 연제구 중앙대로 1131, 4층 (연산동)",129.0806844,35.1885386
장덕한방병원,한방병원,부산,210006,부산서구,"부산광역시 서구 구덕로 220, 한웅캠퍼스타워 (부민동1가)",129.020286,35.104168
장동수치과의원,치과의원,부산,210003,부산동래구,"부산광역시 동래구 충렬대로238번길 7, 312, 313호 (수안동, 성완세띠앙)",129.0855628,35.2010118
장림다나아마취통증의학과의원,의원,부산,210010,부산사하구,"부산광역시 사하구 장림번영로 40, 장림메디컬 6층 (장림동)",128.9697485,35.0804772
장림더큰내과의원,의원,부산,210010,부산사하구,"부산광역시 사하구 장림번영로 40, 2층 (장림동)",128.9697485,35.0804772
장림연세내과의원,의원,부산,210010,부산사하구,"부산광역시 사하구 장림번영로 43, (장림동)",128.9701247,35.0808399
장림연합의원,의원,부산,210010,부산사하구,"부산광역시 사하구 하신중앙로22번길 9, (장림동)",128.9650796,35.0813532
장림치과의원,치과의원,부산,210010,부산사하구,"부산광역시 사하구 장림번영로 46, 2층 (장림동)",128.970328,35.0805158
장림한서병원,병원,부산,210010,부산사하구,"부산광역시 사하구 다대로 315, (장림동)",128.9769707,35.0741258
장미경산부인과의원,의원,부산,210002,부산동구,"부산광역시 동구 고관로 115-2, (수정동)",129.0466538,35.1291505
장미영산부인과의원,의원,부산,210100,부산기장군,"부산광역시 기장군 기장읍 읍내로 108-1, 파크빌딩 3층",129.2161885,35.2449099
장민혁이비인후과의원,의원,부산,210003,부산동래구,"부산광역시 동래구 사직북로 21, (사직동)",129.0602486,35.1977084
장사랑내과영상의학과의원,의원,부산,210010,부산사하구,"부산광역시 사하구 낙동대로 438, 2,3,5층 (당리동, 한국메디칼)",128.9707579,35.1048083
장산닥터남비뇨의학과의원,의원,부산,210009,부산해운대구,"부산광역시 해운대구 세실로 64, 310~312호 (좌동, 화목데파트)",129.177663,35.1709808
장산부부한의원,한의원,부산,210009,부산해운대구,"부산광역시 해운대구 좌동순환로 80, (좌동)",129.167646,35.1734589
장산최내과의원,의원,부산,210009,부산해운대구,"부산광역시 해운대구 세실로 64, 203, 204, 204-1호 (좌동, 화목데파트)",129.177663,35.1709808
장산한의원,한의원,부산,210009,부산해운대구,"부산광역시 해운대구 해운대로383번길 45, 2층 (우동)",129.1392411,35.1709991
장산힐의원,의원,부산,210009,부산해운대구,"부산광역시 해운대구 좌동로 88, 울트라타워 1201호, 1301~1302호 (좌동)",129.174951,35.1719523
장새로이내과의원,의원,부산,210004,부산진구,"부산광역시 부산진구 성지로 58, 3층 (연지동)",129.0549288,35.1757672
장생한의원,한의원,부산,210007,부산영도구,"부산광역시 영도구 동삼로 64, (동삼동)",129.0706151,35.0791786
장성봉일침한의원,한의원,부산,210009,부산해운대구,"부산광역시 해운대구 중동2로 7, 4층 (중동)",129.1646127,35.1626853
장수촌한의원,한의원,부산,210001,부산남구,"부산광역시 남구 분포로 111, 1005동 305호 (용호동, LG메트로시티 상가 )",129.1121446,35.1279925
장수한의원,한의원,부산,210006,부산서구,"부산광역시 서구 충무대로 276, (충무동1가)",129.0244466,35.0952302
장시원내과의원,의원,부산,210004,부산진구,"부산광역시 부산진구 가야대로 476-1, 4층 (개금동, 덕양빌딩)",129.0241632,35.1529083
장안성모의원,의원,부산,210100,부산기장군,"부산광역시 기장군 장안읍 월내2길 3, (장안읍)",129.2787425,35.3278476
장우성정신건강의학과의원,의원,부산,210006,부산서구,"부산광역시 서구 대영로 54, 4층 (서대신동1가, 대신메디컬센터)",129.0173389,35.1096821
장원석치과의원,치과의원,부산,210001,부산남구,"부산광역시 남구 수영로 233, (대연동, 민석빌딩 2층일부)",129.092185,35.1354275
장원한의원,한의원,부산,210005,부산북구,"부산광역시 북구 효열로 210, (금곡동)",129.0189482,35.2627539
장윤석이비인후과의원,의원,부산,210005,부산북구,"부산광역시 북구 백양대로 1017, 한성빌딩 4층 (구포동)",128.9945319,35.1967405
장윤희산부인과의원,의원,부산,210005,부산북구,"부산광역시 북구 만덕대로 14, (덕천동)",129.0067235,35.2102083
장전치과의원,치과의원,부산,210011,부산금정구,"부산광역시 금정구 금강로 342, (장전동)",129.0865607,35.2385895
장정형외과의원,의원,부산,210009,부산해운대구,"부산광역시 해운대구 재반로 237, 3,4층 (반여동)",129.1310389,35.1983933
장주경치과의원,치과의원,부산,210001,부산남구,"부산광역시 남구 수영로 330, 2층 (대연동, 신화빌딩)",129.101997,35.1380535
장진석내과의원,의원,부산,210008,부산중구,"부산광역시 중구 구덕로 5, 3,4,5층 (남포동1가)",129.0349785,35.097574
장창덕치과의원,치과의원,부산,210004,부산진구,"부산광역시 부산진구 가야대로 784, 5층 (부전동)",129.0574092,35.1573307
장창민치과의원,치과의원,부산,210007,부산영도구,"부산광역시 영도구 영선대로 83-1, 2층 (영선동2가)",129.0421304,35.0885268
장철호 치과의원,치과의원,부산,210014,부산수영구,"부산광역시 수영구 연수로 271-1, 2층 (망미동)",129.1005167,35.1733207
장치과의원,치과의원,부산,210003,부산동래구,"부산광역시 동래구 아시아드대로 225-1, 2층 (온천동)",129.0668238,35.2042719
장치과의원,치과의원,부산,210100,부산기장군,"부산광역시 기장군 장안읍 해맞이로 9, 2층 203호",129.2446369,35.3128838
장태섭정신건강의학과의원,의원,부산,210015,부산사상구,"부산광역시 사상구 광장로 77, 3층 (괘법동)",128.9849405,35.1626268
장튼튼내과의원,의원,부산,210009,부산해운대구,"부산광역시 해운대구 재반로 213-1, 우리약국 2, 4층 (반여동)",129.1306842,35.1963994
장튼튼아침내과의원,의원,부산,210014,부산수영구,"부산광역시 수영구 황령대로 493, 3층 (남천동)",129.107915,35.1382984
장팔팔내과의원,의원,부산,210009,부산해운대구,"부산광역시 해운대구 해운대로 369, 해운대센텀메디칼센터 3,4층 (우동)",129.1377353,35.1702057
장팔팔의원,의원,부산,210004,부산진구,"부산광역시 부산진구 범일로 146-1, 6층 (범천동)",129.0595765,35.1431035
장편한내과의원,의원,부산,210006,부산서구,"부산광역시 서구 대영로 46, 3층 (서대신동1가, 정원메디칼센터)",129.016651,35.1094302
장편한내과의원,의원,부산,210007,부산영도구,"부산광역시 영도구 동삼로 12, 2층 (동삼동)",129.0732743,35.0756551
장편한내과의원,의원,부산,210004,부산진구,"부산광역시 부산진구 당감서로 88, 3층 (부암동, 성우빌딩)",129.0368754,35.1684524
장한기안과의원,의원,부산,210011,부산금정구,"부산광역시 금정구 부곡로 120-1, 2층 (부곡동)",129.0920669,35.2265791
장혁기이비인후과의원,의원,부산,210014,부산수영구,"부산광역시 수영구 수영로 386-1, 원탄크리닉 2층 (남천동)",129.1071528,35.1409233
장혜경의원,의원,부산,210007,부산영도구,"부산광역시 영도구 동삼로 17, (동삼동)",129.0726229,35.0756301
장호선 피부과의원,의원,부산,210013,부산연제구,"부산광역시 연제구 봉수로 2, 힐스테이트 1단지 상가121동 201호 (연산동)",129.0888725,35.17336
재남한의원,한의원,부산,210010,부산사하구,"부산광역시 사하구 하신번영로 189, (신평동)",128.9595822,35.0987428
재단법인 대한환경보건원 좌천의원,의원,부산,210002,부산동구,"부산광역시 동구 망양로 873, (범일동)",129.0478355,35.1386264
재단법인 베스티안재단 베스티안부산병원,병원,부산,210005,부산북구,"부산광역시 북구 화명대로 1, (화명동)",129.0086207,35.2355818
재단법인 일신기독교선교회 맥켄지일신재활병원,병원,부산,210005,부산북구,"부산광역시 북구 금곡대로 133, (덕천동)",129.0077714,35.2209901
재단법인 일신기독교선교회 화명일신기독병원,병원,부산,210005,부산북구,"부산광역시 북구 금곡대로 264, (화명동)",129.0136905,35.2318295
재단법인씨젠의료재단씨젠부산의원,의원,부산,210002,부산동구,"부산광역시 동구 중앙대로 297, 6층7층8층9층 (초량동)",129.0437179,35.1232378
재단법인일신기독교선교회 일신기독병원,종합병원,부산,210002,부산동구,"부산광역시 동구 정공단로 27, (좌천동)",129.0543811,35.135783
재단법인천주교부산교구유지재단 메리놀병원,종합병원,부산,210008,부산중구,"부산광역시 중구 중구로 121, (대청동4가)",129.0324148,35.1076838
재단법인한국의학연구소부산의원,의원,부산,210002,부산동구,"부산광역시 동구 조방로 14, 동일타워 5층 403호 404호 405호 804호 805호 (범일동)",129.0634901,35.1387523
재생플란트치과의원,치과의원,부산,210009,부산해운대구,"부산광역시 해운대구 센텀2로 25, 센텀드림월드 203호 (우동)",129.132947,35.1669544
재생한의원,한의원,부산,210005,부산북구,"부산광역시 북구 기찰로 12, 이수빌딩 1층 101호 (덕천동)",129.0062857,35.2113848
재송남산의원,의원,부산,210009,부산해운대구,"부산광역시 해운대구 재반로 153, 2층 (재송동)",129.1279705,35.1917989
재송부부치과의원,치과의원,부산,210009,부산해운대구,"부산광역시 해운대구 재반로 83, (재송동)",129.1253473,35.1861008
재송한의원,한의원,부산,210009,부산해운대구,"부산광역시 해운대구 해운대로161번길 44, 1층 (재송동)",129.1254476,35.1855273
재원메디컬의원,의원,부산,210015,부산사상구,"부산광역시 사상구 사상로 236, 5,6층 (괘법동)",128.9830174,35.1659783
재원치과의원,치과의원,부산,210003,부산동래구,"부산광역시 동래구 여고북로 169, (온천동, 메디파크)",129.0741062,35.2022851
재호한의원,한의원,부산,210013,부산연제구,"부산광역시 연제구 중앙대로 1124, 2층 (연산동)",129.0814933,35.1878925
전광남정형외과의원,의원,부산,210009,부산해운대구,"부산광역시 해운대구 선수촌로 8-2, 1,2층 (반여동)",129.1185764,35.1947469
전대성한의원,한의원,부산,210004,부산진구,"부산광역시 부산진구 연수로 5, 양정로타리메디타운 6~8층 (양정동)",129.0719092,35.1733965
전란희한의원,한의원,부산,210005,부산북구,"부산광역시 북구 금곡대로 280-4, 2층 (화명동)",129.0138378,35.2332116
전명호내과의원,의원,부산,210011,부산금정구,"부산광역시 금정구 가마실로 21-1, 2층 (부곡동)",129.0913767,35.2248517
전봉균내과의원,의원,부산,210015,부산사상구,"부산광역시 사상구 대동로 100-1, (학장동)",128.9789481,35.1384226
전성업치과의원,치과의원,부산,210010,부산사하구,"부산광역시 사하구 장평로 299, (신평동)",128.9730925,35.0929046
전소은소아청소년과의원,의원,부산,210005,부산북구,"부산광역시 북구 금곡대로285번길 5, 303호 (화명동, 레지던스라움)",129.0131863,35.2336922
전심한의원,한의원,부산,210013,부산연제구,"부산광역시 연제구 연수로 105, 2층 (연산동)",129.0825807,35.175371
전윤숙 소아청소년과의원,의원,부산,210006,부산서구,"부산광역시 서구 대영로 54, 403호 (서대신동1가, 대신메디컬센터)",129.0173389,35.1096821
전재현치과의원,치과의원,부산,210001,부산남구,"부산광역시 남구 장고개로 108, 2층 (문현동)",129.0697168,35.1350207
전재호바른이치과의원,치과의원,부산,210014,부산수영구,"부산광역시 수영구 수영로652번길 6, 2층 207,208호 (광안동, 정원센텀뷰)",129.1148536,35.1637458
전종완성형외과의원,의원,부산,210005,부산북구,"부산광역시 북구 만덕대로 20, 5층 (덕천동, 백송빌딩)",129.0072857,35.2103496
전지홍내과의원,의원,부산,210013,부산연제구,"부산광역시 연제구 연수로 226, 2,3층 (연산동)",129.0952841,35.1733266
전치과의원,치과의원,부산,210007,부산영도구,"부산광역시 영도구 남항로 22-1, (남항동2가)",129.038905,35.0892133
전치과의원,치과의원,부산,210001,부산남구,"부산광역시 남구 고동골로 16, (문현동)",129.0713249,35.1383417
전치과의원,치과의원,부산,210004,부산진구,"부산광역시 부산진구 중앙대로680번가길 25, (부전동)",129.0607258,35.1545767
전태경비뇨의학과의원,의원,부산,210004,부산진구,"부산광역시 부산진구 동평로 422, 7층 (양정동)",129.070642,35.1728712
전포부부치과의원,치과의원,부산,210004,부산진구,"부산광역시 부산진구 동성로 47, 4층 (전포동)",129.0682069,35.1546808
전형관외과의원,의원,부산,210010,부산사하구,"부산광역시 사하구 다대로 549, (다대동)",128.9712808,35.0572343
전희재흉부외과의원,의원,부산,210004,부산진구,"부산광역시 부산진구 서면문화로 8, 하나은행서면지점 7층 (부전동)",129.0578741,35.1586762
정 산부인과의원,의원,부산,210100,부산기장군,"부산광역시 기장군 기장읍 차성동로 94, 1층(103호,104호),3층(302호)",129.2170108,35.2461629
정가정의학과의원,의원,부산,210004,부산진구,"부산광역시 부산진구 당감서로80번길 20, (당감동)",129.0380172,35.1673316
정경민치과의원,치과의원,부산,210009,부산해운대구,"부산광역시 해운대구 해운대로 793, 2층 208호 (좌동, 자생한방병원)",129.1753321,35.1695324
정경한의원,한의원,부산,210009,부산해운대구,"부산광역시 해운대구 중동1로 12, 6층 (우동)",129.1609742,35.1636042
정관고려한의원,한의원,부산,210100,부산기장군,"부산광역시 기장군 정관면 정관4로 37, 201호 (금샘프라자2)",129.1707441,35.3264918
정관뉴욕치과의원,치과의원,부산,210100,부산기장군,"부산광역시 기장군 정관읍 정관로 489, 제일프라자",129.1703607,35.3263845
정관늘편한내과의원,의원,부산,210100,부산기장군,"부산광역시 기장군 정관읍 정관로 581, 4층 401호 (성원프라자)",129.1774614,35.3212714
정관마취통증의학과의원,의원,부산,210100,부산기장군,"부산광역시 기장군 정관읍 정관로 563, 6층 603호",129.1756378,35.3219389
정관미소치과의원,치과의원,부산,210100,부산기장군,"부산광역시 기장군 정관면 정관로 560, 305호 (마치빌딩)",129.1750986,35.321356
정관미치과의원,치과의원,부산,210100,부산기장군,"부산광역시 기장군 정관면 정관로 698, 7층 (신영빌딩)",129.1894795,35.3208454
정관바른내과의원,의원,부산,210100,부산기장군,"부산광역시 기장군 정관읍 정관로 563, 2층 201,203호",129.1756378,35.3219389
정관보스톤치과의원,치과의원,부산,210100,부산기장군,"부산광역시 기장군 정관읍 정관로 561, 정관타워",129.1753817,35.3220259
정관서울튼튼마취통증의학과의원,의원,부산,210100,부산기장군,"부산광역시 기장군 정관읍 정관로 579, 4층",129.1771724,35.3213769
정관소망한의원,한의원,부산,210100,부산기장군,"부산광역시 기장군 정관면 정관로 385, 3층 (이지프라자)",129.165526,35.3349886
정관신치과의원,치과의원,부산,210100,부산기장군,"부산광역시 기장군 정관읍 정관로 615, 3층",129.1809101,35.3200413
정관아산내과의원,의원,부산,210100,부산기장군,"부산광역시 기장군 정관읍 정관로 395, 4층 403,404호",129.1660003,35.3341599
정관어린이치과의원,치과의원,부산,210100,부산기장군,"부산광역시 기장군 정관읍 정관로 569, 정관 제일타워 5층 501호",129.1762601,35.321684
정관에스(S)한의원,한의원,부산,210100,부산기장군,"부산광역시 기장군 정관읍 정관로 580, 2층 202-204호",129.1770786,35.3206356
정관에이스치과의원,치과의원,부산,210100,부산기장군,"부산광역시 기장군 정관읍 정관로 575-3, 5층 504호 (정관제일타워Ⅱ)",129.1767317,35.3215409
정관우리아동병원,병원,부산,210100,부산기장군,"부산광역시 기장군 정관읍 정관중앙로 56, 프라임빌딩",129.179536,35.3217486
정관유한의원,한의원,부산,210100,부산기장군,"부산광역시 기장군 정관읍 정관로 563, 401호",129.1756378,35.3219389
정관은혜의원,의원,부산,210100,부산기장군,"부산광역시 기장군 정관읍 정관로 389, 201호",129.1656999,35.3346947
정관이사랑치과의원,치과의원,부산,210100,부산기장군,"부산광역시 기장군 정관읍 정관로 395, (정관읍)",129.1660003,35.3341599
정관정형외과의원,의원,부산,210100,부산기장군,"부산광역시 기장군 정관읍 정관로 581, 5층",129.1774614,35.3212714
정관제일의원,의원,부산,210100,부산기장군,"부산광역시 기장군 정관읍 정관덕산길 35, 2층",129.1837416,35.322876
정관한의원,한의원,부산,210014,부산수영구,"부산광역시 수영구 광남로 217, (민락동)",129.1226635,35.1589815
정관현대의원,의원,부산,210100,부산기장군,"부산광역시 기장군 정관읍 정관로 579, 7~8,11층 1102호",129.1771724,35.3213769
정관현치과의원,치과의원,부산,210100,부산기장군,"부산광역시 기장군 정관읍 정관4로 40, 이인 메디컬 빌딩 4층",129.1711148,35.3261931
정근안과병원,병원,부산,210004,부산진구,"부산광역시 부산진구 가야대로 767, 지상4층 (부전동)",129.0555001,35.1580587
정내과영상의학과의원,의원,부산,210006,부산서구,"부산광역시 서구 구덕로285번길 1, 지하1, 지상1층 (서대신동1가)",129.0180142,35.1093621
정내과의원,의원,부산,210009,부산해운대구,"부산광역시 해운대구 좌동순환로 173, 502호 (좌동, 영풍프라자)",129.1752749,35.1781714
정내과의원,의원,부산,210004,부산진구,"부산광역시 부산진구 동평로 358, (양정동)",129.064376,35.1746018
정내과의원,의원,부산,210004,부산진구,"부산광역시 부산진구 당감로 15, (당감동)",129.0395331,35.1630076
정다운내과의원,의원,부산,210005,부산북구,"부산광역시 북구 은행나무로 6, (만덕동)",129.0373115,35.2089912
정다운의원,의원,부산,210014,부산수영구,"부산광역시 수영구 광일로 30, (광안동)",129.1109597,35.1624804
정다운치과의원,치과의원,부산,210010,부산사하구,"부산광역시 사하구 낙동대로 519, (하단동)",128.9654176,35.1103923
정다운치과의원,치과의원,부산,210004,부산진구,"부산광역시 부산진구 중앙대로 763-1, 2층 (부전동)",129.061018,35.1606315
정다운치과의원,치과의원,부산,210001,부산남구,"부산광역시 남구 황령대로319번가길 194, 3층 (대연동)",129.0894055,35.1502986
정다운한의원,한의원,부산,210100,부산기장군,"부산광역시 기장군 장안읍 해맞이로 408, (장안읍)",129.280549,35.3284181
정담한의원,한의원,부산,210010,부산사하구,"부산광역시 사하구 제석로 58, (당리동)",128.9748387,35.1056633
정담한의원,한의원,부산,210004,부산진구,"부산광역시 부산진구 백양대로 263, (개금동)",129.0225195,35.155268
정대수맑은신경과의원,의원,부산,210014,부산수영구,"부산광역시 수영구 수영로 384, 수영빌딩 6층 (남천동)",129.1069632,35.1407825
정도한의원,한의원,부산,210100,부산기장군,"부산광역시 기장군 정관면 정관로 565, 304호 (진우빌딩)",129.1759771,35.3218137
정동일한의원,한의원,부산,210004,부산진구,"부산광역시 부산진구 가야대로 601, (가야동)",129.0376534,35.1552237
정두윤치과의원,치과의원,부산,210009,부산해운대구,"부산광역시 해운대구 해운대로161번길 43-1, (재송동)",129.1252079,35.1856755
정든이비인후과의원,의원,부산,210004,부산진구,"부산광역시 부산진구 성지로 37, 상가3동 207,208,209호 (연지동, 래미안어반파크)",129.0544574,35.1741598
정림한의원,한의원,부산,210006,부산서구,"부산광역시 서구 구덕로 328, (동대신동3가)",129.0164051,35.1131276
정무철정형외과의원,의원,부산,210003,부산동래구,"부산광역시 동래구 동래로 25, 3,5층 (온천동)",129.0783424,35.2125513
정문호내과 의원,의원,부산,210001,부산남구,"부산광역시 남구 석포로 67, (감만동)",129.0877688,35.1242257
정민섭산부인과의원,의원,부산,210005,부산북구,"부산광역시 북구 금곡대로 312, 2층 (화명동)",129.0143496,35.2359746
정민정형외과의원,의원,부산,210005,부산북구,"부산광역시 북구 덕천로 310, (만덕동)",129.0378073,35.2092841
정부권소아청소년과의원,의원,부산,210013,부산연제구,"부산광역시 연제구 과정로 119, (연산동)",129.1069156,35.1821695
정비뇨기과의원,의원,부산,210005,부산북구,"부산광역시 북구 덕천로 299, (만덕동)",129.0365894,35.2097558
정상신한의원,한의원,부산,210001,부산남구,"부산광역시 남구 우암로 168, 2층 (우암동)",129.0785545,35.124611
정상재비뇨기과의원,의원,부산,210004,부산진구,"부산광역시 부산진구 중앙대로 753, (부전동, 수정빌딩)",129.0604833,35.1598537
정상한의원,한의원,부산,210003,부산동래구,"부산광역시 동래구 금강공원로 24, 1,-1층 (온천동)",129.082087,35.2191024
정석마취통증의학과의원,의원,부산,210005,부산북구,"부산광역시 북구 만덕대로 10-1, (덕천동)",129.0063646,35.2101186
정선한의원,한의원,부산,210015,부산사상구,"부산광역시 사상구 모라로110번길 85, (모라동)",128.9954755,35.1846481
정성다한의원,한의원,부산,210011,부산금정구,"부산광역시 금정구 중앙대로1841번길 24, (주)이마트금정점 2층 (구서동)",129.0906011,35.2499563
정성마취통증의학과의원,의원,부산,210003,부산동래구,"부산광역시 동래구 중앙대로 1325, 6층 603호 (온천동, 이센타워)",129.0775368,35.2053247
정성모한의원,한의원,부산,210011,부산금정구,"부산광역시 금정구 중앙대로 2101, (남산동)",129.0923607,35.271885
정성원신경외과의원,의원,부산,210004,부산진구,"부산광역시 부산진구 신암로 1, 4층 (범천동)",129.0557393,35.1421923
정성일의원,의원,부산,210011,부산금정구,"부산광역시 금정구 서동로 105, 3층 (서동)",129.0985042,35.2167018
정성훈성형외과의원,의원,부산,210004,부산진구,"부산광역시 부산진구 서면로 64, 6층 (부전동, 청석빌딩)",129.0580718,35.1564715
정세일비뇨기과의원,의원,부산,210008,부산중구,"부산광역시 중구 구덕로 4, (광복동1가)",129.0351408,35.0983145
정수화피부과의원,의원,부산,210005,부산북구,"부산광역시 북구 만덕대로 10-1, (덕천동)",129.0063646,35.2101186
정승문성형외과의원,의원,부산,210004,부산진구,"부산광역시 부산진구 가야대로 771, 2,3,4층 (부전동)",129.0558942,35.1579198
정승진내과의원,의원,부산,210015,부산사상구,"부산광역시 사상구 새벽로 167, (감전동)",128.9830894,35.1561819
정안과의원,의원,부산,210014,부산수영구,"부산광역시 수영구 수영로 611, 3층 (광안동)",129.1134486,35.1602962
정안메디컬의원,의원,부산,210100,부산기장군,"부산광역시 기장군 일광읍 해송2로 18, 3~8, 10층",129.2302423,35.267156
정안한의원,한의원,부산,210006,부산서구,"부산광역시 서구 충무대로 246, 101동 279호 (남부민동, 현대홈타운)",129.0242546,35.0925369
정앤김이비인후과의원,의원,부산,210009,부산해운대구,"부산광역시 해운대구 좌동순환로 174, 거성빌딩 402,802일부,901,902호 (좌동)",129.1750479,35.1776265
정양삼한의원,한의원,부산,210013,부산연제구,"부산광역시 연제구 신촌로 45-1, 1~4, 6층 (거제동)",129.0738005,35.1840619
정언섭맥의원,의원,부산,210013,부산연제구,"부산광역시 연제구 중앙대로 1107, 8층 (연산동)",129.0809947,35.1866707
정영기내과의원,의원,부산,210011,부산금정구,"부산광역시 금정구 중앙대로1985번길 1, (남산동)",129.0913661,35.2615078
정영철치과의원,치과의원,부산,210100,부산기장군,"부산광역시 기장군 기장읍 차성로288번길 40, 40",129.2157748,35.2429243
정요양병원,요양병원,부산,210007,부산영도구,"부산광역시 영도구 절영로 32, (대교동1가)",129.039072,35.0917091
정용래한의원,한의원,부산,210004,부산진구,"부산광역시 부산진구 자유평화로 17, 2층 (범천동)",129.0617853,35.1416767
정용학내과의원,의원,부산,210015,부산사상구,"부산광역시 사상구 백양대로 900, 3층 301호 (모라동)",128.9911173,35.1866793
정우영소아청소년과의원,의원,부산,210009,부산해운대구,"부산광역시 해운대구 센텀동로 25, A동 224호 (우동, 대우월드마크센텀아파트)",129.1314178,35.1714366
정우영정신건강의학과의원,의원,부산,210009,부산해운대구,"부산광역시 해운대구 중동1로 25-1, 3층 (중동)",129.1625433,35.1631041
정우창성형외과의원,의원,부산,210001,부산남구,"부산광역시 남구 수영로 300, 6층 (대연동, 비젼프라자)",129.0992454,35.1366658
정원기치과의원,치과의원,부산,210010,부산사하구,"부산광역시 사하구 낙동대로 236, (괴정동)",128.9911845,35.0997829
정원정형외과의원,의원,부산,210006,부산서구,"부산광역시 서구 대영로 46, (서대신동1가)",129.016651,35.1094302
정원택내과의원,의원,부산,210100,부산기장군,"부산광역시 기장군 기장읍 읍내로 101, GS25 2, 3층",129.2153506,35.24529
정윤식치과의원,치과의원,부산,210014,부산수영구,"부산광역시 수영구 수영로 579, (광안동)",129.1128258,35.157478
정이비인후과의원,의원,부산,210008,부산중구,"부산광역시 중구 흑교로 35, (부평동3가)",129.0250268,35.1027129
정이비인후과의원,의원,부산,210012,부산강서구,"부산광역시 강서구 명지오션시티11로 66, 502-1호 (명지동)",128.9031455,35.0840394
정인부부한의원,한의원,부산,210014,부산수영구,"부산광역시 수영구 황령대로489번길 24, 2층 (남천동)",129.1086027,35.1390857
정인섭치과의원,치과의원,부산,210003,부산동래구,"부산광역시 동래구 금강로 54, 3층 (온천동, 초산빌딩)",129.0770541,35.2141697
정인영치과의원,치과의원,부산,210011,부산금정구,"부산광역시 금정구 중앙대로 1927, (구서동)",129.0910939,35.2564199
정일당한의원,한의원,부산,210002,부산동구,"부산광역시 동구 대영로243번길 53, 2층 (초량동)",129.0382648,35.1145248
정일용치과의원,치과의원,부산,210004,부산진구,"부산광역시 부산진구 중앙대로783번길 11, 3층 301-303호 (부전동, 서면동원시티비스타)",129.0616529,35.1622015
정재영치과의원,치과의원,부산,210010,부산사하구,"부산광역시 사하구 장림번영로 28, (장림동)",128.9682879,35.0806359
정재영한의원,한의원,부산,210005,부산북구,"부산광역시 북구 금곡대로 16, 4층 (덕천동, 태림빌딩)",129.0050787,35.2115096
정재용치과의원,치과의원,부산,210010,부산사하구,"부산광역시 사하구 다대로 263, 6층 (장림동)",128.9777379,35.0788382
정제한의원,한의원,부산,210008,부산중구,"부산광역시 중구 대청로 101, (대청동2가)",129.030997,35.1030688
정준용내과의원,의원,부산,210004,부산진구,"부산광역시 부산진구 동평로 94, (당감동)",129.039779,35.165341
정지훈치과의원,치과의원,부산,210012,부산강서구,"부산광역시 강서구 신호산단2로 33, 402호 (신호동, 골든뷰4층)",128.8778006,35.0859719
정진모정형외과의원,의원,부산,210010,부산사하구,"부산광역시 사하구 다대로 541, 2,4층 (다대동, 삼정메디컬센터)",128.9717036,35.057915
정천규이비인후과의원,의원,부산,210015,부산사상구,"부산광역시 사상구 가야대로 296, (주례동)",129.0049467,35.1504016
정철호이비인후과의원,의원,부산,210010,부산사하구,"부산광역시 사하구 다대로 549, 4층 (다대동)",128.9712808,35.0572343
정치과의원,치과의원,부산,210006,부산서구,"부산광역시 서구 까치고개로 194, (아미동2가)",129.0169691,35.0998946
정태영정신건강의학과의원,의원,부산,210009,부산해운대구,"부산광역시 해운대구 좌동순환로 505, 701호, 702-1호 (중동)",129.1682073,35.165667
정한방병원,한방병원,부산,210013,부산연제구,"부산광역시 연제구 월드컵대로 125, 더웰타워 6층일부,9~11층 (연산동)",129.0818247,35.1852318
정한의원,한의원,부산,210011,부산금정구,"부산광역시 금정구 서동로 174, (서동)",129.1054079,35.2144005
정한의원,한의원,부산,210005,부산북구,"부산광역시 북구 화명대로 42, 1층 (화명동)",129.0126896,35.2344122
정한의원,한의원,부산,210004,부산진구,"부산광역시 부산진구 새싹로 34, (부전동)",129.0569475,35.1606973
정한호내과의원,의원,부산,210001,부산남구,"부산광역시 남구 수영로 196, (대연동)",129.088124,35.134743
정해철내과의원,의원,부산,210001,부산남구,"부산광역시 남구 수영로 17, (문현동)",129.0697368,35.1372331
정현부부치과의원,치과의원,부산,210003,부산동래구,"부산광역시 동래구 안락로 39, 2층 (안락동)",129.1013135,35.2003581
정형모정신건강의학과의원,의원,부산,210004,부산진구,"부산광역시 부산진구 가야대로 456, 8층 (개금동)",129.0219071,35.1529037
정혜경소아청소년과의원,의원,부산,210009,부산해운대구,"부산광역시 해운대구 삼어로 61, 204호 (반여동, 우방신세계타운주상가)",129.1154214,35.2037503
정혜인치과의원,치과의원,부산,210009,부산해운대구,"부산광역시 해운대구 해운대로 428, 209호 (우동, 동부올림픽타운상가)",129.1402172,35.1659184
정혜정치과의원,치과의원,부산,210013,부산연제구,"부산광역시 연제구 반송로 33, (연산동)",129.0840961,35.1883317
정혜진치과의원,치과의원,부산,210006,부산서구,"부산광역시 서구 충무대로 169, (남부민동)",129.0242031,35.0856893
정희내과의원,의원,부산,210015,부산사상구,"부산광역시 사상구 사상로 246, (괘법동)",128.9826389,35.1667643
제강한의원,한의원,부산,210007,부산영도구,"부산광역시 영도구 중리북로 42, (동삼동)",129.068841,35.0714771
제나성형외과의원,의원,부산,210004,부산진구,"부산광역시 부산진구 서면로 60, 5~7층 (부전동)",129.0580338,35.1561237
제나이비인후과의원,의원,부산,210009,부산해운대구,"부산광역시 해운대구 센텀2로 15, 401호 (우동, 센텀브라이언빌딩)",129.1323537,35.1677016
제네시스성형외과의원,의원,부산,210009,부산해운대구,"부산광역시 해운대구 해운대해변로 257, 하버타운 1305~1308호 (우동)",129.1595211,35.159687
제노시스디엔에이(DNA)의원,의원,부산,210009,부산해운대구,"부산광역시 해운대구 달맞이길 30, 포디움동 2005, 2006호 (중동, 엘시티)",129.1683765,35.161064
제니스라인치과교정과치과의원,치과의원,부산,210009,부산해운대구,"부산광역시 해운대구 마린시티2로 33, 104동 921호 (우동, 해운대두산위브더제니스)",129.145091,35.156667
제니스여성한의원,한의원,부산,210009,부산해운대구,"부산광역시 해운대구 마린시티2로 33, 104동 421~2호 (우동, 제니스스퀘어)",129.145091,35.156667
제니스파크요양병원,요양병원,부산,210001,부산남구,"부산광역시 남구 우암양달로75번길 29, (우암동)",129.0745087,35.1266005
제니크의원,의원,부산,210011,부산금정구,"부산광역시 금정구 부산대학로 49, 4층 (장전동, 오션프라자)",129.0856624,35.2311642
제니크의원,의원,부산,210009,부산해운대구,"부산광역시 해운대구 센텀남대로 50, 1001~3호 (우동, 센텀임페리얼타워)",129.1313001,35.1681037
제민한의원,한의원,부산,210005,부산북구,"부산광역시 북구 만덕2로 43, 2층 (만덕동)",129.0377854,35.2096608
제민한의원,한의원,부산,210002,부산동구,"부산광역시 동구 범일로 99, 2층 (범일동)",129.0591011,35.1388999
제생원한의원,한의원,부산,210004,부산진구,"부산광역시 부산진구 범일로 146-1, 진메디칼 8층 (범천동)",129.0595765,35.1431035
제안과의원,의원,부산,210014,부산수영구,"부산광역시 수영구 수영로 671, 4층 (광안동, 노블레스해인)",129.1144799,35.1657592
제영한의원,한의원,부산,210007,부산영도구,"부산광역시 영도구 상리로 35, (동삼동)",129.0681588,35.0846687
제우스남성의원,의원,부산,210004,부산진구,"부산광역시 부산진구 서면문화로 10, 10층 (부전동)",129.0576139,35.1588242
제원한의원,한의원,부산,210007,부산영도구,"부산광역시 영도구 태종로 144, (봉래동3가)",129.0451349,35.092297
제이공감 정신건강의학과의원,의원,부산,210003,부산동래구,"부산광역시 동래구 미남로132번길 112, 경우빌딩 5층 일부호 (온천동)",129.0753945,35.2052314
제이린안과의원,의원,부산,210004,부산진구,"부산광역시 부산진구 중앙대로 672, 4층 일부 (부전동)",129.0596393,35.1529881
제이린의원,의원,부산,210009,부산해운대구,"부산광역시 해운대구 센텀동로 25, 219~220호 (우동, 대우월드마크센텀아파트)",129.1314178,35.1714366
제이린의원,의원,부산,210004,부산진구,"부산광역시 부산진구 중앙대로 672, 4층 일부 (부전동)",129.0596393,35.1529881
제이린의원 남포점,의원,부산,210008,부산중구,"부산광역시 중구 구덕로 5, 10,11층 (남포동1가)",129.0349785,35.097574
제이스타성형외과의원,의원,부산,210004,부산진구,"부산광역시 부산진구 가야대로784번길 3, 2층,3층,4층 (부전동)",129.0573166,35.1572506
제이에스성형외과의원,의원,부산,210003,부산동래구,"부산광역시 동래구 충렬대로 219, 마노 5층 (명륜동)",129.0832741,35.2023046
제이엠가정의학과의원,의원,부산,210009,부산해운대구,"부산광역시 해운대구 센텀남대로 50, 센템임페리얼타워 2층 202 일부호, 센텀1로 9, S동 311, 312호 (우동)",129.1313001,35.1681037
제이영의원,의원,부산,210009,부산해운대구,"부산광역시 해운대구 좌동순환로 505, 센트럴메디타워 9층 902~904호 (중동)",129.1682073,35.165667
제이오성형외과의원,의원,부산,210004,부산진구,"부산광역시 부산진구 서면로68번길 1, 12,13층 (부전동)",129.0580729,35.1568836
제이케이(JK)맑은피부과의원,의원,부산,210011,부산금정구,"부산광역시 금정구 중앙대로1841번길 15, 7층 (구서동, 명성빌딩)",129.0909746,35.2484637
제이케이로마치과의원,치과의원,부산,210009,부산해운대구,"부산광역시 해운대구 해운대로 802, 웅신시네아트 A동 317호 (좌동)",129.1766569,35.1691635
제일가정의원,의원,부산,210014,부산수영구,"부산광역시 수영구 수영로 602-2, (광안동)",129.1137249,35.1594419
제일내과의원,의원,부산,210006,부산서구,"부산광역시 서구 까치고개로 202, (아미동2가)",129.0177793,35.0997287
제일마취통증의학과의원,의원,부산,210012,부산강서구,"부산광역시 강서구 명지오션시티11로 66, G타워 4층 404, 405호 (명지동)",128.9031455,35.0840394
제일바른치과교정과치과의원,치과의원,부산,210013,부산연제구,"부산광역시 연제구 아시아드대로 91, 대방빌딩 4층 (거제동)",129.066646,35.1927194
제일병리과의원,의원,부산,210014,부산수영구,"부산광역시 수영구 수영로 412, 5층 (남천동)",129.1089521,35.142685
제일부부치과의원,치과의원,부산,210006,부산서구,"부산광역시 서구 구덕로 310, 201호 (동대신동2가)",129.0174006,35.1116052
제일속시원내과의원,의원,부산,210013,부산연제구,"부산광역시 연제구 아시아드대로 79, 3층 (거제동)",129.0669549,35.1915766
제일속편한내과의원,의원,부산,210014,부산수영구,"부산광역시 수영구 광안해변로 293, JJ메디컬타워 3층 (민락동)",129.1254663,35.1565517
제일여성병원,병원,부산,210009,부산해운대구,"부산광역시 해운대구 좌동로 66, (중동)",129.173091,35.17073
제일의원,의원,부산,210004,부산진구,"부산광역시 부산진구 성지로 73, 3층 (초읍동)",129.0539931,35.1771171
제일정형외과의원,의원,부산,210014,부산수영구,"부산광역시 수영구 수영로 588, 지하1,1~2,4층 (광안동)",129.1134685,35.1581319
제일한의원,한의원,부산,210015,부산사상구,"부산광역시 사상구 가야대로 282, 2층 (주례동)",129.0035235,35.1502571
제정의원,의원,부산,210001,부산남구,"부산광역시 남구 천제등로 29, (대연동)",129.0885677,35.133213
제정한의원,한의원,부산,210013,부산연제구,"부산광역시 연제구 월드컵대로 18, (연산동)",129.0862523,35.1762687
제제한의원,한의원,부산,210011,부산금정구,"부산광역시 금정구 금강로 700, 3층 301~303호 (남산동, 남산시장빌딩)",129.0892947,35.2698588
제중원한의원,한의원,부산,210002,부산동구,"부산광역시 동구 수정로 23-1, 3층 (수정동)",129.044343,35.1281959
제중한의원,한의원,부산,210003,부산동래구,"부산광역시 동래구 석사로 10-1, (사직동)",129.061391,35.1981174
제창한의원,한의원,부산,210008,부산중구,"부산광역시 중구 흑교로 30, (부평동2가)",129.025452,35.1021004
젠의원,의원,부산,210009,부산해운대구,"부산광역시 해운대구 센텀남대로 50, A904호 (우동, 센텀임페리얼)",129.1313001,35.1681037
조갑래의원,의원,부산,210002,부산동구,"부산광역시 동구 조방로 19, 202호 (범일동)",129.0620919,35.1386066
조경숙가정의학과소아청소년과의원,의원,부산,210010,부산사하구,"부산광역시 사하구 하신중앙로 300-1, (하단동)",128.9635571,35.1037321
조경일안과의원,의원,부산,210009,부산해운대구,"부산광역시 해운대구 구남로29번길 38, (중동)",129.1623603,35.1626273
조기종치과의원,치과의원,부산,210011,부산금정구,"부산광역시 금정구 부곡로 77, 1,2층 (부곡동)",129.0906675,35.2228628
조내과김경미산부인과의원,의원,부산,210011,부산금정구,"부산광역시 금정구 수림로 15, 5층 (부곡동)",129.090704,35.239289
조동환정신건강의학과의원,의원,부산,210004,부산진구,"부산광역시 부산진구 서면로 64, (부전동)",129.0580718,35.1564715
조만종내과·김정호외과의원,의원,부산,210009,부산해운대구,"부산광역시 해운대구 신반송로 207, (반송동)",129.15741,35.2304351
조상호치과의원,치과의원,부산,210011,부산금정구,"부산광역시 금정구 서동로 147, (서동)",129.1026816,35.215071
조생한의원,한의원,부산,210011,부산금정구,"부산광역시 금정구 금강로 180, (장전동)",129.0821269,35.2245766
조석태마취통증의학과의원,의원,부산,210003,부산동래구,"부산광역시 동래구 충렬대로107번길 106, (온천동)",129.0734525,35.2114528
조성래의원,의원,부산,210004,부산진구,"부산광역시 부산진구 동성로 107, (전포동)",129.0670897,35.1596519
조성재치과의원,치과의원,부산,210011,부산금정구,"부산광역시 금정구 부산대학로 10, 2층 (부곡동, 대우상가 29동 202호)",129.0906883,35.2328414
조성호정형외과의원,의원,부산,210009,부산해운대구,"부산광역시 해운대구 해운대로91번길 10, (재송동)",129.1212434,35.1890753
조세규치과의원,치과의원,부산,210015,부산사상구,"부산광역시 사상구 새벽로 167, (감전동)",128.9830894,35.1561819
조승배의원,의원,부산,210010,부산사하구,"부산광역시 사하구 옥천로 14, 1층 (감천동)",129.0055849,35.0887698
조승호내과의원,의원,부산,210013,부산연제구,"부산광역시 연제구 과정로 286-1, 2층 (연산동)",129.0961536,35.1885078
조안영의원,의원,부산,210015,부산사상구,"부산광역시 사상구 학감대로49번길 34, 202,203,204호 (학장동, 도개공아파트상가)",128.9923612,35.1366767
조앤조내과신경과의원,의원,부산,210004,부산진구,"부산광역시 부산진구 동평로 422, 2,3층 (양정동)",129.070642,35.1728712
조영이비인후과의원,의원,부산,210001,부산남구,"부산광역시 남구 분포로 111, 1003동 203호 (용호동, 엘지메트로시티)",129.1121446,35.1279925
조영제치과의원,치과의원,부산,210006,부산서구,"부산광역시 서구 까치고개로 191, 3층 (아미동2가)",129.0169769,35.1002227
조영치과의원,치과의원,부산,210009,부산해운대구,"부산광역시 해운대구 해운대로 802, 웅신시네아트 A동 311호 (좌동)",129.1766569,35.1691635
조옥인치과의원,치과의원,부산,210009,부산해운대구,"부산광역시 해운대구 좌동순환로 309, 401호 (좌동, 삼성프라자)",129.1831954,35.1683712
조용길의원,의원,부산,210100,부산기장군,"부산광역시 기장군 기장읍 차성남로65번길 15, 4층",129.2153275,35.2428002
조윤일치과의원,치과의원,부산,210015,부산사상구,"부산광역시 사상구 엄궁북로 21, (엄궁동)",128.9727405,35.1286403
조윤정치과의원,치과의원,부산,210014,부산수영구,"부산광역시 수영구 광일로 28, 2층 (광안동, S.R빌딩)",129.1111767,35.1625071
조은가정의학과의원,의원,부산,210100,부산기장군,"부산광역시 기장군 장안읍 해맞이로 9, 2층 201호",129.2446369,35.3128838
조은굿모닝치과의원,치과의원,부산,210005,부산북구,"부산광역시 북구 화명대로 40, 현천휴먼 타워 2층 202호 (화명동)",129.0123598,35.234456
조은눈안과의원,의원,부산,210003,부산동래구,"부산광역시 동래구 온천장로 123-1, 5층 (온천동)",129.084789,35.2217307
조은마취통증의학과의원,의원,부산,210009,부산해운대구,"부산광역시 해운대구 좌동순환로 174, 502호 (좌동, 거성프라자)",129.1750479,35.1776265
조은메디의원,의원,부산,210004,부산진구,"부산광역시 부산진구 개금본동로 3, (개금동)",129.0252635,35.1580262
조은성모안과의원,의원,부산,210004,부산진구,"부산광역시 부산진구 가야대로 476-1, 5층 (개금동)",129.0241632,35.1529083
조은소아청소년과의원,의원,부산,210013,부산연제구,"부산광역시 연제구 반송로 89, 4층 404호 (연산동)",129.0882978,35.1915381
조은신경외과의원,의원,부산,210004,부산진구,"부산광역시 부산진구 가야대로 462, 1~2층,4~6층 (개금동)",129.0224752,35.1528673
조은어깨동무정형외과의원,의원,부산,210011,부산금정구,"부산광역시 금정구 온천장로 131, (장전동)",129.0849861,35.2223453
조은의원,의원,부산,210015,부산사상구,"부산광역시 사상구 새벽로168번길 51, (감전동)",128.9861872,35.1556512
조은의원,의원,부산,210005,부산북구,"부산광역시 북구 덕천로 299, 3층 (만덕동)",129.0365894,35.2097558
조은의원,의원,부산,210001,부산남구,"부산광역시 남구 장고개로 108, (문현동)",129.0697168,35.1350207
조은이비인후과의원,의원,부산,210004,부산진구,"부산광역시 부산진구 가야대로 462, 3층 (개금동)",129.0224752,35.1528673
조은장내과의원,의원,부산,210014,부산수영구,"부산광역시 수영구 과정로 54, 3층 (망미동)",129.1076756,35.1761841
조은치과의원,치과의원,부산,210015,부산사상구,"부산광역시 사상구 광장로 77, 6층 (괘법동)",128.9849405,35.1626268
조은치과의원,치과의원,부산,210011,부산금정구,"부산광역시 금정구 서동로 158-2, 4층 401호 (서동)",129.1037954,35.2146172
조은치과의원,치과의원,부산,210100,부산기장군,"부산광역시 기장군 정관읍 정관로 579, 10층",129.1771724,35.3213769
조은치과의원,치과의원,부산,210009,부산해운대구,"부산광역시 해운대구  신반송로 194-0, 2층 7호 (반송동)",129.160477,35.2302546
조은피부과의원,의원,부산,210005,부산북구,"부산광역시 북구 만덕대로 21, 7층 (덕천동)",129.0073181,35.2108582
조은항외과의원,의원,부산,210009,부산해운대구,"부산광역시 해운대구 좌동순환로 6, L TOWER 11층 (중동)",129.1680556,35.1672265
조이비뇨기과의원,의원,부산,210010,부산사하구,"부산광역시 사하구 낙동대로 438, 4층 (당리동)",128.9707579,35.1048083
조이비뇨의학과의원,의원,부산,210014,부산수영구,"부산광역시 수영구 수영로 577, 5층 (광안동)",129.1127221,35.157337
조이비인후과의원,의원,부산,210014,부산수영구,"부산광역시 수영구 수영로 511-1, 지하1~2층 (광안동)",129.1112215,35.1516236
조이안과의원,의원,부산,210007,부산영도구,"부산광역시 영도구 태종로 93, (대교동2가)",129.0412541,35.0918398
조이정형외과의원,의원,부산,210001,부산남구,"부산광역시 남구 수영로 277, (대연동, 라온빌딩3,4,6층)",129.0967844,35.1361049
조이피부과의원,의원,부산,210011,부산금정구,"부산광역시 금정구 수림로 15, 4층 (부곡동)",129.090704,35.239289
조이효요양병원,요양병원,부산,210010,부산사하구,"부산광역시 사하구 감천로 55, (감천동)",128.9987461,35.0905205
조인찬마취통증의학과의원,의원,부산,210011,부산금정구,"부산광역시 금정구 중앙대로 1943, 3층 (구서동)",129.0910815,35.25789
조일래비뇨기과의원,의원,부산,210005,부산북구,"부산광역시 북구 화명대로 35, (화명동)",129.0119897,35.2351559
조준만이비인후과의원,의원,부산,210003,부산동래구,"부산광역시 동래구 명륜로 191, 2층 (명륜동)",129.0824914,35.2109919
조진수소아청소년과의원,의원,부산,210001,부산남구,"부산광역시 남구 용호로 200, (용호동)",129.1108107,35.1144936
조진호치과의원,치과의원,부산,210010,부산사하구,"부산광역시 사하구 낙동대로 216, 4층 (괴정동)",128.9932212,35.1004044
조한의원,한의원,부산,210014,부산수영구,"부산광역시 수영구 광안로 4, (광안동, 광안동에스케이뷰)",129.1133756,35.1569388
조현대내과의원,의원,부산,210005,부산북구,"부산광역시 북구 금곡대로285번길 5, 402호 (화명동)",129.0131863,35.2336922
조현우한의원,한의원,부산,210003,부산동래구,"부산광역시 동래구 안락로 132, (안락동)",129.1112428,35.1988705
조호성치과의원,치과의원,부산,210006,부산서구,"부산광역시 서구 충무시장길 9, (충무동1가)",129.0237737,35.0959318
조호치과의원,치과의원,부산,210004,부산진구,"부산광역시 부산진구 중앙대로 755, (부전동)",129.0606066,35.160021
조홍욱이비인후과의원,의원,부산,210007,부산영도구,"부산광역시 영도구 동삼로 64, (동삼동)",129.0706151,35.0791786
조훈내과의원,의원,부산,210100,부산기장군,"부산광역시 기장군 정관읍 정관로 495, 3층 B호",129.1706709,35.3259152
존스킨한의원,한의원,부산,210004,부산진구,"부산광역시 부산진구 서면로 47, 빅보이타워 9층 (부전동)",129.057552,35.1549453
좋은날에 드라마여성병원,병원,부산,210003,부산동래구,"부산광역시 동래구 충렬대로 449, (안락동, 좋은날에드라마여성병원)",129.1076027,35.1961103
좋은마취통증의학과의원,의원,부산,210003,부산동래구,"부산광역시 동래구 아시아드대로 179, 6층 (사직동)",129.0643893,35.2007591
좋은문화병원,종합병원,부산,210002,부산동구,"부산광역시 동구 범일로 119, (범일동)",129.0590919,35.1408881
좋은보수가정의학과의원,의원,부산,210008,부산중구,"부산광역시 중구 대청로53번길 28, (보수동1가)",129.025582,35.1043263
좋은성모안과의원,의원,부산,210015,부산사상구,"부산광역시 사상구 백양대로 893, 궁전빌딩 6층 602호 (모라동)",128.9907076,35.1858648
좋은여성비뇨의학과의원,의원,부산,210004,부산진구,"부산광역시 부산진구 가야대로 462-1, 10층 (개금동)",129.0226048,35.1528735
좋은영도내과의원,의원,부산,210007,부산영도구,"부산광역시 영도구 태종로 97, (대교동2가)",129.0414774,35.0917093
좋은우리치과의원,치과의원,부산,210004,부산진구,"부산광역시 부산진구 신암로 1, (범천동, 혜원빌딩)",129.0557393,35.1421923
좋은의원,의원,부산,210009,부산해운대구,"부산광역시 해운대구 아랫반송로 57, 2층 (반송동)",129.1509433,35.222804
좋은이안과의원,의원,부산,210004,부산진구,"부산광역시 부산진구 가야대로 486, 6층 (개금동, 해동메디칼센터)",129.0251966,35.1528642
좋은이웃치과의원,치과의원,부산,210009,부산해운대구,"부산광역시 해운대구 좌동순환로 76, 신도프라자 2층 (좌동)",129.1675374,35.1730911
좋은치과의원,치과의원,부산,210004,부산진구,"부산광역시 부산진구 중앙대로 767, 5층 (부전동)",129.061303,35.1608859
좋은하루치과의원,치과의원,부산,210003,부산동래구,"부산광역시 동래구 시실로24번길 5, 2층 (명륜동)",129.0864026,35.2164418
좌동소아청소년과의원,의원,부산,210009,부산해운대구,"부산광역시 해운대구 세실로 43, 경동코아 506호 (좌동)",129.17845,35.1687646
좌두철한의원,한의원,부산,210014,부산수영구,"부산광역시 수영구 수영로 466, (남천동)",129.1105636,35.1474094
주관한의원,한의원,부산,210003,부산동래구,"부산광역시 동래구 석사로 22, 1층 (사직동)",129.0623482,35.1988583
주남혁소아청소년과의원,의원,부산,210006,부산서구,"부산광역시 서구 까치고개로 202, 2층 (아미동2가)",129.0177793,35.0997287
주례성모안과의원,의원,부산,210015,부산사상구,"부산광역시 사상구 가야대로 276, M-square 메디컬센터 9층 (주례동)",129.0027505,35.1500418
주례용한의원,한의원,부산,210015,부산사상구,"부산광역시 사상구 가야대로282번길 1, (주례동)",129.0034252,35.1501641
주례정치과의원,치과의원,부산,210015,부산사상구,"부산광역시 사상구 가야대로 274-3, 3층 (주례동)",129.0026097,35.1501509
주례참조은의원,의원,부산,210015,부산사상구,"부산광역시 사상구 냉정로 123, 2층 (주례동)",129.0134775,35.1497706
주례치과의원,치과의원,부산,210015,부산사상구,"부산광역시 사상구 가야대로 278-1, 5층 (주례동, 동원빌딩)",129.002983,35.1501467
주성산 이진용맘병원,병원,부산,210013,부산연제구,"부산광역시 연제구 거제대로 295, 8~11층 (거제동)",129.0781372,35.1924715
주안치과의원,치과의원,부산,210011,부산금정구,"부산광역시 금정구 수림로 55, 4층 (장전동)",129.0863137,35.239816
주외과의원,의원,부산,210004,부산진구,"부산광역시 부산진구 가야대로 750, (부전동)",129.0536536,35.1573296
주행행제한의원,한의원,부산,210003,부산동래구,"부산광역시 동래구 안락로 34, (안락동)",129.1006131,35.2002145
주호범이비인후과의원,의원,부산,210008,부산중구,"부산광역시 중구 흑교로 53-1, (보수동2가)",129.0245281,35.104234
준요양병원,요양병원,부산,210003,부산동래구,"부산광역시 동래구 충렬대로 372, (안락동, 안락동요양병원)",129.0991537,35.1973624
준의원,의원,부산,210014,부산수영구,"부산광역시 수영구 광남로 199, (광안동)",129.1206157,35.1585159
준의원,의원,부산,210009,부산해운대구,"부산광역시 해운대구 마린시티2로 33, 104동 202,203호 (우동, 해운대두산위브더제니스)",129.145091,35.156667
줌 구강악안면외과치과의원,치과의원,부산,210004,부산진구,"부산광역시 부산진구 가야대로 769, 7층 (부전동)",129.0557793,35.1580057
중앙내과의원,의원,부산,210004,부산진구,"부산광역시 부산진구 범일로 160, (범천동)",129.0595916,35.1443168
중앙부부치과의원,치과의원,부산,210013,부산연제구,"부산광역시 연제구 아시아드대로 46, 3층 (거제동)",129.0685335,35.1887382
중앙치과의원,치과의원,부산,210008,부산중구,"부산광역시 중구 광복로 15-2, (부평동1가)",129.0268929,35.09959
중앙치과의원,치과의원,부산,210008,부산중구,"부산광역시 중구 중앙대로 88, (중앙동4가)",129.0365674,35.1056836
중앙치과의원,치과의원,부산,210004,부산진구,"부산광역시 부산진구 범일로 152, (범천동)",129.0595825,35.1435893
중앙효요양병원,요양병원,부산,210010,부산사하구,"부산광역시 사하구 낙동대로 565, 2~4층 전부, 6~8층 전부, 9층 일부 (하단동)",128.9626711,35.113941
중외부부한의원,한의원,부산,210009,부산해운대구,"부산광역시 해운대구 우동1로20번길 77, 2층 (우동)",129.160251,35.16561
즐거운치과의원,치과의원,부산,210005,부산북구,"부산광역시 북구 백양대로 1193, (구포동)",129.004995,35.2089277
지니산부인과의원,의원,부산,210011,부산금정구,"부산광역시 금정구 부산대학로 23, (장전동, 태양빌딩)",129.0886913,35.230992
지동하이비인후과의원,의원,부산,210003,부산동래구,"부산광역시 동래구 충렬대로 239, 401호 (수안동, 수안메디칼센터)",129.0856419,35.2016571
지명철치과의원,치과의원,부산,210001,부산남구,"부산광역시 남구 용호로 233, (용호동)",129.1112583,35.1114385
지사한의원,한의원,부산,210012,부산강서구,"부산광역시 강서구 과학산단2로20번길 40-1, 1층 (지사동)",128.8351571,35.1505319
지산의원,의원,부산,210014,부산수영구,"부산광역시 수영구 광남로 223, (민락동)",129.123181,35.1590124
지산한의원,한의원,부산,210004,부산진구,"부산광역시 부산진구 당감로16번길 9, (당감동)",129.0400937,35.1633622
지상근내과의원,의원,부산,210010,부산사하구,"부산광역시 사하구 낙동대로 162, 2층 (괴정동)",128.9983688,35.1026867
지성한의원,한의원,부산,210003,부산동래구,"부산광역시 동래구 미남로132번길 17, (온천동,지산빌딩 3층)",129.0706069,35.2061141
지성한의원,한의원,부산,210001,부산남구,"부산광역시 남구 진남로 9, (대연동, (2층))",129.0915809,35.1358308
지성한의원,한의원,부산,210014,부산수영구,"부산광역시 수영구 수영로741번길 9, (수영동)",129.1206316,35.168774
지성한의원,한의원,부산,210004,부산진구,"부산광역시 부산진구 가야대로 586, (가야동)",129.0359406,35.1543348
지세스성형외과의원,의원,부산,210004,부산진구,"부산광역시 부산진구 가야대로784번길 29, 7층, 8층 (부전동)",129.0573576,35.1561335
지오치과의원,치과의원,부산,210005,부산북구,"부산광역시 북구 만덕대로 74, (덕천동)",129.0130586,35.2118279
지온병원,병원,부산,210011,부산금정구,"부산광역시 금정구 온천장로 146, 지하1,지상3~11층 (장전동)",129.0857488,35.2235566
지유네피부과의원,의원,부산,210001,부산남구,"부산광역시 남구 수영로 163, 2층 (대연동)",129.0844327,35.1349506
지종현소아과의원,의원,부산,210006,부산서구,"부산광역시 서구 구덕로 332, (동대신동3가)",129.0162529,35.1133555
지창준내과의원,의원,부산,210008,부산중구,"부산광역시 중구 대청로 124, (대청동1가)",129.0334754,35.1026175
지창하비뇨기과의원,의원,부산,210009,부산해운대구,"부산광역시 해운대구 좌동순환로 174, 302호 (좌동, 거성프라자)",129.1750479,35.1776265
지초한의원,한의원,부산,210004,부산진구,"부산광역시 부산진구 엄광로 31, 2층 일부 (개금동)",129.0196055,35.1483025
지현치과의원,치과의원,부산,210013,부산연제구,"부산광역시 연제구 과정로 224, (연산동)",129.1027993,35.1879283
지혜산부인과의원,의원,부산,210004,부산진구,"부산광역시 부산진구 동평로 422, 4층 (양정동)",129.070642,35.1728712
진(JIN)연세비뇨기과의원,의원,부산,210004,부산진구,"부산광역시 부산진구 가야대로 767-1, 6층 (부전동)",129.0556427,35.1580254
진내과의원,의원,부산,210001,부산남구,"부산광역시 남구 수영로 340, (대연동, 대연메디컬빌딩 2충)",129.1029533,35.1384594
진도순이비인후과의원,의원,부산,210001,부산남구,"부산광역시 남구 수영로 25, (문현동)",129.0705747,35.1372169
진명한의원,한의원,부산,210014,부산수영구,"부산광역시 수영구 연수로 375, (수영동)",129.1112781,35.1702579
진부부치과의원,치과의원,부산,210011,부산금정구,"부산광역시 금정구 수림로 13, 3층 (부곡동)",129.090936,35.2392803
진부부한의원,한의원,부산,210002,부산동구,"부산광역시 동구 진시장로 17, 2층 (범일동)",129.0584497,35.1373017
진성한의원,한의원,부산,210008,부산중구,"부산광역시 중구 대청로134번길 6, (동광동3가)",129.034616,35.1023279
진심을 담은 치과교정과 치과의원,치과의원,부산,210003,부산동래구,"부산광역시 동래구 우장춘로 7, 보민빌딩 6층 601호 (온천동)",129.0696459,35.208727
진안과의원,의원,부산,210009,부산해운대구,"부산광역시 해운대구 재반로 82, 3층 (재송동)",129.1257818,35.1860019
진정신건강의학과의원,의원,부산,210003,부산동래구,"부산광역시 동래구 충렬대로 239, 5층 501호 (수안동, 수안메디칼센터)",129.0856419,35.2016571
진피부과의원,의원,부산,210009,부산해운대구,"부산광역시 해운대구 좌동순환로 506, 7층 703,704호 (중동, 영풍리젠시)",129.1687362,35.1661755
진한의원,한의원,부산,210005,부산북구,"부산광역시 북구 효열로 222, 3층 (금곡동, 화목빌딩)",129.0196705,35.263649
진한의원,한의원,부산,210011,부산금정구,"부산광역시 금정구 온천장로125번길 6, (장전동, 영승빌딩202호)",129.0847891,35.2223265
진한의원,한의원,부산,210009,부산해운대구,"부산광역시 해운대구 해운대로 794, 601호 (좌동, 삼정엘리움)",129.1757451,35.168815
차담한의원,한의원,부산,210100,부산기장군,"부산광역시 기장군 일광읍 해빛6로 85-16, 2층 203,204호",129.2256459,35.2656352
차영일비뇨기과의원,의원,부산,210008,부산중구,"부산광역시 중구 중구로 4-2, (남포동5가)",129.028238,35.0982502
차외과의원,의원,부산,210100,부산기장군,"부산광역시 기장군 기장읍 읍내로 107-1, 2층",129.2161806,35.245264
차재헌치과의원,치과의원,부산,210003,부산동래구,"부산광역시 동래구 사직북로 21, (사직동)",129.0602486,35.1977084
차치과의원,치과의원,부산,210011,부산금정구,"부산광역시 금정구 금강로 205, 2층 (장전동, 금정산SKview@상가 301동 206,207호)",129.0824879,35.2267924
차한의원,한의원,부산,210006,부산서구,"부산광역시 서구 구덕로333번길 53, (서대신동3가)",129.013457,35.1124734
참고운치과의원,치과의원,부산,210009,부산해운대구,"부산광역시 해운대구 아랫반송로 37, 3층 (반송동)",129.1496144,35.2242087
참나무향한의원,한의원,부산,210009,부산해운대구,"부산광역시 해운대구 좌동순환로 173, 5층 501호 (좌동, 영풍프라자)",129.1752749,35.1781714
참내과의원,의원,부산,210004,부산진구,"부산광역시 부산진구 성지로 84-1, (초읍동)",129.0538361,35.1780974
참맑은내과의원,의원,부산,210100,부산기장군,"부산광역시 기장군 기장읍 읍내로 108-1, 파크빌딩 4, 5층",129.2161885,35.2449099
참바른내과의원,의원,부산,210100,부산기장군,"부산광역시 기장군 일광읍 해빛6로 85-16, 일광청보리더스 5층",129.2256459,35.2656352
참바른마취통증의학과의원,의원,부산,210010,부산사하구,"부산광역시 사하구 낙동대로 406, 청아빌딩 3층 (당리동)",128.9740178,35.1037239
참밝은안과의원,의원,부산,210009,부산해운대구,"부산광역시 해운대구 아랫반송로 12, 5층 (반송동)",129.1471653,35.2253583
참벗한의원,한의원,부산,210010,부산사하구,"부산광역시 사하구 다대로 437, 3층 (다대동)",128.9798421,35.0639982
참부부치과의원,치과의원,부산,210010,부산사하구,"부산광역시 사하구 낙동대로 213, 5층 (괴정동)",128.993539,35.0999895
참사랑복지의원,의원,부산,210001,부산남구,"부산광역시 남구 장고개로 6-1, 2층 (우암동)",129.0712168,35.1258505
참사랑의원,의원,부산,210015,부산사상구,"부산광역시 사상구 덕상로 14, (덕포동)",128.989194,35.1725069
참사랑의원,의원,부산,210002,부산동구,"부산광역시 동구 중앙대로231번길 17, 2층3층 (초량동)",129.0400003,35.1180615
참사랑의원,의원,부산,210001,부산남구,"부산광역시 남구 전포대로92번길 6, (문현동)",129.0673487,35.1448764
참사랑의원,의원,부산,210009,부산해운대구,"부산광역시 해운대구 해운대로76번길 65, 2층 일부호 (재송동)",129.1170107,35.1902979
참사랑이비인후과의원,의원,부산,210005,부산북구,"부산광역시 북구 화명대로 42, (화명동)",129.0126896,35.2344122
참사랑주치과의원,치과의원,부산,210014,부산수영구,"부산광역시 수영구 남천동로 36, 301호 (남천동, KM타워)",129.1116528,35.1412164
참사랑치과의원,치과의원,부산,210010,부산사하구,"부산광역시 사하구 다대로 128, (신평동)",128.9777084,35.0910993
참사랑치과의원,치과의원,부산,210009,부산해운대구,"부산광역시 해운대구 해운대로774번길 33, 파크브라이언오피스텔 201호 (좌동)",129.1771708,35.1667835
참사랑한의원,한의원,부산,210003,부산동래구,"부산광역시 동래구 충렬대로237번길 20, (수안동)",129.0855133,35.2023398
참사랑한의원,한의원,부산,210001,부산남구,"부산광역시 남구 석포로 48, (감만동)",129.0861765,35.1230732
참소망연합의원,의원,부산,210015,부산사상구,"부산광역시 사상구 가야대로 300, (주례동)",129.0054659,35.1504263
참신경외과의원,의원,부산,210009,부산해운대구,"부산광역시 해운대구 선수촌로 65-29, (반여동)",129.11727,35.1997825
참안과의원,의원,부산,210013,부산연제구,"부산광역시 연제구 중앙대로 1107, 연산동e메디칼 2층 (연산동)",129.0809947,35.1866707
참여성의원,의원,부산,210010,부산사하구,"부산광역시 사하구 낙동남로 1409, 12층 (하단동, 정우엠타워)",128.9658007,35.1065864
참요양병원,요양병원,부산,210004,부산진구,"부산광역시 부산진구 가야대로 451, 6,7,8층 (개금동)",129.0215342,35.1535618
참정신건강의학과의원,의원,부산,210005,부산북구,"부산광역시 북구 만덕대로 20-1, 나이키랜드 4층 (덕천동)",129.0074203,35.2103748
참조은내과의원,의원,부산,210005,부산북구,"부산광역시 북구 금곡대로 432, 4층 (금곡동)",129.0131738,35.2469749
참조은내과의원,의원,부산,210009,부산해운대구,"부산광역시 해운대구 재반로 82, (재송동, 장안빌딩 1층)",129.1257818,35.1860019
참조은내과의원,의원,부산,210013,부산연제구,"부산광역시 연제구 거제천로 89, 3층 (거제동)",129.0730645,35.1822768
참조은마취통증의학과의원,의원,부산,210013,부산연제구,"부산광역시 연제구 반송로 6, 7층 (연산동)",129.0824809,35.186266
참조은안과의원,의원,부산,210001,부산남구,"부산광역시 남구 수영로 246, (대연동, 2.3층일부)",129.0934908,35.1349657
참조은의원,의원,부산,210006,부산서구,"부산광역시 서구 천마로 195, (남부민동)",129.021961,35.0929173
참조은의원,의원,부산,210004,부산진구,"부산광역시 부산진구 동평로 102-2, (당감동,(1층))",129.0407476,35.1655968
참조은이비인후과의원,의원,부산,210010,부산사하구,"부산광역시 사하구 감천로 59, 2층 (감천동)",128.999001,35.0904003
참조은치과의원,치과의원,부산,210011,부산금정구,"부산광역시 금정구 중앙대로1841번길 23, 5층 (구서동)",129.0905196,35.2486095
참조은치과의원,치과의원,부산,210009,부산해운대구,"부산광역시 해운대구 중동1로 31, 2층 (중동)",129.1628786,35.1628065
참조은치과의원,치과의원,부산,210004,부산진구,"부산광역시 부산진구 엄광로 33, (개금동)",129.0197713,35.1483394
참조은한의원,한의원,부산,210015,부산사상구,"부산광역시 사상구 사상로 243-1, 2층 (괘법동, 김경택의원)",128.9822918,35.1665505
참좋은내과의원,의원,부산,210005,부산북구,"부산광역시 북구 만덕대로 15, 1층 (덕천동, 정암빌딩)",129.006706,35.2107268
참좋은내과의원,의원,부산,210015,부산사상구,"부산광역시 사상구 백양대로 893, 궁전빌딩 6층 601호 (모라동)",128.9907076,35.1858648
참좋은신경외과의원,의원,부산,210014,부산수영구,"부산광역시 수영구 과정로 69, 2,3,4,5층 (망미동)",129.1070255,35.1775723
참좋은정형외과신경과의원,의원,부산,210015,부산사상구,"부산광역시 사상구 백양대로 893, 궁전빌딩 501호 일부, 401호, 402호 (모라동)",128.9907076,35.1858648
참좋은정형외과의원,의원,부산,210007,부산영도구,"부산광역시 영도구 대교로 1, 미라클타워 2층일부층 (봉래동3가)",129.0442772,35.0926042
참좋은정형외과의원,의원,부산,210005,부산북구,"부산광역시 북구 금곡대로303번길 22, 정능빌딩 3층 303, 306호 (화명동)",129.0126499,35.235738
참좋은치과의원,치과의원,부산,210005,부산북구,"부산광역시 북구 백양대로 1028, (구포동)",128.9955318,35.1972333
참좋은치과의원,치과의원,부산,210001,부산남구,"부산광역시 남구 수영로 204, 1,2층 (대연동)",129.0888651,35.1347092
참치과의원,치과의원,부산,210007,부산영도구,"부산광역시 영도구 중리로 46-1, (동삼동)",129.0684293,35.0752268
참치과의원,치과의원,부산,210003,부산동래구,"부산광역시 동래구 충렬대로237번길 34, (수안동)",129.0856748,35.2030483
참편안마취통증의학과의원,의원,부산,210004,부산진구,"부산광역시 부산진구 개금온정로 6, 301호 (개금동, 개금블루스카이)",129.0255659,35.1536883
참편한마취통증의학과의원,의원,부산,210100,부산기장군,"부산광역시 기장군 정관읍 정관로 561, 정관타워 4층 401호",129.1753817,35.3220259
참편한마취통증의학과의원,의원,부산,210014,부산수영구,"부산광역시 수영구 수영로 582, 1, 6층 (광안동)",129.1133785,35.1576088
참편한치과의원,치과의원,부산,210003,부산동래구,"부산광역시 동래구 연안로 49, (안락동, 삼영빌딩)",129.1072813,35.192321
참편한한의원,한의원,부산,210014,부산수영구,"부산광역시 수영구 수영로705번길 5, 엠에스빌딩 2층 (수영동)",129.1164036,35.1681437
참편한한의원,한의원,부산,210004,부산진구,"부산광역시 부산진구 새싹로 19, 3층 (부전동)",129.0573082,35.159495
참편한한의원 부곡점,한의원,부산,210011,부산금정구,"부산광역시 금정구 부곡로 120, (부곡동)",129.092169,35.2264237
참힐링한의원,한의원,부산,210001,부산남구,"부산광역시 남구 수영로 261, 2층 201호, 202호 (대연동, 대연 SK VIEW Hills)",129.0938572,35.136867
창덕치과의원,치과의원,부산,210003,부산동래구,"부산광역시 동래구 사직북로 23-1, 2층 (사직동)",129.0602029,35.1979505
창록바른몸한의원,한의원,부산,210001,부산남구,"부산광역시 남구 수영로 237, (대연동, 대연 메디타워 601호)",129.0926269,35.135417
창명한의원,한의원,부산,210015,부산사상구,"부산광역시 사상구 사상로310번길 9, (덕포동)",128.984111,35.1724104
창성한의원,한의원,부산,210011,부산금정구,"부산광역시 금정구 범어천로52번길 6, (남산동)",129.0897148,35.2707991
창신한의원,한의원,부산,210010,부산사하구,"부산광역시 사하구 하신번영로 209, (하단동)",128.9581842,35.0997913
창해한의원,한의원,부산,210011,부산금정구,"부산광역시 금정구 중앙대로 1927, 2층 (구서동)",129.0910939,35.2564199
채경석비뇨기과의원,의원,부산,210011,부산금정구,"부산광역시 금정구 서동로 164, (서동)",129.1044517,35.2145718
채요한이비인후과의원,의원,부산,210009,부산해운대구,"부산광역시 해운대구 신반송로 207, (반송동)",129.15741,35.2304351
채움치과의원,치과의원,부산,210015,부산사상구,"부산광역시 사상구 광장로 76, 송원센터빌딩 4층 401호 (괘법동)",128.9847341,35.1615769
채정희치과의원,치과의원,부산,210001,부산남구,"부산광역시 남구 우암로 168-1, (우암동)",129.0783961,35.1246255
채치과의원,치과의원,부산,210004,부산진구,"부산광역시 부산진구 황령대로 1, (범천동)",129.0600182,35.1478654
척강의원,의원,부산,210004,부산진구,"부산광역시 부산진구 중앙대로 797, 삼정 그린코아 더 시티 2층 (부전동)",129.062925,35.1631853
척강한의원,한의원,부산,210004,부산진구,"부산광역시 부산진구 중앙대로 797, 삼정 그린코아 더 시티 2층 (부전동)",129.062925,35.1631853
척바로마취통증의학과의원,의원,부산,210015,부산사상구,"부산광역시 사상구 사상로 235, 3층 (괘법동)",128.9825365,35.1658995
척바른의원,의원,부산,210009,부산해운대구,"부산광역시 해운대구 재반로 80-1, 2층 (재송동)",129.125857,35.1858169
척시원병원,병원,부산,210002,부산동구,"부산광역시 동구 대영로 261, (초량동, 은성빌딩)",129.0392584,35.1118696
척척신경외과의원,의원,부산,210014,부산수영구,"부산광역시 수영구 수영로 690-5, 8층 (광안동, 메디세움)",129.1158494,35.1670367
"척척의원,한의원",의원,부산,210013,부산연제구,"부산광역시 연제구 중앙대로 1111, (연산동, 10층 일부)",129.0811097,35.1867689
"척척의원,한의원",한의원,부산,210013,부산연제구,"부산광역시 연제구 중앙대로 1111, (연산동, 10층 일부)",129.0811097,35.1867689
천걸음한의원,한의원,부산,210001,부산남구,"부산광역시 남구 수영로 240-1, 이지스퀘어빌딩 6층 601호 (대연동)",129.0930379,35.1349339
천내과의원,의원,부산,210001,부산남구,"부산광역시 남구 우암로 134, 삼진빌딩 2층 (감만동)",129.0809389,35.1222888
천리안안과의원,의원,부산,210009,부산해운대구,"부산광역시 해운대구 재반로 199, 2층 (반여동, 새아빌딩)",129.1304705,35.1951003
천리향한의원,한의원,부산,210014,부산수영구,"부산광역시 수영구 수영로 765-1, 2층 (수영동, 채안빌딩)",129.1226055,35.1669397
천마의원,의원,부산,210010,부산사하구,"부산광역시 사하구 옥천로 73-1, (감천동)",129.0090567,35.0932311
천보경희한의원,한의원,부산,210002,부산동구,"부산광역시 동구 범일로90번길 8, (범일동)",129.0603275,35.137874
천성의원,의원,부산,210007,부산영도구,"부산광역시 영도구 일산봉로 95, (청학동)",129.0652204,35.0903007
천용준정신건강의학과의원,의원,부산,210001,부산남구,"부산광역시 남구 용호로 50, 4층 (용호동)",129.1093223,35.1263364
천욱부피부과의원,의원,부산,210004,부산진구,"부산광역시 부산진구 중앙대로 675, (부전동)",129.0588361,35.15295
천지인한의원,한의원,부산,210001,부산남구,"부산광역시 남구 수영로 213, 1층 (대연동)",129.0901203,35.1352708
천지한의원,한의원,부산,210004,부산진구,"부산광역시 부산진구 복지로47번길 1, (개금동)",129.0207664,35.1489507
천초한의원,한의원,부산,210009,부산해운대구,"부산광역시 해운대구 반송로924번길 13, 2층 (반송동)",129.155582,35.2322411
첫사랑니치과의원,치과의원,부산,210009,부산해운대구,"부산광역시 해운대구 센텀1로 9, 롯데갤러리움센텀 S동 3층 316호 (우동)",129.1310641,35.1676318
청강한의원,한의원,부산,210003,부산동래구,"부산광역시 동래구 명륜로187번길 47, (명륜동)",129.0801684,35.2109162
청남한의원,한의원,부산,210015,부산사상구,"부산광역시 사상구 대동로 91, (학장동)",128.9778452,35.1383216
청담더나인의원,의원,부산,210009,부산해운대구,"부산광역시 해운대구 해운대로 602, 해피투모로우마린 3층 (우동)",129.1572157,35.162224
청담라인의원,의원,부산,210004,부산진구,"부산광역시 부산진구 서면로68번길 15, 7층 (부전동)",129.0585384,35.1562877
청담모바로의원,의원,부산,210004,부산진구,"부산광역시 부산진구 중앙대로 708, 12층 (부전동)",129.0594806,35.1561411
청담약손한의원,한의원,부산,210010,부산사하구,"부산광역시 사하구 낙동대로 211, 2층 (괴정동)",128.9937642,35.0999392
청담에스케이성형외과의원,의원,부산,210004,부산진구,"부산광역시 부산진구 가야대로 456, 7층 (개금동)",129.0219071,35.1529037
청담에이스의원,의원,부산,210014,부산수영구,"부산광역시 수영구 광안로 4, 305~306호 (광안동, 광안동에스케이뷰)",129.1133756,35.1569388
청담진의원,의원,부산,210010,부산사하구,"부산광역시 사하구 낙동남로 1389, 10층 (하단동)",128.9638146,35.106575
청담포유의원,의원,부산,210001,부산남구,"부산광역시 남구 용소로 4, (대연동, 동아빌딩7층)",129.100025,35.1367727
청담플러스의원,의원,부산,210009,부산해운대구,"부산광역시 해운대구 중동2로 16, 해운대온천센터 2층 일부호 (중동)",129.164556,35.1634328
청담한의원,한의원,부산,210010,부산사하구,"부산광역시 사하구 다대로 556, 2층 (다대동)",128.9705344,35.0567967
청담한의원,한의원,부산,210001,부산남구,"부산광역시 남구 용호로 54, 4층 402,403호 (용호동, 대영빌딩)",129.1096584,35.1261619
청담한의원,한의원,부산,210013,부산연제구,"부산광역시 연제구 거제천로 100, 1,2층 (연산동)",129.0739556,35.1828903
청담헤아린의원,의원,부산,210009,부산해운대구,"부산광역시 해운대구 센텀동로 9, 217-218호 (우동, 트럼프월드센텀아파트)",129.1324214,35.1703962
청랑한의원,한의원,부산,210003,부산동래구,"부산광역시 동래구 충렬대로 413, 2층 (안락동)",129.1036174,35.1968773
청림요양병원,요양병원,부산,210010,부산사하구,"부산광역시 사하구 낙동대로 377, (당리동)",128.9763507,35.1023457
청림한의원,한의원,부산,210003,부산동래구,"부산광역시 동래구 아시아드대로 223, 2층 (온천동)",129.0666743,35.203989
청맥병원,병원,부산,210004,부산진구,"부산광역시 부산진구 중앙대로 716-1, 지하1~지상6층 (부전동)",129.0595252,35.1566938
청명한의원,한의원,부산,210008,부산중구,"부산광역시 중구 자갈치로 70, 2층 (남포동4가)",129.0317932,35.0973832
청보한의원,한의원,부산,210005,부산북구,"부산광역시 북구 백양대로 1203-1, 3층 (구포동)",129.0051429,35.2096492
청산한의원,한의원,부산,210004,부산진구,"부산광역시 부산진구 동평로 111, (부암동)",129.0414817,35.1661248
청솔마취통증의학과의원,의원,부산,210004,부산진구,"부산광역시 부산진구 서면문화로 8, 301호 (부전동, 목원빌딩)",129.0578741,35.1586762
청심당 한의원,한의원,부산,210013,부산연제구,"부산광역시 연제구 과정로 212, 2층 (연산동)",129.1040637,35.1879561
청심한의원,한의원,부산,210005,부산북구,"부산광역시 북구 만덕대로 34-1, 2,3층 (덕천동)",129.008888,35.2107867
청아인한의원,한의원,부산,210008,부산중구,"부산광역시 중구 대청로 79-1, (대청동3가)",129.0286856,35.1031128
청아치과의원,치과의원,부산,210010,부산사하구,"부산광역시 사하구 하신중앙로 184, 203호 (신평동)",128.9623089,35.0952862
청아치과의원,치과의원,부산,210004,부산진구,"부산광역시 부산진구 중앙대로 900, 4층 (양정동, 영진제우스)",129.0696782,35.1704677
청아치과의원,치과의원,부산,210011,부산금정구,"부산광역시 금정구 중앙대로 1943, (구서동)",129.0910815,35.25789
청안한의원,한의원,부산,210005,부산북구,"부산광역시 북구 백양대로1015번길 34-20, 태강 2층 (구포동)",128.9947579,35.1970881
청유한의원,한의원,부산,210014,부산수영구,"부산광역시 수영구 연수로 337, 1~2층 (망미동)",129.1075457,35.1719432
청춘내과마취통증의학과의원,의원,부산,210009,부산해운대구,"부산광역시 해운대구 신반송로 194, 2층 8호 (반송동, 광하아파트)",129.160477,35.2302546
청춘안과의원,의원,부산,210003,부산동래구,"부산광역시 동래구 명륜로103번길 19, 1~6층 (명륜동)",129.0819685,35.2029217
청춘한의원,한의원,부산,210004,부산진구,"부산광역시 부산진구 복지로 61, (개금동)",129.0207464,35.1474388
청학치과의원,치과의원,부산,210007,부산영도구,"부산광역시 영도구 태종로 325, (청학동)",129.061389,35.0966186
청현한의원,한의원,부산,210003,부산동래구,"부산광역시 동래구 반송로339번길 8, (명장동)",129.1031865,35.2103612
청희당한의원,한의원,부산,210014,부산수영구,"부산광역시 수영구 수영로 582, (광안동)",129.1133785,35.1576088
체담한방병원,한방병원,부산,210005,부산북구,"부산광역시 북구 만덕대로 23, 폴라렉스 11, 12층 (덕천동)",129.0075924,35.2111163
체미안의원,의원,부산,210004,부산진구,"부산광역시 부산진구 가야대로 785, (부전동)",129.0574677,35.1581247
초량박이비인후과의원,의원,부산,210002,부산동구,"부산광역시 동구 초량중로 75, (초량동)",129.0390051,35.1186652
초량치과의원,치과의원,부산,210002,부산동구,"부산광역시 동구 중앙대로221번길 43, 초량골든힐오피스텔 (초량동)",129.0380499,35.1175623
초량한의원,한의원,부산,210002,부산동구,"부산광역시 동구 초량중로 75, 2층 (초량동)",129.0390051,35.1186652
초록마취통증의학과의원,의원,부산,210015,부산사상구,"부산광역시 사상구 대동로 95, 5층 1라호 (학장동, 기산쇼핑스포렉스)",128.9779261,35.1384964
초민한의원,한의원,부산,210006,부산서구,"부산광역시 서구 대영로 86, (동대신동1가)",129.0205025,35.1108267
초심한의원,한의원,부산,210001,부산남구,"부산광역시 남구 황령대로319번가길 194, (대연동)",129.0894055,35.1502986
초연한의원,한의원,부산,210004,부산진구,"부산광역시 부산진구 성지로 74, 1층 (초읍동)",129.0543462,35.1772903
초읍경희한의원,한의원,부산,210004,부산진구,"부산광역시 부산진구 새싹로 247-2, (초읍동)",129.0478253,35.1782197
초읍세일정형외과의원,의원,부산,210004,부산진구,"부산광역시 부산진구 성지로 86, (초읍동)",129.0537684,35.178197
초읍예담한의원,한의원,부산,210004,부산진구,"부산광역시 부산진구 성지로 34, 3층 (연지동)",129.0550615,35.1737195
초읍예치과의원,치과의원,부산,210004,부산진구,"부산광역시 부산진구 새싹로 215, (초읍동)",129.0485365,35.1752947
초읍치과의원,치과의원,부산,210004,부산진구,"부산광역시 부산진구 성지로 87-1, (초읍동)",129.0531971,35.1783388
초읍한의원,한의원,부산,210004,부산진구,"부산광역시 부산진구 백양산로54번길 13, 한솔빌딩 지하층 비103호 (부암동)",129.0314539,35.1742955
초읍해맑은한의원,한의원,부산,210004,부산진구,"부산광역시 부산진구 새싹로 218, 2층 (초읍동)",129.0488528,35.175616
초하한의원,한의원,부산,210011,부산금정구,"부산광역시 금정구 중앙대로1945번길 60, 3층 (구서동)",129.0879993,35.2581058
총백한의원,한의원,부산,210001,부산남구,"부산광역시 남구 못골로 84, 2층 (대연동)",129.0913314,35.1359612
최가정의원,의원,부산,210015,부산사상구,"부산광역시 사상구 모라로192번길 20-21, 상가가동 201,202호 (모라동, 주공아파트3단지)",128.9990679,35.182932
최가정의학과의원,의원,부산,210009,부산해운대구,"부산광역시 해운대구 재반로 248, 2층 (반여동)",129.131566,35.1992916
최경규한의원,한의원,부산,210014,부산수영구,"부산광역시 수영구 황령대로473번길 16, 1층(남천동) (남천동)",129.1069298,35.1397416
최경희내과의원,의원,부산,210010,부산사하구,"부산광역시 사하구 다대로 271, 2층 (장림동)",128.9775848,35.0780889
최계두내과의원,의원,부산,210001,부산남구,"부산광역시 남구 수영로 203, (대연동)",129.0889129,35.1351854
최광웅내과의원,의원,부산,210010,부산사하구,"부산광역시 사하구 낙동대로 223, (괴정동)",128.9925512,35.0996814
최난금이비인후과의원,의원,부산,210011,부산금정구,"부산광역시 금정구 부곡로 118, 2층 (부곡동)",129.0920353,35.2263484
최내과의원,의원,부산,210011,부산금정구,"부산광역시 금정구 금강로 322, 1층 (장전동)",129.0866368,35.2365846
최덕천치과의원,치과의원,부산,210001,부산남구,"부산광역시 남구 용호로178번길 3, (용호동)",129.1107816,35.1162565
최덕철소아청소년과의원,의원,부산,210007,부산영도구,"부산광역시 영도구 동삼로 23, 4층 (동삼동)",129.0718953,35.0759084
최동정형외과의원,의원,부산,210007,부산영도구,"부산광역시 영도구 절영로 49, (남항동1가)",129.0387703,35.0901213
최동준치과의원,치과의원,부산,210014,부산수영구,"부산광역시 수영구 과정로 43, (망미동)",129.1072682,35.1751671
최미영여성의원,의원,부산,210005,부산북구,"부산광역시 북구 만덕대로 58, 2층 (덕천동)",129.0114353,35.2113769
최병문내과의원,의원,부산,210013,부산연제구,"부산광역시 연제구 연수로 217, 2층 (연산동)",129.094581,35.1738232
최봉근소아과의원,의원,부산,210003,부산동래구,"부산광역시 동래구 충렬대로 467, (안락동)",129.1092979,35.1954151
최상룡치과의원,치과의원,부산,210010,부산사하구,"부산광역시 사하구 감천로 119, 2층 (감천동)",129.0047965,35.0878007
최상호성형외과의원,의원,부산,210008,부산중구,"부산광역시 중구 구덕로 83, (남포동6가)",129.0269405,35.0971407
최샘내과의원,의원,부산,210008,부산중구,"부산광역시 중구 구덕로 4-1, 2층 (광복동1가)",129.0349784,35.0982611
최성원내과의원,의원,부산,210012,부산강서구,"부산광역시 강서구 명지국제8로 240, 2층 202,203호 (명지동)",128.9188877,35.0978297
최성철내과의원,의원,부산,210009,부산해운대구,"부산광역시 해운대구 선수촌로 64, 2층 (반여동)",129.1189658,35.1993177
최성호비뇨기과의원,의원,부산,210006,부산서구,"부산광역시 서구 구덕로 120-1, (토성동4가)",129.0230929,35.0967643
최소아청소년과의원,의원,부산,210005,부산북구,"부산광역시 북구 시랑로 71, 2층 (구포동)",129.0058459,35.19949
최시열한의원,한의원,부산,210004,부산진구,"부산광역시 부산진구 중앙대로 611, (범천동)",129.0585046,35.147407
최신영내과의원,의원,부산,210002,부산동구,"부산광역시 동구 중앙대로 169, 210호211호 (초량동, 태영노블리안오피스텔)",129.0381714,35.1129414
최안과의원,의원,부산,210004,부산진구,"부산광역시 부산진구 동평로 94, 당감 메디칼센터 2층 (당감동)",129.039779,35.165341
최양숙소아청소년과의원,의원,부산,210011,부산금정구,"부산광역시 금정구 금강로 442, 2층 (구서동, 보배빌딩)",129.0891126,35.2470219
최영주산부인과의원,의원,부산,210009,부산해운대구,"부산광역시 해운대구 해운대로 802, B동 302호 (좌동, 웅신시네아트)",129.1766569,35.1691635
최용운외과의원,의원,부산,210008,부산중구,"부산광역시 중구 대청로 99, (대청동2가)",129.0308436,35.1030497
최우근내과의원,의원,부산,210011,부산금정구,"부산광역시 금정구 금강로 563, 2층 (구서동)",129.0875728,35.257707
최우석치과의원,치과의원,부산,210010,부산사하구,"부산광역시 사하구 하신중앙로 350, (하단동)",128.9684477,35.1055936
최웅식의원,의원,부산,210004,부산진구,"부산광역시 부산진구 신암로 1, (범천동)",129.0557393,35.1421923
최원락내과의원,의원,부산,210010,부산사하구,"부산광역시 사하구 옥천로 5, (감천동)",129.0050758,35.0881184
최원만의원,의원,부산,210014,부산수영구,"부산광역시 수영구 수영로384번길 39, 3층 (남천동, 청운빌딩)",129.1082085,35.1395342
최원복소아청소년과의원,의원,부산,210001,부산남구,"부산광역시 남구 수영로 323, 태강프라자 201호 (대연동)",129.1010282,35.1382148
최원영치과의원,치과의원,부산,210002,부산동구,"부산광역시 동구 고관로 96-1, (수정동)",129.0454395,35.1275488
최원혁사랑니치과의원,치과의원,부산,210004,부산진구,"부산광역시 부산진구 가야대로 775-1, 2층 (부전동)",129.0564371,35.1579191
최은석치과의원,치과의원,부산,210010,부산사하구,"부산광역시 사하구 하신번영로201번길 1, (신평동)",128.9581332,35.0988839
최은정성형외과의원,의원,부산,210004,부산진구,"부산광역시 부산진구 서면로 61-1, (부전동)",129.0575788,35.1562736
최은종치과의원,치과의원,부산,210003,부산동래구,"부산광역시 동래구 충렬대로 487, 201호 (안락동, 안락 SK아파트)",129.1115735,35.1959826
최재상정형외과의원,의원,부산,210009,부산해운대구,"부산광역시 해운대구 해운대로161번길 33, 2,3층 (재송동)",129.1247153,35.1849864
최정숙내과의원,의원,부산,210100,부산기장군,"부산광역시 기장군 기장읍 읍내로 93, (기장읍)",129.2147273,35.2452768
최정신건강의학과의원,의원,부산,210013,부산연제구,"부산광역시 연제구 중앙대로 1111, (연산동, 8층 일부)",129.0811097,35.1867689
최정화소아청소년과의원,의원,부산,210001,부산남구,"부산광역시 남구 분포로 113, 1001동 206호 (용호동, 엘지메트로시티분산1상가))",129.109571,35.129786
최종석치과의원,치과의원,부산,210004,부산진구,"부산광역시 부산진구 서전로 7, (부전동)",129.0605246,35.157935
최주현치과의원,치과의원,부산,210001,부산남구,"부산광역시 남구 수영로 252, 3층 (대연동)",129.0941229,35.135072
최지원 치과의원,치과의원,부산,210014,부산수영구,"부산광역시 수영구 광안해변로294번길 3, A동 201호 (민락동, 진로비치아파트상가)",129.1259861,35.1562743
최진섭신경외과의원,의원,부산,210011,부산금정구,"부산광역시 금정구 두실로 26, 진경빌딩 3,4,5층 (남산동)",129.0885254,35.2609069
최창수치과의원,치과의원,부산,210002,부산동구,"부산광역시 동구 초량로 35, 초량 해성빌딩 5,6층 (초량동)",129.0384538,35.1202254
최철민치과교정과치과의원,치과의원,부산,210014,부산수영구,"부산광역시 수영구 수영로 394, 3층 (남천동)",129.1075702,35.1414169
최춘한내과의원,의원,부산,210003,부산동래구,"부산광역시 동래구 아시아드대로 184, 2,3층 (사직동)",129.0650946,35.2007547
최치과의원,치과의원,부산,210012,부산강서구,"부산광역시 강서구 명지새동네길1번길 32, (명지동)",128.9316838,35.1098994
최치과의원,치과의원,부산,210009,부산해운대구,"부산광역시 해운대구 구남로29번길 38, 혜천빌딩 4층 (중동)",129.1623603,35.1626273
최태룡내과의원,의원,부산,210005,부산북구,"부산광역시 북구 시랑로 66, (구포동)",129.0053264,35.1997703
최태수치과의원,치과의원,부산,210008,부산중구,"부산광역시 중구 대청로 83, (대청동3가)",129.0290067,35.1031402
최현정가정의학과의원,의원,부산,210002,부산동구,"부산광역시 동구 고관로 126, 2층 (수정동)",129.0474913,35.1296108
최홍주소아청소년과의원,의원,부산,210010,부산사하구,"부산광역시 사하구 제석로 56, (당리동)",128.9747845,35.1055624
최환준내과의원,의원,부산,210003,부산동래구,"부산광역시 동래구 아시아드대로 225, 2층 (온천동)",129.0666022,35.2042991
추교용이비인후과의원,의원,부산,210006,부산서구,"부산광역시 서구 구덕로 311, (서대신동2가)",129.0168123,35.1116415
추성의원,의원,부산,210010,부산사하구,"부산광역시 사하구 승학로 151-2, (괴정동)",128.9836155,35.1027298
추정형외과의원,의원,부산,210014,부산수영구,"부산광역시 수영구 과정로 54, 5층, 6층 (망미동)",129.1076756,35.1761841
춘해당한의원,한의원,부산,210010,부산사하구,"부산광역시 사하구 다대로 483, 현대빌딩 201호 (다대동)",128.97633,35.0614077
충무새힘한의원,한의원,부산,210006,부산서구,"부산광역시 서구 구덕로 109-1, (충무동1가)",129.0240053,35.096244
충무한의원,한의원,부산,210006,부산서구,"부산광역시 서구 자갈치로 5, (충무동1가)",129.0250143,35.0964361
치아발전소치과의원,치과의원,부산,210009,부산해운대구,"부산광역시 해운대구 해운대로 802, 웅신시네아트 5층 501,502호 (좌동)",129.1766569,35.1691635
치아사랑치과의원,치과의원,부산,210014,부산수영구,"부산광역시 수영구 광남로 48-1, 2층 (남천동, 부천빌딩)",129.1121773,35.1468705
치앤추한의원,한의원,부산,210001,부산남구,"부산광역시 남구 용호로 153, 2,4층 (용호동)",129.111994,35.1184884
치항외과의원,의원,부산,210001,부산남구,"부산광역시 남구 용호로 135, 4층 (용호동, 성호빌딩)",129.1124214,35.1201112
카멜리아한의원,한의원,부산,210009,부산해운대구,"부산광역시 해운대구 마린시티1로 167, 202~5호 (우동, 현대카멜리아)",129.1501748,35.157668
카이저이비인후과의원,의원,부산,210005,부산북구,"부산광역시 북구 금곡대로 166, 3층 314호 (화명동, 롯데캐슬카이저상가)",129.0106434,35.2220606
카이저치과의원,치과의원,부산,210005,부산북구,"부산광역시 북구 금곡대로 166, (화명동)",129.0106434,35.2220606
칸앤장내과의원,의원,부산,210013,부산연제구,"부산광역시 연제구 월드컵대로 124, 11층 (연산동)",129.0824162,35.1853519
캐슬미르한의원,한의원,부산,210010,부산사하구,"부산광역시 사하구 다대낙조2길 100, (다대동)",128.9654456,35.0566344
캐슬치과의원,치과의원,부산,210011,부산금정구,"부산광역시 금정구 금강로 503, 2층 (구서동, 롯데캐슬상가 201호)",129.0861771,35.2506004
캘리포니아치과의원,치과의원,부산,210010,부산사하구,"부산광역시 사하구 다대로429번길 5, 302호 (다대동)",128.9803104,35.0643521
케이성형외과의원,의원,부산,210004,부산진구,"부산광역시 부산진구 범일로 186, 3,4층 (범천동)",129.0596264,35.1466816
케이씨에스부산수흉부외과의원,의원,부산,210010,부산사하구,"부산광역시 사하구 낙동남로 1414, 4층 (하단동, 삼영빌딩)",128.9662695,35.1058794
케이엔젤성형외과의원,의원,부산,210004,부산진구,"부산광역시 부산진구 부전로66번길 28, 3~6층 (부전동)",129.0562328,35.155798
케이케이의원,의원,부산,210011,부산금정구,"부산광역시 금정구 부산대학로 29, 네오스퀘어 3층 (장전동)",129.088023,35.2308002
케이피부과의원,의원,부산,210014,부산수영구,"부산광역시 수영구 수영로 693, BNK 수영타워 6층 (수영동)",129.1154764,35.1679024
켈리의원,의원,부산,210004,부산진구,"부산광역시 부산진구 중앙대로 685, 미니몰 6~8층 (부전동)",129.0588069,35.153859
코끼리내과진단방사선과의원,의원,부산,210008,부산중구,"부산광역시 중구 구덕로 90, (남포동6가)",129.0260148,35.0975764
코끼리마취통증의학과의원,의원,부산,210008,부산중구,"부산광역시 중구 구덕로 90, (남포동6가)",129.0260148,35.0975764
코끼리이비인후과의원,의원,부산,210014,부산수영구,"부산광역시 수영구 수영로 710-1, 5층 (광안동)",129.1172176,35.1677173
코끼리한의원,한의원,부산,210011,부산금정구,"부산광역시 금정구 부곡로 122-1, 2층 (부곡동)",129.0920906,35.2268003
코넬비뇨기과의원,의원,부산,210004,부산진구,"부산광역시 부산진구 새싹로 10-1, 4층 (부전동)",129.0583766,35.1590602
코스모의원,의원,부산,210005,부산북구,"부산광역시 북구 만덕대로 21, 6층 (덕천동)",129.0073181,35.2108582
코스비한의원,한의원,부산,210010,부산사하구,"부산광역시 사하구 낙동대로 369, (당리동,2,5층)",128.9773173,35.101875
코아이비인후과의원,의원,부산,210010,부산사하구,"부산광역시 사하구 다대로 550, 3층 (다대동)",128.9707449,35.0572853
코아이비인후과의원,의원,부산,210003,부산동래구,"부산광역시 동래구 명안로85번길 52, 7층 (명장동)",129.1017827,35.2048379
코앤아이시민한의원,한의원,부산,210004,부산진구,"부산광역시 부산진구 중앙대로 931, 일부 4층 (양정동)",129.070954,35.1732917
코앤핑이비인후과의원,의원,부산,210001,부산남구,"부산광역시 남구 못골로 87, 2층 203호 (대연동)",129.0920138,35.1361106
코엔이비인후과의원,의원,부산,210100,부산기장군,"부산광역시 기장군 정관읍 정관로 395, 2,3,5층, 정관로 391, 302호",129.1660003,35.3341599
코코한의원,한의원,부산,210009,부산해운대구,"부산광역시 해운대구 해운대로 802, 315호 (좌동, 웅신시네아트)",129.1766569,35.1691635
코호한의원,한의원,부산,210013,부산연제구,"부산광역시 연제구 중앙대로 1111, (연산동, 6층 일부)",129.0811097,35.1867689
쿨한의원,한의원,부산,210013,부산연제구,"부산광역시 연제구 고분로 118, 2층 (연산동)",129.0952472,35.1856187
퀸의원,의원,부산,210004,부산진구,"부산광역시 부산진구 서면로 63-2, 1~4층 (부전동)",129.0576169,35.156556
퀸즈파크여성병원,병원,부산,210009,부산해운대구,"부산광역시 해운대구 해운대로 794, 10~11층 (좌동)",129.1757451,35.168815
큐병원,병원,부산,210010,부산사하구,"부산광역시 사하구 낙동남로 1401, (하단동)",128.9648738,35.1066065
큐의원,의원,부산,210009,부산해운대구,"부산광역시 해운대구 해운대로 277, (우동, 한성빌딩 4층)",129.1311451,35.1757915
크리스탈치과의원,치과의원,부산,210001,부산남구,"부산광역시 남구 수영로 258, 2층 (대연동)",129.0948597,35.1352138
크리스탈피부과의원,의원,부산,210004,부산진구,"부산광역시 부산진구 동평로 108-1, 2층 201호 (당감동)",129.0413744,35.1656564
큰길마취통증의학과의원,의원,부산,210003,부산동래구,"부산광역시 동래구 아시아드대로 226, 2층 (온천동, 온천동메디칼센터)",129.0672734,35.2038905
큰길정형외과의원,의원,부산,210005,부산북구,"부산광역시 북구 학사로 8, 크리스탈타워 3층 301,302호 (화명동)",129.0087925,35.2240706
큰나무정형외과의원,의원,부산,210012,부산강서구,"부산광역시 강서구 명지오션시티4로 75, 4층 (명지동, 서린프라자)",128.9039564,35.0822731
큰나무정형외과의원,의원,부산,210001,부산남구,"부산광역시 남구 용호로 54, 8층 (용호동, 대영빌딩)",129.1096584,35.1261619
큰나무정형외과의원,의원,부산,210013,부산연제구,"부산광역시 연제구 월드컵대로 113, 재일빌딩 1~4층 (연산동)",129.0822375,35.1844343
큰나무정형외과의원,의원,부산,210004,부산진구,"부산광역시 부산진구 가야대로 462-1, 7,8,13층 (개금동)",129.0226048,35.1528735
큰나무정형외과의원,의원,부산,210010,부산사하구,"부산광역시 사하구 장평로 287, (신평동)",128.9728172,35.0919991
큰내과의원,의원,부산,210015,부산사상구,"부산광역시 사상구 광장로 77, 2층 (괘법동)",128.9849405,35.1626268
큰다솜한의원,한의원,부산,210010,부산사하구,"부산광역시 사하구 괴정로 117, (당리동,대호상가아파트 102호)",128.9768183,35.1015322
큰바위치과의원,치과의원,부산,210013,부산연제구,"부산광역시 연제구 중앙천로2번길 3, 5층 (연산동)",129.0844966,35.1751874
큰사랑요양병원,요양병원,부산,210010,부산사하구,"부산광역시 사하구 하신중앙로 174, (신평동)",128.9629934,35.0942792
큰사랑한의원,한의원,부산,210007,부산영도구,"부산광역시 영도구 태종로 93, (대교동2가)",129.0412541,35.0918398
큰으뜸내과의원,의원,부산,210011,부산금정구,"부산광역시 금정구 서동로 168, 우림빌딩(구, 송월빌딩) 7층 (서동)",129.1047804,35.2144461
큰힘병원,병원,부산,210004,부산진구,"부산광역시 부산진구 신천대로 246, 2층 (부암동, 메리움아파트)",129.0511694,35.1636585
클라쎄피부과의원,의원,부산,210001,부산남구,"부산광역시 남구 용호로 50, (용호동, 범양빌딩)",129.1093223,35.1263364
클린앤뷰티의원,의원,부산,210001,부산남구,"부산광역시 남구 수영로 304, 5층 (대연동, 대승타워)",129.0995214,35.1367995
키다리아저씨 치과교정과 치과의원,치과의원,부산,210013,부산연제구,"부산광역시 연제구 월드컵대로 141, 동화빌딩 5, 6층 (연산동)",129.0805481,35.1861321
키즈현치과의원,치과의원,부산,210011,부산금정구,"부산광역시 금정구 구서로 2, 4층 (구서동, 정우빌딩)",129.0907893,35.2468125
킴스가정의학과의원,의원,부산,210015,부산사상구,"부산광역시 사상구 대동로 107, (학장동)",128.9792176,35.1390184
킴스안과의원,의원,부산,210013,부산연제구,"부산광역시 연제구 월드컵대로 282, 201호 (거제동, 청목파르테논)",129.0668679,35.1913718
킴스치과의원,치과의원,부산,210014,부산수영구,"부산광역시 수영구 과정로 73, 2층 (망미동, 하영메디컬빌딩)",129.1069836,35.1778467
킴스피부과의원,의원,부산,210006,부산서구,"부산광역시 서구 대영로 54, 5층 (서대신동1가)",129.0173389,35.1096821
킴스피부과의원,의원,부산,210001,부산남구,"부산광역시 남구 수영로 297, 8층 (대연동, 텔콤빌딩)",129.0986524,35.1370387
킴스피부과의원,의원,부산,210009,부산해운대구,"부산광역시 해운대구 센텀2로 10, 1001호 (우동, 센텀메디컬센터)",129.1315304,35.1678325
킹남성의원,의원,부산,210013,부산연제구,"부산광역시 연제구 월드컵대로 122, 6층 (연산동)",129.082504,35.1851465
타임성형외과의원,의원,부산,210004,부산진구,"부산광역시 부산진구 부전로66번길 36, (부전동)",129.0567029,35.1558062
타임치과의원,치과의원,부산,210005,부산북구,"부산광역시 북구 금곡대로285번길 5, (화명동)",129.0131863,35.2336922
탑마취통증의학과의원,의원,부산,210005,부산북구,"부산광역시 북구 낙동대로 1789, 3층 (덕천동, 덕천프라자)",129.0046286,35.2101859
탑서울치과의원,치과의원,부산,210009,부산해운대구,"부산광역시 해운대구 좌동순환로 178, 한솔빌딩 3층 (좌동)",129.1755258,35.1775052
탑연합비뇨의학과의원,의원,부산,210011,부산금정구,"부산광역시 금정구 온천장로 132, 극동빌딩 3층 (장전동)",129.0854924,35.2222845
탑정형외과의원,의원,부산,210010,부산사하구,"부산광역시 사하구 사하로 200, 6층 (괴정동)",128.9937065,35.0995799
탑조인트의원,의원,부산,210006,부산서구,"부산광역시 서구 구덕로 95, 5층 501호 (충무동1가)",129.0255203,35.0966656
탑치과의원,치과의원,부산,210010,부산사하구,"부산광역시 사하구 다대로 550, 2층 (다대동, 해랑빌딩)",128.9707449,35.0572853
탑치과의원,치과의원,부산,210007,부산영도구,"부산광역시 영도구 동삼로 25, 5층 (동삼동)",129.0717648,35.0760275
탑플랜치과의원,치과의원,부산,210100,부산기장군,"부산광역시 기장군 일광읍 해빛로 13, 일광제일프라자 6층",129.2264137,35.2661605
태강 한의원,한의원,부산,210001,부산남구,"부산광역시 남구 고동골로4번길 17, 2층 (문현동)",129.0722005,35.1375322
태경치과의원,치과의원,부산,210014,부산수영구,"부산광역시 수영구 수영로 386-1, 3층 (남천동)",129.1071528,35.1409233
태극한의원,한의원,부산,210009,부산해운대구,"부산광역시 해운대구 우동1로 75, (우동)",129.1568884,35.1680141
태림한의원,한의원,부산,210001,부산남구,"부산광역시 남구 용호로 161-1, (용호동)",129.1117523,35.1176827
태명산내과의원,의원,부산,210011,부산금정구,"부산광역시 금정구 부곡로 115, 2층 (부곡동)",129.0916828,35.2261696
태산한의원,한의원,부산,210013,부산연제구,"부산광역시 연제구 중앙대로 1108, (연산동)",129.08199,35.1867464
태성형외과의원,의원,부산,210009,부산해운대구,"부산광역시 해운대구 구남로 27, 4층 (중동, 해운대오피스)",129.1608933,35.1617604
태안한의원,한의원,부산,210012,부산강서구,"부산광역시 강서구 대저로274번길 15, (대저1동)",128.9819202,35.212083
태양한의원,한의원,부산,210013,부산연제구,"부산광역시 연제구 연수로 234, 2층 (연산동)",129.0962122,35.1732185
태연한의원,한의원,부산,210011,부산금정구,"부산광역시 금정구 부산대학로 10, (부곡동, 부곡대우@상가1동 107호)",129.0906883,35.2328414
태웅한의원,한의원,부산,210015,부산사상구,"부산광역시 사상구 백양대로342번길 22, 엘지신주례아파트 상가 2층 207,208,209호 (주례동)",129.014439,35.1545088
태을의원,의원,부산,210004,부산진구,"부산광역시 부산진구 동평로 82, (당감동)",129.0384067,35.1651447
태종대요양병원,요양병원,부산,210007,부산영도구,"부산광역시 영도구 태종로 820-23, (동삼동)",129.0803817,35.0632112
태종대한의원,한의원,부산,210007,부산영도구,"부산광역시 영도구 동삼로 50, (동삼동)",129.0707043,35.0778432
태진의원,의원,부산,210001,부산남구,"부산광역시 남구 우암로 166, 2층 (우암동, 선한교회)",129.0787187,35.1246042
태흥당한방병원,한방병원,부산,210100,부산기장군,"부산광역시 기장군 정관읍 정관중앙로 61, (정관읍)",129.1792273,35.3225842
태흥당한의원,한의원,부산,210010,부산사하구,"부산광역시 사하구 낙동남로 1414, 삼영빌딩 2층 (하단동)",128.9662695,35.1058794
태흥당한의원,한의원,부산,210013,부산연제구,"부산광역시 연제구 아시아드대로 79, 2층 (거제동)",129.0669549,35.1915766
태흥당한의원,한의원,부산,210009,부산해운대구,"부산광역시 해운대구 세실로 75, 일진빌딩 4층 402호 (좌동)",129.1767685,35.1712912
태흥당한의원,한의원,부산,210011,부산금정구,"부산광역시 금정구 구서로 7, 2층 (구서동)",129.0900643,35.2465586
턱편한구강내과치과의원,치과의원,부산,210005,부산북구,"부산광역시 북구 낙동대로 1791, 603호 (덕천동, 한진빌딩)",129.0048035,35.2103563
턱편한잎새치과의원,치과의원,부산,210011,부산금정구,"부산광역시 금정구 수림로 15, 2층 (부곡동)",129.090704,35.239289
토닥토닥한의원,한의원,부산,210015,부산사상구,"부산광역시 사상구 사상로 194, 괘법동 메디컬센터 3층 (괘법동)",128.9847721,35.1625689
토마스정형외과의원,의원,부산,210009,부산해운대구,"부산광역시 해운대구 마린시티2로 38, C1동 410,411,412호 (우동, 해운대아이파크)",129.1425875,35.1565821
토머스신경외과의원,의원,부산,210006,부산서구,"부산광역시 서구 구덕로 113, (충무동1가)",129.023567,35.0962624
토브성형외과의원,의원,부산,210009,부산해운대구,"부산광역시 해운대구 마린시티2로 33, 104동 924호 (우동, 해운대두산위브더제니스)",129.145091,35.156667
톡스앤필의원,의원,부산,210004,부산진구,"부산광역시 부산진구 서전로 5, 2층 (부전동)",129.0603053,35.1579903
통도한의원,한의원,부산,210003,부산동래구,"부산광역시 동래구 반송로 226, (안락동)",129.0983718,35.2006849
통천한의원,한의원,부산,210013,부산연제구,"부산광역시 연제구 고분로 21-2, 통천한의원 7,8층 (연산동)",129.0849189,35.1859105
통통샤인정신건강의학과의원,의원,부산,210004,부산진구,"부산광역시 부산진구 가야대로 775, 3층 (부전동)",129.0563361,35.1579146
튜울립치과의원,치과의원,부산,210013,부산연제구,"부산광역시 연제구 법원북로 16, 209호 (거제동, 거제홈타운2차상가)",129.0684951,35.1926952
트렌디성형외과의원,의원,부산,210004,부산진구,"부산광역시 부산진구 가야대로784번길 11, 2층 (부전동)",129.0573569,35.1569124
특편한치과의원,치과의원,부산,210004,부산진구,"부산광역시 부산진구 가야대로 757, 지하1~지상4층 (부전동)",129.0543397,35.1578838
튼튼마디한의원,한의원,부산,210004,부산진구,"부산광역시 부산진구 가야대로 783, 6층 (부전동)",129.0572367,35.15799
튼튼신경외과의원,의원,부산,210004,부산진구,"부산광역시 부산진구 연수로 25, (양정동)",129.0738848,35.1741299
튼튼어린이치과의원,치과의원,부산,210009,부산해운대구,"부산광역시 해운대구 선수촌로 66, 3층 (반여동)",129.1191803,35.1993895
튼튼채내과의원,의원,부산,210005,부산북구,"부산광역시 북구 학사로 8, 크리스탈타워 4층 401,402호 (화명동)",129.0087925,35.2240706
튼튼치과의원,치과의원,부산,210011,부산금정구,"부산광역시 금정구 수림로 17, 3층 (부곡동)",129.0904971,35.2393869
파라다이스의원,의원,부산,210004,부산진구,"부산광역시 부산진구 가야대로 785, 성영빌딩 2층 201호 (부전동)",129.0574677,35.1581247
파라디아성형외과의원,의원,부산,210004,부산진구,"부산광역시 부산진구 가야대로 771-2, (부전동)",129.0560023,35.1579069
파크병원,병원,부산,210010,부산사하구,"부산광역시 사하구 까치고개로 79-1, (괴정동)",129.0099353,35.1054323
파크사이드재활의학병원,병원,부산,210001,부산남구,"부산광역시 남구 유엔평화로125번길 11-10, (대연동)",129.0971432,35.125183
파크피부과의원,의원,부산,210003,부산동래구,"부산광역시 동래구 아시아드대로 186, 2층 전부 (사직동)",129.0652494,35.2009008
파티마의원,의원,부산,210005,부산북구,"부산광역시 북구 시랑로 159, 2층 (구포동, 양지빌딩)",129.012737,35.1962306
팔공플란트치과의원,치과의원,부산,210005,부산북구,"부산광역시 북구 덕천로 287, (만덕동)",129.0353505,35.2098623
팔도마취통증의학과의원,의원,부산,210014,부산수영구,"부산광역시 수영구 수영로 699, 7층 (수영동)",129.1158563,35.1678979
팔도미인한의원,한의원,부산,210014,부산수영구,"부산광역시 수영구 수영로 712, 3층 301호 (광안동)",129.1174425,35.1677855
팔도한의원,한의원,부산,210014,부산수영구,"부산광역시 수영구 수영로 712, 3층 305호 (광안동)",129.1174425,35.1677855
팔팔마취통증의학과의원,의원,부산,210015,부산사상구,"부산광역시 사상구 가야대로 272-1, 2층 (주례동, 농협)",129.0024355,35.1501131
팔팔한의원,한의원,부산,210004,부산진구,"부산광역시 부산진구 연지로 4, (연지동)",129.0504248,35.170415
팜치과의원,치과의원,부산,210004,부산진구,"부산광역시 부산진구 서면로 15, 2층 (부전동)",129.0575546,35.1519937
패밀리소아청소년과의원,의원,부산,210012,부산강서구,"부산광역시 강서구 명지오션시티10로 16, 상가동(222동)동 236호,237호 (명지동, 영어도시 퀸덤1차)",128.8976538,35.0855819
패밀리치과의원,치과의원,부산,210015,부산사상구,"부산광역시 사상구 가야대로282번길 1, 4층 (주례동)",129.0034252,35.1501641
패밀리치과의원,치과의원,부산,210013,부산연제구,"부산광역시 연제구 아시아드대로 94, 3층 (거제동)",129.0674874,35.1929621
패밀리치과의원,치과의원,부산,210011,부산금정구,"부산광역시 금정구 중앙대로 1967, 3층 (구서동)",129.0909267,35.2600932
퍼스트안과의원,의원,부산,210008,부산중구,"부산광역시 중구 구덕로 5, 6,7층 (남포동1가)",129.0349785,35.097574
퍼스트이비인후과의원,의원,부산,210015,부산사상구,"부산광역시 사상구 사상로 236, 재원메디컬센터 3층 (괘법동)",128.9830174,35.1659783
퍼스트치과의원,치과의원,부산,210003,부산동래구,"부산광역시 동래구 충렬대로 239, 201호 (수안동, 수안메디칼)",129.0856419,35.2016571
페리오치과의원,치과의원,부산,210005,부산북구,"부산광역시 북구 백양대로 1196, 3층 (구포동, 대성빌딩)",129.0055739,35.2090608
페리오치과의원,치과의원,부산,210004,부산진구,"부산광역시 부산진구 가야대로 494, 대도빌딩 5층 (개금동)",129.0261687,35.1528239
편백미즈한의원,한의원,부산,210014,부산수영구,"부산광역시 수영구 수영로 596, 1층 (광안동)",129.1136481,35.1589611
편안마취통증의학과의원,의원,부산,210010,부산사하구,"부산광역시 사하구 낙동남로 1417, 6층 (하단동)",128.9666289,35.1065996
편안한 서치과의원,치과의원,부산,210002,부산동구,"부산광역시 동구 진성로 22, (수정동)",129.0474719,35.1305357
편안한민치과의원,치과의원,부산,210001,부산남구,"부산광역시 남구 수영로 184, 3층 (대연동)",129.0867296,35.1345877
편안한여성의원,의원,부산,210007,부산영도구,"부산광역시 영도구 대교로 1, 미라클타워 5층일부층 (봉래동3가)",129.0442772,35.0926042
편작한의원,한의원,부산,210002,부산동구,"부산광역시 동구 초량상로 101, (초량동)",129.0390609,35.1206163
편타한의원,한의원,부산,210004,부산진구,"부산광역시 부산진구 중앙번영로 8, 2층 (범천동)",129.0601243,35.144744
"편한, 안 정신건강의학과의원",의원,부산,210003,부산동래구,"부산광역시 동래구 사직북로 7, 세미프라자 7층 일부호 (사직동)",129.0605997,35.1965686
편한마디 연합의원,의원,부산,210010,부산사하구,"부산광역시 사하구 다대로 702, 3층 (다대동)",128.9651331,35.0490237
편한마취통증의학과의원,의원,부산,210004,부산진구,"부산광역시 부산진구 중앙대로 773, 5층 (부전동)",129.0615501,35.1612892
편한몸외과의원,의원,부산,210005,부산북구,"부산광역시 북구 만덕대로 14, (덕천동)",129.0067235,35.2102083
편한몸의원,의원,부산,210012,부산강서구,"부산광역시 강서구 신호산단2로 33, 403호 (신호동)",128.8778006,35.0859719
편한세상마취통증의학과의원,의원,부산,210002,부산동구,"부산광역시 동구 범일로 110-1, 3층 (범일동)",129.0596609,35.13984
편한세상한의원,한의원,부산,210009,부산해운대구,"부산광역시 해운대구 세실로 64, (좌동, 화목데파트상가 202-1호)",129.177663,35.1709808
편한숲정신건강의학과의원,의원,부산,210001,부산남구,"부산광역시 남구 수영로 323, 태강프라자 403호 (대연동)",129.1010282,35.1382148
편한장의원,의원,부산,210012,부산강서구,"부산광역시 강서구 명지오션시티4로 64, 501호 (명지동, 오션빌딩)",128.9032461,35.083286
편한치과의원,치과의원,부산,210007,부산영도구,"부산광역시 영도구 동삼로 45, 2층 (동삼동)",129.0703316,35.0773023
편한치과의원,치과의원,부산,210003,부산동래구,"부산광역시 동래구 명장로 48, 명장1동 새마을금고 4층 일부호 (명장동)",129.1059968,35.2046199
평강의원,의원,부산,210011,부산금정구,"부산광역시 금정구 시실로 13, 2층 (부곡동)",129.085954,35.217757
평거요양병원,요양병원,부산,210100,부산기장군,"부산광역시 기장군 기장읍 대청로36번길 11-33, (기장읍)",129.216138,35.2372994
평거한의원,한의원,부산,210009,부산해운대구,"부산광역시 해운대구 좌동순환로 174, (좌동, 거성프라자 201호)",129.1750479,35.1776265
평안한의원,한의원,부산,210006,부산서구,"부산광역시 서구 대영로 53-1, (서대신동2가)",129.0172126,35.110014
평안한의원,한의원,부산,210014,부산수영구,"부산광역시 수영구 수영로 709, 2층 (수영동)",129.1168794,35.1681761
평일한의원,한의원,부산,210001,부산남구,"부산광역시 남구 못골로 51, 2층 (대연동)",129.0880587,35.1359563
평화강한의원,한의원,부산,210009,부산해운대구,"부산광역시 해운대구 선수촌로 102-2, 2층 (반여동, 부원메디칼빌딩)",129.1196159,35.2027865
평화소아청소년과의원,의원,부산,210008,부산중구,"부산광역시 중구 광복중앙로34번길 14, (대청동2가)",129.0315354,35.102195
평화의원,의원,부산,210001,부산남구,"부산광역시 남구 용호로42번길 79, (용호동)",129.1099542,35.1233984
평화치과의원,치과의원,부산,210008,부산중구,"부산광역시 중구 중구로33번길 11, (부평동1가)",129.027288,35.1008174
포근한소아청소년과의원,의원,부산,210003,부산동래구,"부산광역시 동래구 사직북로19번길 20, 사직동 메디컬센터 2층 (사직동)",129.05936,35.1975474
포근한정신건강의학과의원,의원,부산,210015,부산사상구,"부산광역시 사상구 사상로 246, 3층 (괘법동)",128.9826389,35.1667643
포도원항외과의원,의원,부산,210005,부산북구,"부산광역시 북구 금곡대로303번길 2, 701호 (화명동, 시티타워)",129.0134842,35.2356469
포레스트성형외과의원,의원,부산,210004,부산진구,"부산광역시 부산진구 부전로66번길 12, 401,501호 (부전동)",129.0553771,35.1557798
포모아의원,의원,부산,210013,부산연제구,"부산광역시 연제구 중앙대로 1091, 제세빌딩 801호 (연산동)",129.0806502,35.1854186
포뮬라의원,의원,부산,210004,부산진구,"부산광역시 부산진구 서면로 40, 청양빌딩 5~8층 (부전동)",129.0580525,35.1542498
포미치과의원,치과의원,부산,210005,부산북구,"부산광역시 북구 만덕대로 9, 구포빌딩 4층 (덕천동)",129.0061292,35.210687
포시즌성형외과의원,의원,부산,210004,부산진구,"부산광역시 부산진구 중앙대로 694, 쥬디스태화 801호 (부전동)",129.0596176,35.1547419
포심정신건강의학과의원,의원,부산,210011,부산금정구,"부산광역시 금정구 오시게로 22, 4층 (부곡동)",129.0865079,35.219444
포에버의원,의원,부산,210004,부산진구,"부산광역시 부산진구 서면로 74, 16층 1602호 (부전동, 아이온시티빌딩)",129.0581339,35.1570677
포이즌흉부외과의원,의원,부산,210013,부산연제구,"부산광역시 연제구 월드컵대로 139, (연산동, 4층 일부)",129.0806615,35.1860187
포헤어의원,의원,부산,210004,부산진구,"부산광역시 부산진구 서면로 74, 아이온시티빌딩 3층 301호 (부전동)",129.0581339,35.1570677
푸르미소아청소년과의원,의원,부산,210012,부산강서구,"부산광역시 강서구 명지국제8로 257, 5층 502,503호 (명지동)",128.9208989,35.0982763
푸른가정의학과의원,의원,부산,210015,부산사상구,"부산광역시 사상구 운산로 31, (삼락동)",128.9802955,35.1688105
푸른내과의원,의원,부산,210011,부산금정구,"부산광역시 금정구 벅구산로 2, 2층 (남산동, 누리마을)",129.0930561,35.2707623
푸른부부치과의원,치과의원,부산,210100,부산기장군,"부산광역시 기장군 정관읍 정관4로 38, 금샘프라자 4층 401호",129.1709668,35.3261253
푸른사과치과의원,치과의원,부산,210011,부산금정구,"부산광역시 금정구 부곡로 118, 3층 (부곡동, 동원빌딩)",129.0920353,35.2263484
푸른사과치과의원,치과의원,부산,210013,부산연제구,"부산광역시 연제구 명륜로2번길 7, 3층 (거제동)",129.0812825,35.1952609
푸른솔한의원,한의원,부산,210005,부산북구,"부산광역시 북구 백양대로 1204, 동강빌딩 2층 (덕천동)",129.0059238,35.2099677
푸른솔한의원,한의원,부산,210004,부산진구,"부산광역시 부산진구 성지로 112, 성원빌딩 2층 (초읍동)",129.0519077,35.1801172
푸른숲안과의원,의원,부산,210009,부산해운대구,"부산광역시 해운대구 해운대로 802, 웅신시네아트 2층 204호 (좌동)",129.1766569,35.1691635
푸른숲요양병원,요양병원,부산,210011,부산금정구,"부산광역시 금정구 금강로 592, 지1,1,3-7층 (구서동)",129.0879942,35.2603274
푸른숲의원,의원,부산,210013,부산연제구,"부산광역시 연제구 연수로 142-1, 2층 (연산동)",129.0862658,35.1744155
푸른숲정신건강의학과의원,의원,부산,210004,부산진구,"부산광역시 부산진구 가야대로 462-1, 9층 (개금동)",129.0226048,35.1528735
푸른안과의원,의원,부산,210003,부산동래구,"부산광역시 동래구 충렬대로 239, 9층 (수안동, 수안메디칼센터)",129.0856419,35.2016571
푸른의원,의원,부산,210007,부산영도구,"부산광역시 영도구 하나길 693, 2층.3층 (봉래동5가)",129.050797,35.093083
푸른의원,의원,부산,210004,부산진구,"부산광역시 부산진구 새싹로 240-1, 1,2층 (초읍동)",129.0485346,35.1774693
푸른정의원,의원,부산,210006,부산서구,"부산광역시 서구 구덕로120번길 5, 2층 (토성동4가)",129.0231119,35.0968754
풀과나무의원,의원,부산,210013,부산연제구,"부산광역시 연제구 고분로 200, 308호 (연산동, 연산엘지아파트 제상가)",129.1031996,35.18486
풀의우주한의원,한의원,부산,210009,부산해운대구,"부산광역시 해운대구 좌동순환로8번길 54-13, 1,2층 (중동)",129.1697454,35.1690866
풀잎향기한의원,한의원,부산,210011,부산금정구,"부산광역시 금정구 서부곡로16번길 74, 1,2층 (부곡동)",129.0917004,35.2293095
풋사랑 정형외과 의원,의원,부산,210013,부산연제구,"부산광역시 연제구 중앙천로 93, 서호병원 11, 12, 13층 (연산동)",129.0785079,35.1815106
프라임병원,병원,부산,210010,부산사하구,"부산광역시 사하구 낙동남로 1410, (하단동)",128.9658521,35.1058783
프라임비뇨기과의원,의원,부산,210010,부산사하구,"부산광역시 사하구 낙동대로 448, 4층 (당리동)",128.9697882,35.1052352
프라임정형외과의원,의원,부산,210013,부산연제구,"부산광역시 연제구 중앙천로2번길 3, 6층,7층 (연산동)",129.0844966,35.1751874
프라임치과보철과치과의원,치과의원,부산,210011,부산금정구,"부산광역시 금정구 중앙대로1841번길 15, 5층 (구서동)",129.0909746,35.2484637
프라임치과의원,치과의원,부산,210010,부산사하구,"부산광역시 사하구 하신중앙로 176, 3층 (신평동, 유니버셜상가)",128.9627626,35.0945049
프라임치과의원,치과의원,부산,210005,부산북구,"부산광역시 북구 학사로 1, 2층 (화명동)",129.0088006,35.2235832
프라임치과의원,치과의원,부산,210003,부산동래구,"부산광역시 동래구 충렬대로 405, (안락동)",129.1026658,35.1969658
프라임한의원,한의원,부산,210004,부산진구,"부산광역시 부산진구 중앙대로 751, 10층 (부전동, 부전메디컬빌딩)",129.0603055,35.1597576
프라하치과의원,치과의원,부산,210013,부산연제구,"부산광역시 연제구 고분로 2, 4층 (연산동)",129.082495,35.1857733
프랜드 치과의원,치과의원,부산,210014,부산수영구,"부산광역시 수영구 수영로 632, (광안동)",129.1143081,35.1620145
프랜드구철인부부치과의원,치과의원,부산,210010,부산사하구,"부산광역시 사하구 사하로 141, 혜인빌딩 3,4층 (괴정동)",128.9929329,35.0945327
프랜드금치과의원,치과의원,부산,210011,부산금정구,"부산광역시 금정구 수림로 34, 파디글스 2층 (부곡동)",129.0887464,35.2399499
프랜드성창수치과의원,치과의원,부산,210006,부산서구,"부산광역시 서구 구덕로 281, 3층 (서대신동1가)",129.0181502,35.1090893
프랜드이사랑치과의원,치과의원,부산,210007,부산영도구,"부산광역시 영도구 동삼로 23, 3층 (동삼동)",129.0718953,35.0759084
프랜드정치과의원,치과의원,부산,210009,부산해운대구,"부산광역시 해운대구 세실로 43, 305호 (좌동)",129.17845,35.1687646
프랜드치과의원,치과의원,부산,210005,부산북구,"부산광역시 북구 덕천로 174, 벽산라인아파트 210, 211, 213호 (만덕동)",129.0235094,35.2110716
프랜드치과의원,치과의원,부산,210007,부산영도구,"부산광역시 영도구 대교로 1, 3층 (봉래동3가, 미라클타워)",129.0442772,35.0926042
프랜드치과의원,치과의원,부산,210002,부산동구,"부산광역시 동구 고관로13번길 7, 2층 (초량동)",129.0414755,35.120849
프랜드치과의원,치과의원,부산,210003,부산동래구,"부산광역시 동래구 충렬대로 200, 지1층 (수안동, 불이빌딩)",129.081413,35.2026779
프랜드치과의원,치과의원,부산,210009,부산해운대구,"부산광역시 해운대구 재반로 227, 3층 (반여동, 수협)",129.1308891,35.1975565
프러스치과의원,치과의원,부산,210004,부산진구,"부산광역시 부산진구 가야대로 486, (개금동)",129.0251966,35.1528642
프로로재생의원,의원,부산,210014,부산수영구,"부산광역시 수영구 수영로 517, 센터럴타워 2층 (광안동)",129.1113216,35.1520778
프리미엄에스의원,의원,부산,210004,부산진구,"부산광역시 부산진구 중앙대로 700, 4층 (부전동)",129.059521,35.1552532
플라워치과의원,치과의원,부산,210009,부산해운대구,"부산광역시 해운대구 해운대해변로 154, 2층 (우동, 마리나센터)",129.1485263,35.1581115
플란치과병원,치과병원,부산,210004,부산진구,"부산광역시 부산진구 범일로 177, 에이플러스에셋부산빌딩 13, 14층 (범천동)",129.0589004,35.1458009
플란트치과의원,치과의원,부산,210003,부산동래구,"부산광역시 동래구 동래로 25, 5층 (온천동)",129.0783424,35.2125513
플랜비성형외과의원,의원,부산,210004,부산진구,"부산광역시 부산진구 부전로66번길 34, 2층 (부전동)",129.0565417,35.1557462
플러스치과의원,치과의원,부산,210006,부산서구,"부산광역시 서구 구덕로 109, 7층 (충무동1가)",129.0241404,35.0961904
플러스치과의원,치과의원,부산,210005,부산북구,"부산광역시 북구 덕천로 300, (만덕동)",129.0367105,35.2093272
플레르의원,의원,부산,210100,부산기장군,"부산광역시 기장군 일광읍 해빛1로 5, 센텀타워 5층",129.2257858,35.2659629
플로리아의원,의원,부산,210004,부산진구,"부산광역시 부산진구 중앙대로 664, 201호 (부전동, 이랜드 PEER 서면)",129.0596071,35.15199
피부사랑피부과의원,의원,부산,210013,부산연제구,"부산광역시 연제구 과정로 144, 5층 (연산동)",129.1074059,35.1842747
피브비의원,의원,부산,210005,부산북구,"부산광역시 북구 화명대로 32, 5층 502호 (화명동)",129.0115023,35.234567
피브엔의원,의원,부산,210004,부산진구,"부산광역시 부산진구 가야대로 494, 대도빌딩 5층 503,504호 (개금동)",129.0261687,35.1528239
피엔유(PNU)부산안과의원,의원,부산,210003,부산동래구,"부산광역시 동래구 온천장로 114, 6,7층 601,701호 (온천동)",129.0847937,35.2205935
필부부치과의원,치과의원,부산,210013,부산연제구,"부산광역시 연제구 월드컵대로 21, (연산동, 6층 일부)",129.0854523,35.1765341
필스톡스의원,의원,부산,210004,부산진구,"부산광역시 부산진구 중앙대로 698, 4층 (부전동, 동강빌딩)",129.0594774,35.1550341
필업비뇨기과의원,의원,부산,210015,부산사상구,"부산광역시 사상구 광장로 77, (괘법동)",128.9849405,35.1626268
필한의원,한의원,부산,210013,부산연제구,"부산광역시 연제구 과정로 217, (연산동)",129.1033888,35.18755
필한의원,한의원,부산,210004,부산진구,"부산광역시 부산진구 부전로174번길 43, (부전동)",129.061018,35.1614307
핌한의원,한의원,부산,210014,부산수영구,"부산광역시 수영구 수영로705번길 1, 2,3층 (수영동)",129.1164027,35.1680097
핑이비인후과신경과의원,의원,부산,210004,부산진구,"부산광역시 부산진구 가야대로 785, 성영빌딩 2,3층 (부전동)",129.0574677,35.1581247
하나가정의학과의원,의원,부산,210011,부산금정구,"부산광역시 금정구 금강로 209, (장전동)",129.0827639,35.2271287
하나내과의원,의원,부산,210005,부산북구,"부산광역시 북구 금곡대로 469, 2층 (금곡동, 농협하나로클럽)",129.011218,35.2500241
하나로한의원,한의원,부산,210013,부산연제구,"부산광역시 연제구 명륜로2번길 8, 2,3층 (거제동)",129.0806059,35.1952058
하나마취통증의학과의원,의원,부산,210005,부산북구,"부산광역시 북구 만덕대로 21, 6층 (덕천동)",129.0073181,35.2108582
하나마취통증의학과의원,의원,부산,210014,부산수영구,"부산광역시 수영구 수영로680번길 6, 1층 (광안동, 센텀 디아이 리더스)",129.1153006,35.1663278
하나메디칼의원,의원,부산,210015,부산사상구,"부산광역시 사상구 사상로 481, 2층 (모라동)",128.9872885,35.1875041
하나병원,병원,부산,210010,부산사하구,"부산광역시 사하구 다대로 311, (장림동)",128.9769411,35.0745113
하나부부치과의원,치과의원,부산,210015,부산사상구,"부산광역시 사상구 가야대로 272, 8층 (주례동)",129.0022775,35.1501098
하나부부한의원,한의원,부산,210006,부산서구,"부산광역시 서구 대영로 47, (서대신동2가)",129.0166344,35.1098187
하나어린이치과의원,치과의원,부산,210013,부산연제구,"부산광역시 연제구 반송로 8, (연산동, 4층 일부)",129.0824538,35.1864229
하나온치과의원,치과의원,부산,210004,부산진구,"부산광역시 부산진구 새싹로 184, 연지메디컬센터 3층 301호 (연지동)",129.0498457,35.1725176
하나유외과의원,의원,부산,210004,부산진구,"부산광역시 부산진구 서면로 74, 아이온시티빌딩 19층 (부전동)",129.0581339,35.1570677
하나의원,의원,부산,210015,부산사상구,"부산광역시 사상구 백양대로342번길 16, 206호 (주례동, 신주례엘지1단지상가)",129.0150465,35.1544925
하나의원,의원,부산,210002,부산동구,"부산광역시 동구 중앙대로 288, (초량동)",129.0438479,35.1221228
하나의원,의원,부산,210011,부산금정구,"부산광역시 금정구 부곡로 110, 2층 (부곡동)",129.0919397,35.2256921
하나인치과병원,치과병원,부산,210003,부산동래구,"부산광역시 동래구 명안로85번길 42, (명장동)",129.1021142,35.2045802
하나정형외과의원,의원,부산,210013,부산연제구,"부산광역시 연제구 과정로 126, 2층 (연산동)",129.107406,35.1825359
하나치과의원,치과의원,부산,210006,부산서구,"부산광역시 서구 자갈치로 2, 5층 (충무동1가)",129.02474,35.0962013
하나한의원,한의원,부산,210005,부산북구,"부산광역시 북구 금곡대로 469, 2층 (금곡동, 농협하나로클럽부산점)",129.011218,35.2500241
하나한의원,한의원,부산,210003,부산동래구,"부산광역시 동래구 온천장로65번길 9, 근린생활시설동 2층 206호 (온천동, 동래 3차 SK VIEW)",129.0798226,35.2164284
하나한의원,한의원,부산,210013,부산연제구,"부산광역시 연제구 진남로 621, (연산동)",129.0812315,35.1749586
하늘마음한의원,한의원,부산,210004,부산진구,"부산광역시 부산진구 중앙대로 712, 9층 (부전동)",129.0594857,35.1562601
하늘마음한의원,한의원,부산,210005,부산북구,"부산광역시 북구 만덕대로 9, 구포빌딩 7층 (덕천동)",129.0061292,35.210687
하늘별소아청소년과의원,의원,부산,210003,부산동래구,"부산광역시 동래구 우장춘로 7, 보민빌딩 6층 602호, 7층 전부 (온천동)",129.0696459,35.208727
하늘빛안과의원,의원,부산,210009,부산해운대구,"부산광역시 해운대구 선수촌로 109-1, 2층 (반여동, 아시아드몰)",129.119628,35.2036219
하늘산부인과의원,의원,부산,210100,부산기장군,"부산광역시 기장군 정관읍 정관로 579, 스타빌딩 6층 602호",129.1771724,35.3213769
하늘성형외과의원,의원,부산,210004,부산진구,"부산광역시 부산진구 서면로 62-1, 3~10층 (부전동)",129.058046,35.1563164
하늘체한의원,한의원,부산,210013,부산연제구,"부산광역시 연제구 반송로 6, 6층 (연산동)",129.0824809,35.186266
하늘치과의원,치과의원,부산,210005,부산북구,"부산광역시 북구 낙동대로 1778, 3층 (구포동)",129.003873,35.209572
하늘치과의원,치과의원,부산,210011,부산금정구,"부산광역시 금정구 서부곡로 2, (부곡동)",129.0915406,35.225959
하늘치과의원,치과의원,부산,210100,부산기장군,"부산광역시 기장군 기장읍 차성동로 63, 63",129.2162786,35.2434227
하늘치과의원,치과의원,부산,210004,부산진구,"부산광역시 부산진구 성지로 90, 4층 (초읍동, 새마을금고회관)",129.0534883,35.1786439
하단강산치과의원,치과의원,부산,210010,부산사하구,"부산광역시 사하구 낙동남로 1409, 4층 (하단동)",128.9658007,35.1065864
하단마취통증의학과의원,의원,부산,210010,부산사하구,"부산광역시 사하구 낙동대로 440, 3층 (당리동, 향원빌딩)",128.9705695,35.1048815
하단부부치과의원,치과의원,부산,210010,부산사하구,"부산광역시 사하구 낙동남로 1417, 5층 (하단동)",128.9666316,35.1065604
하단성모안과의원,의원,부산,210010,부산사하구,"부산광역시 사하구 낙동대로 448, 5층 (당리동, 하단메디칼센타)",128.9697882,35.1052352
하단속시원내과의원,의원,부산,210010,부산사하구,"부산광역시 사하구 낙동대로 444, 3-4층 (당리동)",128.9701591,35.1050101
하단어린이치과의원,치과의원,부산,210010,부산사하구,"부산광역시 사하구 낙동남로 1414, 6층 (하단동, 삼영빌딩)",128.9662695,35.1058794
하단에이스치과의원,치과의원,부산,210010,부산사하구,"부산광역시 사하구 낙동대로 457, 4층 (하단동)",128.9687465,35.1054484
하단제일내과의원,의원,부산,210010,부산사하구,"부산광역시 사하구 낙동남로 1406, 601호,11층 (하단동)",128.9655838,35.1058002
하단케이플란트치과의원,치과의원,부산,210010,부산사하구,"부산광역시 사하구 낙동대로 446, 5층 (당리동)",128.9700969,35.1051957
하단턱편한미소치과의원,치과의원,부산,210010,부산사하구,"부산광역시 사하구 낙동대로 442, 3층 (당리동)",128.970321,35.1049227
하단튼튼정형외과의원,의원,부산,210010,부산사하구,"부산광역시 사하구 낙동남로 1406, (하단동)",128.9655838,35.1058002
하라라성형외과의원,의원,부산,210010,부산사하구,"부산광역시 사하구 낙동남로 1400, 4층 402, 403호 (하단동)",128.9646788,35.1058136
하루미치과의원,치과의원,부산,210011,부산금정구,"부산광역시 금정구 중앙대로1929번길 12, (구서동)",129.0906672,35.2566397
하루정신건강의학과의원,의원,부산,210004,부산진구,"부산광역시 부산진구 가야대로 775-1, 3층 (부전동)",129.0564371,35.1579191
하만철소아청소년과의원,의원,부산,210010,부산사하구,"부산광역시 사하구 다대로 559, (다대동)",128.9708458,35.0564598
하버드림치과의원,치과의원,부산,210004,부산진구,"부산광역시 부산진구 가야대로 763-1, 3층 (부전동)",129.0551309,35.1579134
하버드림치과의원,치과의원,부산,210010,부산사하구,"부산광역시 사하구 다대로 549, (다대동)",128.9712808,35.0572343
하얀-e치과의원,치과의원,부산,210013,부산연제구,"부산광역시 연제구 연수로 213, 2층 (연산동)",129.0940548,35.1738605
하얀결피부과의원,의원,부산,210003,부산동래구,"부산광역시 동래구 사직북로 24, (사직동)",129.0605403,35.1979788
하얀나라피부과의원,의원,부산,210009,부산해운대구,"부산광역시 해운대구 양운로 82, 501호 (좌동, 화인크리닉)",129.1755732,35.1704651
하얀수치과의원,치과의원,부산,210100,부산기장군,"부산광역시 기장군 정관읍 정관로 563, 4층",129.1756378,35.3219389
하얀이치과의원,치과의원,부산,210015,부산사상구,"부산광역시 사상구 사상로 478, 2층 (모라동, 동한빌딩)",128.9876058,35.1871123
하얀이치과의원,치과의원,부산,210014,부산수영구,"부산광역시 수영구 황령대로481번길 30, (남천동)",129.1080936,35.1396808
하얀치과의원,치과의원,부산,210004,부산진구,"부산광역시 부산진구 범일로 166, (범천동)",129.0595483,35.1447556
하얀치과의원,치과의원,부산,210004,부산진구,"부산광역시 부산진구 동평로 113, (부암동)",129.0418098,35.1661745
하용찬성형외과의원,의원,부산,210004,부산진구,"부산광역시 부산진구 중앙대로 707, 7층 (부전동)",129.0588017,35.1558472
하우스이비인후과의원,의원,부산,210003,부산동래구,"부산광역시 동래구 동래로 25, 6층 전부 (온천동)",129.0783424,35.2125513
하이갤러리성형외과의원,의원,부산,210004,부산진구,"부산광역시 부산진구 서면로 48, 현경빌딩 11층,12층 (부전동)",129.0580331,35.1549621
하이덴치과의원,치과의원,부산,210004,부산진구,"부산광역시 부산진구 새싹로 159, 1,2층 (연지동)",129.0498671,35.1704177
하이마취통증의학과의원,의원,부산,210003,부산동래구,"부산광역시 동래구 충렬대로 415, 신협-메디컬빌딩 6,7층 (안락동)",129.103876,35.1968595
하이맨비뇨기과의원,의원,부산,210002,부산동구,"부산광역시 동구 중앙대로 201, (초량동)",129.0393741,35.1153834
하이미소치과의원,치과의원,부산,210001,부산남구,"부산광역시 남구 분포로 115, A동 204호 (용호동)",129.112892,35.132059
하이미의원,의원,부산,210013,부산연제구,"부산광역시 연제구 중앙대로 1113, 진보빌딩 7층 일부호 (연산동)",129.0810928,35.1869791
하이뷰안과의원,의원,부산,210004,부산진구,"부산광역시 부산진구 가야대로 767-1, 2.3층 (부전동, 원광메디칼)",129.0556427,35.1580254
하이브치과의원,치과의원,부산,210004,부산진구,"부산광역시 부산진구 가야대로 772, 부산롯데호텔 14층 (부전동)",129.0554875,35.1568154
하이얀의원,의원,부산,210005,부산북구,"부산광역시 북구 화명대로 44, 402호 (화명동, 금호타워)",129.013,35.2343739
하이얀치과의원,치과의원,부산,210011,부산금정구,"부산광역시 금정구 금정로233번길 85, 2층 (구서동)",129.0910976,35.2484595
하이엘치과의원,치과의원,부산,210009,부산해운대구,"부산광역시 해운대구 마린시티2로 2, 515호 (우동, 마린파크)",129.1442096,35.15934
하이유외과성형외과의원,의원,부산,210004,부산진구,"부산광역시 부산진구 서면로 25, 삼한개발주식회사 4층 401호 (부전동)",129.0572817,35.1529575
하이치과의원,치과의원,부산,210001,부산남구,"부산광역시 남구 용호로 91, 3층 302호 (용호동, 휴렉스)",129.1127514,35.1240449
하이치과의원,치과의원,부산,210004,부산진구,"부산광역시 부산진구 서면로 48, 현경메디컬센터 13층 (부전동)",129.0580331,35.1549621
하이통증의학과의원,의원,부산,210100,부산기장군,"부산광역시 기장군 기장읍 읍내로 105, 7~8층",129.2158192,35.245289
하현석치과의원,치과의원,부산,210006,부산서구,"부산광역시 서구 대티로 179, 4층 (서대신동3가)",129.0121703,35.1116454
학교법인 춘해병원,종합병원,부산,210004,부산진구,"부산광역시 부산진구 중앙대로 605, 지상1층~지상9층 (범천동)",129.0583786,35.1469602
학교법인)동의병원,종합병원,부산,210004,부산진구,"부산광역시 부산진구 양정로 62, 지상2ㆍ3ㆍ10층 각 일부/ 지하1ㆍ지상1ㆍ지상4~지상8층 전층 (양정동)",129.076514,35.1698203
학장성심요양병원,요양병원,부산,210015,부산사상구,"부산광역시 사상구 대동로159번길 9, 신관 1~4층 (학장동)",128.983179,35.1414347
학장성심의원,의원,부산,210015,부산사상구,"부산광역시 사상구 대동로 159, 성심메디컬 본관1~2층 (학장동)",128.9834682,35.1415331
학장제일한의원,한의원,부산,210015,부산사상구,"부산광역시 사상구 대동로 95, 3층 (학장동)",128.9779261,35.1384964
학장치과의원,치과의원,부산,210015,부산사상구,"부산광역시 사상구 학감대로 132, (학장동)",128.9881997,35.1429626
한가온한의원,한의원,부산,210005,부산북구,"부산광역시 북구 화명대로 34, 웰빙프라자 3층 301호 (화명동)",129.0119014,35.2345325
한가족내과신경외과의원,의원,부산,210007,부산영도구,"부산광역시 영도구 와치로 252, 선프라자2층 (동삼동)",129.0689898,35.0753582
한가족내과의원,의원,부산,210014,부산수영구,"부산광역시 수영구 수영로 557, 201호 (광안동, 호암빌딩)",129.112322,35.1555305
한겨레 치과의원,치과의원,부산,210014,부산수영구,"부산광역시 수영구 광남로 49, 2층 (남천동)",129.1118993,35.1471205
한겨레치과의원,치과의원,부산,210010,부산사하구,"부산광역시 사하구 낙동대로 448, 7,9층 (당리동, 하단메디칼센타)",128.9697882,35.1052352
한겨레한의원,한의원,부산,210014,부산수영구,"부산광역시 수영구 연수로 274, (망미동)",129.1005363,35.1728971
한결같은한의원,한의원,부산,210001,부산남구,"부산광역시 남구 수영로 306, 농협대연동지점 4층 (대연동)",129.0998216,35.1369207
한결의원,의원,부산,210003,부산동래구,"부산광역시 동래구 명륜로98번길 12, (수안동)",129.0840765,35.2024956
한결의원,의원,부산,210004,부산진구,"부산광역시 부산진구 전포대로 170, (전포동, 유성해너스타워)",129.0658935,35.1518175
한결정신건강의학과의원,의원,부산,210002,부산동구,"부산광역시 동구 중앙대로 201, 행운예식장 4층 (초량동)",129.0393741,35.1153834
한결치과의원,치과의원,부산,210011,부산금정구,"부산광역시 금정구 금정로 149, 2층 (장전동)",129.0876612,35.2379271
한국건강관리협회 건강증진의원,의원,부산,210015,부산사상구,"부산광역시 사상구 학감대로 230, (감전동)",128.9904313,35.1512938
한국건강관리협회 건강증진치과의원,치과의원,부산,210003,부산동래구,"부산광역시 동래구 충렬대로 145, (온천동)",129.0766269,35.2054305
한국건강관리협회 건강증진치과의원,치과의원,부산,210015,부산사상구,"부산광역시 사상구 학감대로 230, 3층 (감전동)",128.9904313,35.1512938
한국건강관리협회건강증진의원,의원,부산,210003,부산동래구,"부산광역시 동래구 충렬대로 145, (온천동)",129.0766269,35.2054305
한국마취통증의학과의원,의원,부산,210002,부산동구,"부산광역시 동구 초량상로 91-1, 2층 (초량동, 삼보빌딩)",129.038731,35.1199265
한국미인부산배내과의원,의원,부산,210012,부산강서구,"부산광역시 강서구 대저로 283-1, (대저1동)",128.9831985,35.2123995
한국법의의원,의원,부산,210014,부산수영구,"부산광역시 수영구 수영로 384, 7층 (남천동)",129.1069632,35.1407825
한국보훈복지의료공단 부산보훈병원,종합병원,부산,210015,부산사상구,"부산광역시 사상구 백양대로 420, (주례동)",129.006575,35.1533821
한국보훈복지의료공단 부산요양병원,요양병원,부산,210015,부산사상구,"부산광역시 사상구 백양대로 420, (주례동)",129.006575,35.1533821
한국한의원,한의원,부산,210003,부산동래구,"부산광역시 동래구 충렬대로 154, (온천동)",129.0769341,35.2045238
한귀원정신건강의학과의원,의원,부산,210014,부산수영구,"부산광역시 수영구 수영로 394, (남천동)",129.1075702,35.1414169
한길내과의원,의원,부산,210001,부산남구,"부산광역시 남구 유엔로 14, 2층 (우암동, 우암 센텀 메디컬)",129.0797324,35.1256053
한길치과의원,치과의원,부산,210013,부산연제구,"부산광역시 연제구 법원남로15번길 12, (거제동, 5층 일부)",129.0736382,35.1904526
한나라한의원,한의원,부산,210003,부산동래구,"부산광역시 동래구 아시아드대로 183, (사직동)",129.064587,35.2009119
한나병원,병원,부산,210014,부산수영구,"부산광역시 수영구 황령대로481번길 7, (남천동)",129.1070253,35.1391953
한독외과의원,의원,부산,210011,부산금정구,"부산광역시 금정구 서동로 75-5, (부곡동)",129.0955603,35.217856
한독의원,의원,부산,210011,부산금정구,"부산광역시 금정구 금강로415번길 1, (구서동)",129.0880656,35.2446622
한동한의원,한의원,부산,210004,부산진구,"부산광역시 부산진구 복지로 18, (개금동)",129.0200984,35.1515794
한마음 치과의원,치과의원,부산,210014,부산수영구,"부산광역시 수영구 수영로 707, (수영동)",129.1167015,35.1681247
한마음병원,병원,부산,210009,부산해운대구,"부산광역시 해운대구 달맞이길 30, 제포디움동 2층 2017~2020,2079~2081호 (중동, 엘시티)",129.1683765,35.161064
한마음연합의원,의원,부산,210003,부산동래구,"부산광역시 동래구 안락로 12, (안락동)",129.0984491,35.2007902
한마음외과의원,의원,부산,210005,부산북구,"부산광역시 북구 만덕1로10번길 2, 4층 (만덕동)",129.0365123,35.2142176
한마음의원,의원,부산,210007,부산영도구,"부산광역시 영도구 태종로 332, 2층 (청학동)",129.0616571,35.0961676
한마음정신건강의학과의원,의원,부산,210003,부산동래구,"부산광역시 동래구 충렬대로 117, 1~2층 (온천동)",129.0736747,35.2064975
한마음정형외과의원,의원,부산,210010,부산사하구,"부산광역시 사하구 낙동대로 410, (당리동)",128.9735644,35.1038979
한마음치과의원,치과의원,부산,210008,부산중구,"부산광역시 중구 중구로 47, (부평동1가)",129.0276659,35.1020989
한마음치과의원,치과의원,부산,210009,부산해운대구,"부산광역시 해운대구 선수촌로 103-4, 6층 (반여동)",129.1193242,35.2031837
한마음치과의원,치과의원,부산,210001,부산남구,"부산광역시 남구 용호로 147, (용호동, 한마음클리닉5층)",129.1121008,35.119091
한마음한의원,한의원,부산,210009,부산해운대구,"부산광역시 해운대구 양운로 122, (좌동)",129.173104,35.173552
한마음항외과의원,의원,부산,210004,부산진구,"부산광역시 부산진구 중앙대로 753, 5층 (부전동)",129.0604833,35.1598537
한미치과의원,치과의원,부산,210009,부산해운대구,"부산광역시 해운대구 선수촌로 55, (반여동)",129.1183779,35.1988013
한미치과의원,치과의원,부산,210010,부산사하구,"부산광역시 사하구 낙동대로 413, 109,110호 (하단동)",128.973016,35.1034084
한백한의원,한의원,부산,210010,부산사하구,"부산광역시 사하구 다대로 269, (장림동,2층)",128.9776295,35.0783484
한봉수이비인후과의원,의원,부산,210003,부산동래구,"부산광역시 동래구 아시아드대로 221, (온천동)",129.0666166,35.2038667
한빛가정의원,의원,부산,210005,부산북구,"부산광역시 북구 기찰로 164, (덕천동)",129.02302,35.2141902
한빛강내과의원,의원,부산,210013,부산연제구,"부산광역시 연제구 반송로 6, 3층 (연산동)",129.0824809,35.186266
한빛내과의원,의원,부산,210010,부산사하구,"부산광역시 사하구 신산로 197, (신평동)",128.9767562,35.0898413
한빛내과의원,의원,부산,210003,부산동래구,"부산광역시 동래구 아시아드대로 234, 206호 (온천동, 반도보라상가)",129.0686636,35.204255
한빛내과의원,의원,부산,210001,부산남구,"부산광역시 남구 전포대로 69, 2층 (문현동)",129.0663949,35.1430209
한빛내과의원,의원,부산,210002,부산동구,"부산광역시 동구 중앙대로 233, (초량동, 해정빌딩)",129.0407294,35.118112
한빛마취통증의학과의원,의원,부산,210005,부산북구,"부산광역시 북구 양달로8번길 16, (화명동)",129.0149179,35.2409284
한빛병원,병원,부산,210013,부산연제구,"부산광역시 연제구 과정로 140, 부산은행 4층~10층 (연산동)",129.1074902,35.1838224
한빛안과의원,의원,부산,210005,부산북구,"부산광역시 북구 만덕대로 16, 4층 (덕천동)",129.0068772,35.2102434
한빛연합의원,의원,부산,210007,부산영도구,"부산광역시 영도구 상리로 33, (동삼동)",129.0679338,35.0846503
한빛연합의원,의원,부산,210009,부산해운대구,"부산광역시 해운대구 해운대로 598, 2층 일부호 (우동)",129.156813,35.1621623
한빛의료소비자생활협동조합한빛요양병원,요양병원,부산,210010,부산사하구,"부산광역시 사하구 사하로 55, (구평동)",128.9934093,35.0872173
한빛치과의원,치과의원,부산,210011,부산금정구,"부산광역시 금정구 중앙대로1629번길 16, 2층 210호 (부곡동)",129.0903608,35.2305294
한빛치과의원,치과의원,부산,210001,부산남구,"부산광역시 남구 용호로 195-1, (용호동)",129.1111965,35.1148192
한빛프롤로의원,의원,부산,210013,부산연제구,"부산광역시 연제구 중앙대로 1113, 2층 (연산동)",129.0810928,35.1869791
한빛한의원,한의원,부산,210012,부산강서구,"부산광역시 강서구 명지오션시티4로 62, (명지동)",128.9032629,35.0835081
한빛한의원,한의원,부산,210011,부산금정구,"부산광역시 금정구 중앙대로1719번길 22, (부곡동)",129.0909672,35.237927
한빛한의원,한의원,부산,210014,부산수영구,"부산광역시 수영구 망미번영로38번길 88, (광안동)",129.1127079,35.1681619
한사랑가정의원,의원,부산,210015,부산사상구,"부산광역시 사상구 엄궁북로 24, 2층 (엄궁동)",128.9727954,35.1283533
한사랑가정의원,의원,부산,210008,부산중구,"부산광역시 중구 영주로 14, (영주동)",129.0321239,35.1098682
한사랑가정의원,의원,부산,210014,부산수영구,"부산광역시 수영구 수영로 605-1, (광안동)",129.1132795,35.1598795
한사랑내과병원,병원,부산,210005,부산북구,"부산광역시 북구 만덕대로 38, (덕천동)",129.0090884,35.2107623
한사랑내과의원,의원,부산,210010,부산사하구,"부산광역시 사하구 하신중앙로 184, 2층 204호 (신평동)",128.9623089,35.0952862
한사랑외과의원,의원,부산,210013,부산연제구,"부산광역시 연제구 중앙대로 1131, 5층 (연산동)",129.0806844,35.1885386
한사랑요양병원,요양병원,부산,210004,부산진구,"부산광역시 부산진구 새싹로 107, 지하1층~지상6층층 (부암동)",129.0519433,35.166149
한사랑의원,의원,부산,210011,부산금정구,"부산광역시 금정구 동현로16번길 76, 3층 (부곡동)",129.0877173,35.2207453
한사랑의원,의원,부산,210009,부산해운대구,"부산광역시 해운대구 대천로67번길 4, 202,203호 (좌동, 해운대주공아파트상가)",129.1699934,35.1737687
한사랑정신건강의학과의원,의원,부산,210004,부산진구,"부산광역시 부산진구 가야대로 769, (부전동)",129.0557793,35.1580057
한상욱치과의원,치과의원,부산,210003,부산동래구,"부산광역시 동래구 동래로136번길 30, (복천동)",129.0844991,35.2050286
한샘한의원,한의원,부산,210002,부산동구,"부산광역시 동구 중앙대로371번길 54, (수정동)",129.0462169,35.1302189
한선한의원,한의원,부산,210009,부산해운대구,"부산광역시 해운대구 해운대로 407, (우동, 프라자빌딩 501호, 502호)",129.1406828,35.1678259
한세신경외과의원,의원,부산,210015,부산사상구,"부산광역시 사상구 새벽로 163, (감전동, 한세신경외과)",128.9830324,35.15579
한솔내과의원,의원,부산,210011,부산금정구,"부산광역시 금정구 구서로 17, 2층 (구서동)",129.0890496,35.2466285
한솔부부한의원,한의원,부산,210005,부산북구,"부산광역시 북구 금곡대로285번길 13, 202호 (화명동, 스포렉스)",129.0127525,35.233721
한솔치과의원,치과의원,부산,210009,부산해운대구,"부산광역시 해운대구 아랫반송로21번길 8, (반송동)",129.1485771,35.2254939
한솔치과의원,치과의원,부산,210004,부산진구,"부산광역시 부산진구 전포대로 294, 304호 (전포동, 서면한신아파트상가)",129.0664003,35.1631506
한솔한의원,한의원,부산,210011,부산금정구,"부산광역시 금정구 구서로 10, 2층 (구서동)",129.0901269,35.2468711
한송의원,의원,부산,210004,부산진구,"부산광역시 부산진구 가야공원로 44, (가야동)",129.0298178,35.1495801
한순자소아청소년과의원,의원,부산,210005,부산북구,"부산광역시 북구 만덕대로155번길 15, 105,106호 (덕천동, 삼정그린코아상가2동)",129.0211807,35.2140813
한스이비인후과의원,의원,부산,210004,부산진구,"부산광역시 부산진구 동평로 90, 3층 (당감동)",129.0394146,35.1653088
한승희산부인과의원,의원,부산,210007,부산영도구,"부산광역시 영도구 태종로 102, (대교동2가)",129.0419502,35.0911632
한양류마디병원,병원,부산,210013,부산연제구,"부산광역시 연제구 과정로 272, (연산동)",129.0977103,35.188271
한양마디시원정형외과의원,의원,부산,210006,부산서구,"부산광역시 서구 구덕로 109, 8,9층 801,901,호 (충무동1가)",129.0241404,35.0961904
한양메트로정형외과의원,의원,부산,210004,부산진구,"부산광역시 부산진구 중앙대로 767, 2층 (부전동)",129.061303,35.1608859
한음한방신경정신과한의원,한의원,부산,210009,부산해운대구,"부산광역시 해운대구 센텀3로 20, 벡스코 비지니스호텔 303호 (우동)",129.1329585,35.1678901
한음한방신경정신과한의원,한의원,부산,210004,부산진구,"부산광역시 부산진구 가야대로 785, B동 9층 903호 (부전동, 성영빌딩)",129.0574677,35.1581247
한정신건강의학과의원,의원,부산,210002,부산동구,"부산광역시 동구 중앙대로 375, 1층2층 (수정동)",129.0485724,35.1291356
한정욱이비인후과의원,의원,부산,210001,부산남구,"부산광역시 남구 수영로 27, 3층일부층 (문현동)",129.0708708,35.137228
한정현정신건강의학과 의원,의원,부산,210013,부산연제구,"부산광역시 연제구 중앙대로 1085, 오오빌딩 5층 (연산동)",129.0803159,35.184889
한정희소아청소년과의원,의원,부산,210007,부산영도구,"부산광역시 영도구 절영로 114-1, 1층 (영선동3가)",129.0416953,35.0854713
한주의원,의원,부산,210010,부산사하구,"부산광역시 사하구 낙동대로 197-1, 1~3층 (괴정동)",128.9951083,35.1006026
한치과의원,치과의원,부산,210001,부산남구,"부산광역시 남구 수영로 256, (대연동)",129.0945762,35.1351209
한화생명보험㈜ 부산부속의원,의원,부산,210004,부산진구,"부산광역시 부산진구 중앙대로 659, (부전동)",129.058738,35.1517312
함께웃는치과의원,치과의원,부산,210012,부산강서구,"부산광역시 강서구 명지국제8로 233, (명지동, 더스퀘어)",128.9182894,35.0985301
함께웃는한의원,한의원,부산,210014,부산수영구,"부산광역시 수영구 무학로63번길 142, 401동상가동 205호 (민락동, 센텀비스타동원2차)",129.119611,35.167844
함께하는치과의원,치과의원,부산,210009,부산해운대구,"부산광역시 해운대구 마린시티2로 33, 104동 428호 (우동, 해운대두산위브더제니스)",129.145091,35.156667
함내과외과의원,의원,부산,210009,부산해운대구,"부산광역시 해운대구 재반로 72, 2~5층 (재송동)",129.1261903,35.1852021
함소아한의원,한의원,부산,210003,부산동래구,"부산광역시 동래구 충렬대로75번길 24, 3층 301호 (온천동)",129.0694743,35.2094024
함소아한의원,한의원,부산,210009,부산해운대구,"부산광역시 해운대구 양운로 98, 6층 (좌동, 대하프라자)",129.1748353,35.1716411
함소아한의원,한의원,부산,210004,부산진구,"부산광역시 부산진구 서면로 64, 12층 (부전동, 청석빌딩)",129.0580718,35.1564715
항도다사랑한의원,한의원,부산,210004,부산진구,"부산광역시 부산진구 대학로61번길 3, 2층 (가야동)",129.0349502,35.1502655
항도퀀텀의원,의원,부산,210004,부산진구,"부산광역시 부산진구 동성로 144, 적십자회관빌딩 2~3층 , 중앙대로 786, 2층 201,202,210,211호 (전포동)",129.0636032,35.1614932
항소담외과의원,의원,부산,210011,부산금정구,"부산광역시 금정구 금정로 252, (구서동)",129.0926588,35.2456143
항스퀘어 병원,병원,부산,210010,부산사하구,"부산광역시 사하구 다대로 251, (장림동)",128.9776548,35.0799238
항플러스병원,병원,부산,210010,부산사하구,"부산광역시 사하구 낙동남로 1394, (하단동)",128.9640494,35.1058693
해강치과의원,치과의원,부산,210005,부산북구,"부산광역시 북구 백양대로 1013-1, 3층 (구포동, 용원상가)",128.9943684,35.1964409
해강한의원,한의원,부산,210010,부산사하구,"부산광역시 사하구 감천로 122, (감천동)",129.004721,35.0872224
해광한의원,한의원,부산,210008,부산중구,"부산광역시 중구 대청로 45, (보수동2가)",129.0247914,35.103348
해광한의원,한의원,부산,210011,부산금정구,"부산광역시 금정구 중앙대로 1929, 2층 (구서동)",129.0910877,35.2566711
해님소아청소년과의원,의원,부산,210003,부산동래구,"부산광역시 동래구 우장춘로 14, 9층 901호 (온천동)",129.0702712,35.2089187
해담한의원,한의원,부산,210014,부산수영구,"부산광역시 수영구 수영로 693, BNK 수영타워 7층 701호 (수영동)",129.1154764,35.1679024
해당한의원,한의원,부산,210004,부산진구,"부산광역시 부산진구 중앙대로 712, 3층 (부전동)",129.0594857,35.1562601
해뜨는한의원,한의원,부산,210002,부산동구,"부산광역시 동구 망양로 893-1, 범일메디칼센타 3층 (범일동)",129.0487995,35.1402929
해맑은 한의원,한의원,부산,210013,부산연제구,"부산광역시 연제구 고분로 26-1, 1층 (연산동)",129.0852633,35.1855574
해맑은치과의원,치과의원,부산,210015,부산사상구,"부산광역시 사상구 학감대로 120, 2층 (학장동, 현재빌딩)",128.9888712,35.1417294
해맑은한의원,한의원,부산,210005,부산북구,"부산광역시 북구 금곡대로285번길 5, (화명동)",129.0131863,35.2336922
해맑은한의원,한의원,부산,210003,부산동래구,"부산광역시 동래구 여고북로 188, 1층 (사직동)",129.0751409,35.2023043
해미인치과교정과치과의원,치과의원,부산,210001,부산남구,"부산광역시 남구 수영로 306, (대연동)",129.0998216,35.1369207
해민한의원,한의원,부산,210007,부산영도구,"부산광역시 영도구 대교로 11, (봉래동3가, 새마을금고 2층)",129.0436088,35.0930418
해밀한의원,한의원,부산,210015,부산사상구,"부산광역시 사상구 모라로 22, B104~B108동 (모라동)",128.9847281,35.1909072
해밀한의원,한의원,부산,210100,부산기장군,"부산광역시 기장군 정관읍 용수공단1길 36, 4층",129.1620746,35.3278493
해바라기치과의원,치과의원,부산,210012,부산강서구,"부산광역시 강서구 명지오션시티4로 67, 501호 (명지동, 강서타워)",128.9039621,35.0830186
해바라기치과의원,치과의원,부산,210001,부산남구,"부산광역시 남구 전포대로 16, B104동 106호 (문현동, 문현동이안)",129.0685232,35.1382186
해산한의원,한의원,부산,210005,부산북구,"부산광역시 북구 금곡대로 230, (화명동)",129.0130677,35.2287367
해산한의원,한의원,부산,210011,부산금정구,"부산광역시 금정구 금강로 651-1, (남산동)",129.0884815,35.2658246
해소한의원,한의원,부산,210002,부산동구,"부산광역시 동구 자성로116번길 2, 105동 3층 304,305,306,307,308호 (범일동, 두산위브포세이돈Ⅱ)",129.0639426,35.1358118
해수한의원,한의원,부산,210001,부산남구,"부산광역시 남구 유엔평화로143번길 7, (용당동)",129.0970854,35.123974
해아림한의원,한의원,부산,210004,부산진구,"부산광역시 부산진구 서면로 51, 대성빌딩 9층 (부전동)",129.057576,35.1554116
해아림한의원부산센텀점,한의원,부산,210009,부산해운대구,"부산광역시 해운대구 센텀2로 24, 센텀다이아몬드 202호 (우동)",129.1324555,35.1666813
해와달한의원,한의원,부산,210005,부산북구,"부산광역시 북구 만덕대로 164, (덕천동)",129.0226325,35.2131004
해운누리한의원,한의원,부산,210009,부산해운대구,"부산광역시 해운대구 세실로 48, 213, 216호 (좌동, 해운대삼정코아주상복합)",129.178542,35.1695609
해운대 한빛요양병원,요양병원,부산,210009,부산해운대구,"부산광역시 해운대구 반여로 156, 한빛요양병원 (반여동)",129.126204,35.2051371
해운대365치과의원,치과의원,부산,210009,부산해운대구,"부산광역시 해운대구 좌동순환로 247, 유안빌딩 3층 (좌동)",129.1811618,35.1737755
해운대가족의원,의원,부산,210009,부산해운대구,"부산광역시 해운대구 우동2로 16, (우동)",129.160493,35.1661551
해운대구보건소 반송지소,보건지소,부산,210009,부산해운대구,"부산광역시 해운대구 반송로 853, (반송동, 반송보건지소)",129.1478997,35.2300562
해운대구보건소 재반지소,보건지소,부산,210009,부산해운대구,"부산광역시 해운대구 해운대로61번길 28, (재송동, 재반보건지소)",129.1228326,35.1924207
해운대나눔과행복병원,병원,부산,210009,부산해운대구,"부산광역시 해운대구 좌동순환로 502, 1층일부, 3~9층 (중동)",129.1690227,35.1660473
해운대남산내과의원,의원,부산,210009,부산해운대구,"부산광역시 해운대구 센텀2로 25, 8층 801호 (우동, 센텀드림월드)",129.132947,35.1669544
해운대내과의원,의원,부산,210009,부산해운대구,"부산광역시 해운대구 해운대로 802, 웅신시네아트 A동 418,419,420호 (좌동)",129.1766569,35.1691635
해운대뉴욕치과의원,치과의원,부산,210009,부산해운대구,"부산광역시 해운대구 양운로 82, 3층 (좌동, 화인크리닉센타)",129.1755732,35.1704651
해운대다봄365의원,의원,부산,210009,부산해운대구,"부산광역시 해운대구 마린시티3로 23, 벽산이오렌지프라자 437호 (우동)",129.1469306,35.1566471
해운대로치과의원,치과의원,부산,210009,부산해운대구,"부산광역시 해운대구 해운대해변로 335, CFC빌딩 2,3층 (중동)",129.166638,35.1631619
해운대봄한의원,한의원,부산,210009,부산해운대구,"부산광역시 해운대구 중동2로 12-1, 5층 (중동)",129.164576,35.163149
해운대산부인과의원,의원,부산,210009,부산해운대구,"부산광역시 해운대구 중동1로 30, (중동)",129.1625615,35.1626074
해운대성심요양병원,요양병원,부산,210009,부산해운대구,"부산광역시 해운대구 좌동순환로 462, 지하1층-지상7층 (중동, 성심병원)",129.1719387,35.1622486
해운대센텀이비인후과의원,의원,부산,210009,부산해운대구,"부산광역시 해운대구 해운대로 369, 8층 (우동, 해운대센텀메디칼센타)",129.1377353,35.1702057
해운대센트럴내과의원,의원,부산,210009,부산해운대구,"부산광역시 해운대구 해운대로 650, 201동 301호 (우동)",129.1612447,35.164601
해운대온담치과의원,치과의원,부산,210009,부산해운대구,"부산광역시 해운대구 좌동순환로 176, 장산빌딩 4층 (좌동)",129.175297,35.177565
해운대윤정형외과의원,의원,부산,210009,부산해운대구,"부산광역시 해운대구 양운로 82, 해운대화인크리닉센타 7층 701~704호 (좌동)",129.1755732,35.1704651
해운대이비인후과의원,의원,부산,210009,부산해운대구,"부산광역시 해운대구 구남로29번길 38, (중동)",129.1623603,35.1626273
해운대자생한방병원,한방병원,부산,210009,부산해운대구,"부산광역시 해운대구 해운대로 793, 해운대자생한방병원 (좌동)",129.1753321,35.1695324
해운대정신건강의학과의원,의원,부산,210009,부산해운대구,"부산광역시 해운대구 구남로29번길 38, (중동)",129.1623603,35.1626273
해운대제니스내과의원,의원,부산,210009,부산해운대구,"부산광역시 해운대구 마린시티2로 33, 736,737,738,739호 (우동, 해운대두산위브더제니스)",129.145091,35.156667
해운대치과의원,치과의원,부산,210009,부산해운대구,"부산광역시 해운대구 중동2로 12-1, 4층 (중동, 우리은행)",129.164576,35.163149
해운대코끼리정형외과의원,의원,부산,210009,부산해운대구,"부산광역시 해운대구 해운대로 802, 웅신시네아트 413호 (좌동)",129.1766569,35.1691635
해운대탄탄정형외과의원,의원,부산,210009,부산해운대구,"부산광역시 해운대구 좌동순환로 176, 장산빌딩 5층 (좌동)",129.175297,35.177565
해운대푸른바다어린이병원,병원,부산,210009,부산해운대구,"부산광역시 해운대구 좌동순환로 505, 센트럴메디타워 3층일부, 11층일부, 12.13층,205호~208호 (중동)",129.1682073,35.165667
해운대한의원,한의원,부산,210009,부산해운대구,"부산광역시 해운대구 재반로 82, 1층 (재송동)",129.1257818,35.1860019
해원산부인과의원,의원,부산,210009,부산해운대구,"부산광역시 해운대구 운봉길 3, (반송동)",129.1490762,35.2303455
해월씨에스의원,의원,부산,210009,부산해운대구,"부산광역시 해운대구 달맞이길 227, 2,3,4층 (중동)",129.1840298,35.160865
해유한의원,한의원,부산,210011,부산금정구,"부산광역시 금정구 중앙대로1629번길 16, 상가동 2층 201호 (부곡동, 삼한골든뷰 에듀스테이션)",129.0897128,35.2308525
해은한의원,한의원,부산,210003,부산동래구,"부산광역시 동래구 금강공원로 6, 1,2층 (온천동)",129.0836884,35.2184631
해인의원,의원,부산,210009,부산해운대구,"부산광역시 해운대구 신반송로 197, (반송동)",129.1585141,35.2299257
해인치과의원,치과의원,부산,210009,부산해운대구,"부산광역시 해운대구 좌동순환로 502, 201호 (중동, 이름타워)",129.1690227,35.1660473
해인한의원,한의원,부산,210010,부산사하구,"부산광역시 사하구 낙동대로 184, (괴정동)",128.996396,35.1016676
해인한의원,한의원,부산,210003,부산동래구,"부산광역시 동래구 명장로20번길 109, (안락동)",129.1002109,35.2013648
해인한의원,한의원,부산,210011,부산금정구,"부산광역시 금정구 부곡로 131, 1,2층 (부곡동)",129.0918708,35.2276607
해인한의원,한의원,부산,210100,부산기장군,"부산광역시 기장군 정관면 구연방곡로 11, (정관읍)",129.1840397,35.3206486
해인한의원,한의원,부산,210004,부산진구,"부산광역시 부산진구 동평로 404, 3층 (양정동)",129.0689936,35.1737793
해찬한의원,한의원,부산,210009,부산해운대구,"부산광역시 해운대구 좌동로 88, 울트라타워 203호 (좌동)",129.174951,35.1719523
해피덴치과의원,치과의원,부산,210009,부산해운대구,"부산광역시 해운대구 선수촌로 94, 4층 (반여동)",129.1195631,35.2021038
해피의원,의원,부산,210013,부산연제구,"부산광역시 연제구 중앙대로 1131, 연산메디칼센타 3층 (연산동)",129.0806844,35.1885386
햇살치과의원,치과의원,부산,210008,부산중구,"부산광역시 중구 중구로 59, (보수동1가)",129.0279318,35.1033264
행림한의원,한의원,부산,210010,부산사하구,"부산광역시 사하구 낙동대로 309, 1~5층 (괴정동)",128.9830508,35.0996102
행림한의원,한의원,부산,210003,부산동래구,"부산광역시 동래구 중앙대로1381번길 17, 2층 (온천동)",129.0768459,35.2107227
행복나눔치과의원,치과의원,부산,210015,부산사상구,"부산광역시 사상구 낙동대로 733, 롯데마트 사상점 4층 (엄궁동)",128.9683725,35.1276629
행복나무한의원,한의원,부산,210100,부산기장군,"부산광역시 기장군 정관읍 달산2길 6, 1층",129.1813271,35.3182961
"행복의원,한의원",의원,부산,210011,부산금정구,"부산광역시 금정구 서동로 137-1, 1층 (서동)",129.101773,35.2154238
"행복의원,한의원",한의원,부산,210011,부산금정구,"부산광역시 금정구 서동로 137-1, 1층 (서동)",129.101773,35.2154238
행복이비인후과의원,의원,부산,210002,부산동구,"부산광역시 동구 중앙대로 531, 2층 (범일동)",129.0562298,35.140639
행복이비인후과의원,의원,부산,210100,부산기장군,"부산광역시 기장군 정관읍 정관로 561, 정관타워 7층 701호",129.1753817,35.3220259
행복한가정의학과의원,의원,부산,210010,부산사하구,"부산광역시 사하구 다대로 473, 상가1동 5층 6-1호 (다대동, 다대포현대아파트)",128.9783573,35.0611812
행복한가정의학과의원,의원,부산,210005,부산북구,"부산광역시 북구 시랑로79번길 38, 1층 (구포동)",129.0081962,35.1984378
행복한내과의원,의원,부산,210009,부산해운대구,"부산광역시 해운대구 중동1로 26, 2,3층 (중동, 행복한메디칼)",129.1620822,35.1630081
행복한비뇨기과의원,의원,부산,210002,부산동구,"부산광역시 동구 중앙대로 371, (수정동)",129.0484262,35.1287466
행복한수영정신건강의학과의원,의원,부산,210014,부산수영구,"부산광역시 수영구 수영로 685, 영동빌딩3층 (광안동)",129.1147627,35.1667589
행복한어린이병원,병원,부산,210012,부산강서구,"부산광역시 강서구 명지국제1로 25, 우진메디컬프라 8~10층 (명지동)",128.9033501,35.0912878
행복한예일치과의원,치과의원,부산,210010,부산사하구,"부산광역시 사하구 다송로 17, 2층 (다대동)",128.9815219,35.0658456
행복한의원,한의원,부산,210005,부산북구,"부산광역시 북구 백양대로 1156, 2층 (구포동)",129.0046555,35.2054563
행복한치과의원,치과의원,부산,210010,부산사하구,"부산광역시 사하구 다대로277번길 6, 4층 (장림동)",128.9777651,35.0773666
행복한치과의원,치과의원,부산,210011,부산금정구,"부산광역시 금정구 구서로 24, 2층 (구서동, 농협)",129.0884633,35.2469464
행복한치과의원,치과의원,부산,210003,부산동래구,"부산광역시 동래구 삼어로 2, 3층 (안락동)",129.1125371,35.1987937
행복한치과의원,치과의원,부산,210014,부산수영구,"부산광역시 수영구 수영로741번길 5, 3층 (수영동)",129.1204706,35.16871
행복한치과의원,치과의원,부산,210004,부산진구,"부산광역시 부산진구 가야대로 601, (가야동)",129.0376534,35.1552237
향기로운한의원,한의원,부산,210001,부산남구,"부산광역시 남구 못골로12번길 35, 5층 501~503호 (대연동)",129.0857478,35.1355082
향사랑외과의원,의원,부산,210011,부산금정구,"부산광역시 금정구 중앙대로1841번길 23, 4층 (구서동, 현대타운)",129.0905196,35.2486095
허권치과의원,치과의원,부산,210005,부산북구,"부산광역시 북구 금곡대로 159, 3층 (화명동)",129.0088725,35.2233257
허균한의원,한의원,부산,210001,부산남구,"부산광역시 남구 수영로 283, 103동 1층 104호 (대연동, 벽산e-솔렌스힐)",129.0972989,35.1363677
허리인한의원,한의원,부산,210013,부산연제구,"부산광역시 연제구 중앙대로 1052, 1,3층 (연산동)",129.0787545,35.1820052
허문회치과의원,치과의원,부산,210001,부산남구,"부산광역시 남구 석포로 34, 205, 206호 (감만동, 국제아파트)",129.0851198,35.1223265
허성렬치과의원,치과의원,부산,210003,부산동래구,"부산광역시 동래구 충렬대로 186, 5층 (명륜동)",129.0799322,35.2033868
허성욱한의원,한의원,부산,210013,부산연제구,"부산광역시 연제구 중앙대로 1171-4, 1,2,3층 (거제동)",129.0797932,35.1921429
허용진내과의원,의원,부산,210015,부산사상구,"부산광역시 사상구 학감대로 120, 201호 (학장동, 현재빌딩)",128.9888712,35.1417294
허재규한의원,한의원,부산,210014,부산수영구,"부산광역시 수영구 남천동로 36, 3층303호 (남천동)",129.1116528,35.1412164
허재영내과의원,의원,부산,210010,부산사하구,"부산광역시 사하구 제석로 54, (당리동)",128.9747536,35.1053561
허종현내과의원,의원,부산,210004,부산진구,"부산광역시 부산진구 새싹로 157-2, 2층 (연지동)",129.049834,35.1702374
허준이비인후과의원,의원,부산,210009,부산해운대구,"부산광역시 해운대구 센텀2로 20, 1204호 (우동, 센텀타워메디칼)",129.1320258,35.1671978
허태율한의원,한의원,부산,210011,부산금정구,"부산광역시 금정구 구서로 24, 2층 (구서동, 농협)",129.0884633,35.2469464
헤어로의원,의원,부산,210004,부산진구,"부산광역시 부산진구 서면로 32, 11층 (부전동)",129.0580585,35.1536023
헬로소아청소년과의원,의원,부산,210001,부산남구,"부산광역시 남구 수영로 345, 대연힐스테이트푸르지오 115동 3층 309호 (대연동, 대연힐스테이트푸르지오)",129.1010779,35.1422158
현강한의원,한의원,부산,210002,부산동구,"부산광역시 동구 고관로 120, (수정동)",129.0470001,35.1291658
현당한의원,한의원,부산,210015,부산사상구,"부산광역시 사상구 사상로 241, (괘법동, 참조은한의원)",128.9823557,35.1664079
현대메디의원,의원,부산,210100,부산기장군,"부산광역시 기장군 정관읍 정관로 702, 2층",129.1896923,35.3209492
현대부부치과의원,치과의원,부산,210015,부산사상구,"부산광역시 사상구 운산로 31, (삼락동)",128.9802955,35.1688105
현대소아청소년과의원,의원,부산,210013,부산연제구,"부산광역시 연제구 법원북로 34, (거제동, 2층 일부)",129.0713203,35.1932347
현대안과의원,의원,부산,210004,부산진구,"부산광역시 부산진구 범일로 127, 3층 (범천동)",129.0590642,35.1415079
현대요양병원,요양병원,부산,210100,부산기장군,"부산광역시 기장군 기장읍 반송로 1555, (기장읍)",129.2100756,35.2486598
현대의원,의원,부산,210011,부산금정구,"부산광역시 금정구 서부로 31, 2층 (서동)",129.1026166,35.2165014
현대정형외과의원,의원,부산,210013,부산연제구,"부산광역시 연제구 금련로 5, (연산동)",129.0960288,35.1732281
현대치과의원,치과의원,부산,210010,부산사하구,"부산광역시 사하구 다대로 473, 상가 1동 508,509호 (다대동, 다대포현대아파트)",128.9783573,35.0611812
현대치과의원,치과의원,부산,210007,부산영도구,"부산광역시 영도구 태종로 106, (대교동2가)",129.0421906,35.0910785
현대치과의원,치과의원,부산,210002,부산동구,"부산광역시 동구 범일로 126, (범일동)",129.0596035,35.1411573
현대치과의원,치과의원,부산,210001,부산남구,"부산광역시 남구 진남로 201, (문현동, 새마을금고 3층)",129.0767009,35.1440292
현대치과의원,치과의원,부산,210013,부산연제구,"부산광역시 연제구 거제천로 89, 3층 (거제동)",129.0730645,35.1822768
현대치과의원,치과의원,부산,210004,부산진구,"부산광역시 부산진구 엄광로 34, (개금동)",129.0198168,35.1480934
현명기피부과의원,의원,부산,210001,부산남구,"부산광역시 남구 수영로 206, (대연동)",129.0891418,35.1347338
현승한의원,한의원,부산,210013,부산연제구,"부산광역시 연제구 아시아드대로 46, 2층 (거제동)",129.0685335,35.1887382
현신경과의원,의원,부산,210013,부산연제구,"부산광역시 연제구 중앙대로 1098, 4층 402호 (연산동)",129.0815241,35.1852745
현앤정일침한의원,한의원,부산,210013,부산연제구,"부산광역시 연제구 중앙대로 1077, (연산동, 9층일부)",129.0798349,35.184312
현창한의원,한의원,부산,210001,부산남구,"부산광역시 남구 수영로 21, 2층 (문현동)",129.0700536,35.1372814
형건덕 내과 의원,의원,부산,210007,부산영도구,"부산광역시 영도구 대교로 1, 미라클타워 402호 (봉래동3가)",129.0442772,35.0926042
혜광편작한의원,한의원,부산,210014,부산수영구,"부산광역시 수영구 수미로 59, (망미동)",129.117189,35.173375
혜명의원,의원,부산,210002,부산동구,"부산광역시 동구 성남이로 21, 2층 (좌천동)",129.0568018,35.1323354
혜민서한의원,한의원,부산,210002,부산동구,"부산광역시 동구 범일로 108-1, 2층 (범일동)",129.0596685,35.1396786
혜민의원,의원,부산,210014,부산수영구,"부산광역시 수영구 과정로 43, (망미동)",129.1072682,35.1751671
혜민한의원,한의원,부산,210006,부산서구,"부산광역시 서구 구덕로322번길 15, (동대신동3가)",129.0172798,35.112846
혜산한의원,한의원,부산,210001,부산남구,"부산광역시 남구 수영로 74-5, 109호 (문현동, 무학프라자)",129.0752584,35.1347154
혜인 한의원,한의원,부산,210001,부산남구,"부산광역시 남구 수영로 256, (대연동)",129.0945762,35.1351209
혜화산부인과의원,의원,부산,210007,부산영도구,"부산광역시 영도구 동삼로 64, (동삼동)",129.0706151,35.0791786
호감한의원,한의원,부산,210013,부산연제구,"부산광역시 연제구 중앙대로 1085, 오오빌딩 2층 (연산동)",129.0803159,35.184889
호당한의원,한의원,부산,210005,부산북구,"부산광역시 북구 덕천로 235, 2층 (만덕동)",129.0299323,35.2108259
호돌이소아청소년과의원,의원,부산,210010,부산사하구,"부산광역시 사하구 장림번영로 40, 5층 (장림동)",128.9697485,35.0804772
호두내과의원,의원,부산,210009,부산해운대구,"부산광역시 해운대구 좌동순환로 505, 센트럴메디타워 801, 802호 (중동)",129.1682073,35.165667
호랑한의원,한의원,부산,210001,부산남구,"부산광역시 남구 수영로 243-1, 1층 (대연동)",129.0932982,35.1353753
호림한의원,한의원,부산,210010,부산사하구,"부산광역시 사하구 다대로130번길 15, (신평동)",128.9774077,35.0911405
호박한의원,한의원,부산,210001,부산남구,"부산광역시 남구 용호로 147, 6,7층 (용호동, 종합검진센타)",129.1121008,35.119091
호산나치과의원,치과의원,부산,210006,부산서구,"부산광역시 서구 충무대로241번길 39, 2층 (남부민동)",129.0228741,35.0931902
호산한의원,한의원,부산,210003,부산동래구,"부산광역시 동래구 충렬대로107번길 92-4, 2층 (온천동)",129.0736339,35.2107262
호암한의원,한의원,부산,210013,부산연제구,"부산광역시 연제구 진연로 30-9, 3층 (연산동)",129.0726866,35.1800609
호연한의원,한의원,부산,210010,부산사하구,"부산광역시 사하구 낙동남로 1417, 락희빌딩 7층 (하단동)",128.9666289,35.1065996
호일침한의원,한의원,부산,210004,부산진구,"부산광역시 부산진구 서면문화로 27, 유원 골든타워 오피스텔 20층 (부전동)",129.0556017,35.1594271
호한의원,한의원,부산,210002,부산동구,"부산광역시 동구 망양로875번길 1, (범일동)",129.0478574,35.1387203
호호미한의원,한의원,부산,210009,부산해운대구,"부산광역시 해운대구 선수촌로 89-1, 3층 (반여동)",129.1191357,35.2018129
홍가정의학과의원,의원,부산,210008,부산중구,"부산광역시 중구 흑교로 38, (부평동2가)",129.0254604,35.1028599
홍경수비뇨기과의원,의원,부산,210100,부산기장군,"부산광역시 기장군 정관면 정관로 563, (광장메디컬 302호)",129.1756378,35.3219389
홍길선치과의원,치과의원,부산,210008,부산중구,"부산광역시 중구 대청로 54, (부평동2가)",129.0256579,35.1029426
홍상철한의원,한의원,부산,210007,부산영도구,"부산광역시 영도구 태종로113번길 33, (봉래동3가)",129.0437163,35.0924252
홍시영치과의원,치과의원,부산,210010,부산사하구,"부산광역시 사하구 낙동대로 248, 2층 (괴정동, 우리메디칼센터)",128.9898938,35.0995551
홍은기한의원,한의원,부산,210014,부산수영구,"부산광역시 수영구 광일로 28, S.R빌딩 1층 (광안동)",129.1111767,35.1625071
홍이비인후과의원,의원,부산,210006,부산서구,"부산광역시 서구 구덕로 113, 2층 (충무동1가)",129.023567,35.0962624
홍인내과 의원,의원,부산,210010,부산사하구,"부산광역시 사하구 다대로 3, 2,3층 (당리동)",128.9770106,35.1017714
홍인한의원,한의원,부산,210003,부산동래구,"부산광역시 동래구 명륜로 109, (명륜동)",129.0827646,35.2036151
홍일한의원,한의원,부산,210008,부산중구,"부산광역시 중구 중구로33번길 45-1, (부평동2가)",129.0253171,35.1009414
홍제마취통증의학과의원,의원,부산,210001,부산남구,"부산광역시 남구 수영로 185, 2층 (대연동)",129.0870352,35.1350859
홍제한의원,한의원,부산,210005,부산북구,"부산광역시 북구 백양대로 1196, 2층 (구포동)",129.0055739,35.2090608
홍지호치과의원,치과의원,부산,210005,부산북구,"부산광역시 북구 백양대로 1196, 5층 (구포동)",129.0055739,35.2090608
홍진욱비뇨의학과의원,의원,부산,210009,부산해운대구,"부산광역시 해운대구 해운대로 794, 엘리움 301호, 302일부호 (좌동)",129.1757451,35.168815
홍치과의원,치과의원,부산,210005,부산북구,"부산광역시 북구 만덕2로 43, 3층 (만덕동)",129.0377854,35.2096608
홍택종심혈관리하는내과의원,의원,부산,210004,부산진구,"부산광역시 부산진구 서면로68번길 1, 10층 (부전동)",129.0580729,35.1568836
화령한의원,한의원,부산,210005,부산북구,"부산광역시 북구 금곡대로 312, 2층 (화명동, 한마음메디칼센터)",129.0143523,35.235978
화명고운치과의원,치과의원,부산,210005,부산북구,"부산광역시 북구 화명대로 68, 301,302,303호 (화명동, e편한세상상가동)",129.0160184,35.2336766
화명내과의원,의원,부산,210005,부산북구,"부산광역시 북구 화명대로 35, 401호 (화명동, 신호타워)",129.0119897,35.2351559
화명마취통증의학과의원,의원,부산,210005,부산북구,"부산광역시 북구 화명대로 35, 504호 (화명동, 신호타워)",129.0119897,35.2351559
화명바른신경외과의원,의원,부산,210005,부산북구,"부산광역시 북구 화명대로 34, 웰빙프라자 402호, 403호 (화명동)",129.0119014,35.2345325
화명새길한의원,한의원,부산,210005,부산북구,"부산광역시 북구 화명대로 68, 상가동 202호,203호 (화명동, 이편한세상화명힐스)",129.0160184,35.2336766
화명서울치과의원,치과의원,부산,210005,부산북구,"부산광역시 북구 화명대로 31, 701,702호 (화명동, 현호타워)",129.0116241,35.2351911
화명성모안과의원,의원,부산,210005,부산북구,"부산광역시 북구 화명대로 44, 203호 (화명동, 금호타워)",129.013,35.2343739
화명아이i소아청소년과의원,의원,부산,210005,부산북구,"부산광역시 북구 금곡대로 312, 한마음 메디컬센터 5층 (화명동)",129.0143496,35.2359746
화명어린이치과의원,치과의원,부산,210005,부산북구,"부산광역시 북구 금곡대로 287, 605호 (화명동, 삼한골든뷰)",129.0133222,35.2341977
화명이비인후과의원,의원,부산,210005,부산북구,"부산광역시 북구 금곡대로 161, (화명동)",129.0089519,35.2234893
화명치과의원,치과의원,부산,210005,부산북구,"부산광역시 북구 금곡대로 206, 수정새마을회관 2층 (화명동)",129.0115138,35.2268939
화명튼튼정형외과의원,의원,부산,210005,부산북구,"부산광역시 북구 금곡대로199번길 3, 3층,4층,5층 (화명동)",129.0105902,35.2265679
화명하나병원,병원,부산,210005,부산북구,"부산광역시 북구 화명신도시로 120, (화명동)",129.0111527,35.2345977
화명한의원,한의원,부산,210005,부산북구,"부산광역시 북구 금곡대로 328, (화명동)",129.0142822,35.2376312
화목치과의원,치과의원,부산,210009,부산해운대구,"부산광역시 해운대구 세실로 64, 206,207호 (좌동, 화목데파트)",129.177663,35.1709808
화목한의원,한의원,부산,210015,부산사상구,"부산광역시 사상구 백양대로 905, 2층 (모라동)",128.9905442,35.1870458
화목한의원,한의원,부산,210003,부산동래구,"부산광역시 동래구 충렬대로 132, 1층 (온천동)",129.0746888,35.2055637
화목한의원,한의원,부산,210014,부산수영구,"부산광역시 수영구 연수로 421, 지하1층, 1층 (수영동)",129.1149665,35.1678213
화성한의원,한의원,부산,210100,부산기장군,"부산광역시 기장군 기장읍 차성로288번길 48, 1층",129.2161297,35.2429074
화유한의원,한의원,부산,210002,부산동구,"부산광역시 동구 범일로 102, 2층 (범일동)",129.059695,35.1392273
화이트덴치과의원,치과의원,부산,210004,부산진구,"부산광역시 부산진구 가야대로 466, (개금동)",129.0229795,35.1529022
화이트스토리치과의원,치과의원,부산,210013,부산연제구,"부산광역시 연제구 중앙대로 1094, 코리아빌딩 4층 (연산동)",129.0813394,35.1851377
화이트이(e)치과의원,치과의원,부산,210008,부산중구,"부산광역시 중구 비프광장로 36, 2층 (남포동5가)",129.0287568,35.0986228
화이트이치과의원,치과의원,부산,210004,부산진구,"부산광역시 부산진구 중앙대로 694, 쥬디스태화 5층 501일부호 (부전동)",129.0596176,35.1547419
화이트이치과의원,치과의원,부산,210009,부산해운대구,"부산광역시 해운대구 좌동로 93, 해운대농협 3층 (좌동)",129.17504,35.1727024
화이트치과의원,치과의원,부산,210003,부산동래구,"부산광역시 동래구 충렬대로 467, (안락동)",129.1092979,35.1954151
화이트치과의원,치과의원,부산,210014,부산수영구,"부산광역시 수영구 수영로464번길 6, (남천동)",129.1105397,35.1471815
화이트치과의원,치과의원,부산,210004,부산진구,"부산광역시 부산진구 동평로 362, (양정동)",129.0647102,35.1745736
화인마취통증의학과의원,의원,부산,210010,부산사하구,"부산광역시 사하구 낙동남로 1412, 경부빌딩 6층 (하단동)",128.966083,35.1057921
화인정형외과의원,의원,부산,210015,부산사상구,"부산광역시 사상구 대동로 103, 성창빌딩 4,5,6층 (학장동)",128.978887,35.138822
화접몽한의원,한의원,부산,210004,부산진구,"부산광역시 부산진구 서면로 74, 아이온시티빌딩 11층 1102호 (부전동)",129.0581339,35.1570677
화창사암한의원,한의원,부산,210013,부산연제구,"부산광역시 연제구 월드컵대로 142-1, 동해메디컬 2층 (연산동)",129.080821,35.1866122
화창한병원,병원,부산,210011,부산금정구,"부산광역시 금정구 중앙대로1685번길 12, 지하2~6층 (부곡동)",129.0910469,35.235235
활기찬정형외과의원,의원,부산,210013,부산연제구,"부산광역시 연제구 과정로 180, 3층 304, 305호 (연산동)",129.1074938,35.1874187
활인한의원,한의원,부산,210012,부산강서구,"부산광역시 강서구 공항로811번길 43, (대저2동)",128.9554326,35.1801326
활짝핀정형외과의원,의원,부산,210014,부산수영구,"부산광역시 수영구 수영로 586, 4층 (광안동)",129.1135557,35.1578877
황국형비뇨기과의원,의원,부산,210013,부산연제구,"부산광역시 연제구 중앙대로 1107, 7층 (연산동)",129.0809947,35.1866707
황금손한방병원,한방병원,부산,210003,부산동래구,"부산광역시 동래구 중앙대로 1325, 이센타워 2,4,5층 (온천동)",129.0775368,35.2053247
황금약손한의원,한의원,부산,210005,부산북구,"부산광역시 북구 금곡대로303번길 22, 2층 (화명동, 정능빌딩)",129.0126499,35.235738
황금약손한의원 덕천,한의원,부산,210005,부산북구,"부산광역시 북구 백양대로 1192, 2층 (구포동)",129.0055058,35.2087724
황내과의원,의원,부산,210009,부산해운대구,"부산광역시 해운대구 좌동순환로 174, 401호 (좌동, 거성프라자)",129.1750479,35.1776265
황성기이비인후과의원,의원,부산,210004,부산진구,"부산광역시 부산진구 동평로 201, (부암동)",129.0499158,35.1684652
황성윤한의원,한의원,부산,210015,부산사상구,"부산광역시 사상구 학감대로 124, 1층 (학장동)",128.9887327,35.1420345
황신경외과의원,의원,부산,210009,부산해운대구,"부산광역시 해운대구 신반송로 208, 6층 (반송동)",129.1575904,35.2307114
황영표내과의원,의원,부산,210014,부산수영구,"부산광역시 수영구 광남로 203, 2층 (민락동)",129.1212482,35.1588434
황영환치과의원,치과의원,부산,210003,부산동래구,"부산광역시 동래구 충렬대로 261, (낙민동)",129.0879421,35.2011808
황원규소아청소년과의원,의원,부산,210013,부산연제구,"부산광역시 연제구 월드컵대로 5, (연산동)",129.0860662,35.1752533
황윤권정형외과의원,의원,부산,210011,부산금정구,"부산광역시 금정구 중앙대로1629번길 16, 상가301동 209호 (부곡동)",129.0897128,35.2308525
황을지정신건강의학과의원,의원,부산,210013,부산연제구,"부산광역시 연제구 과정로 140, 부산은행 3층 301호 (연산동)",129.1074902,35.1838224
효당한의원,한의원,부산,210011,부산금정구,"부산광역시 금정구 부곡로 104, 1층 (부곡동)",129.0917762,35.2250146
효메디요양병원,요양병원,부산,210001,부산남구,"부산광역시 남구 용호로 95, (용호동)",129.1127358,35.1237589
효성시티병원,병원,부산,210009,부산해운대구,"부산광역시 해운대구 해운대로 135, (재송동)",129.1214789,35.1852049
효성시티치과의원,치과의원,부산,210009,부산해운대구,"부산광역시 해운대구 해운대로 133, 2층 (재송동, 효성시티병원 별관)",129.1213025,35.1853084
효성의원,의원,부산,210005,부산북구,"부산광역시 북구 만덕1로 7, 5,6층 (만덕동)",129.0364403,35.213953
효성한의원,한의원,부산,210001,부산남구,"부산광역시 남구 용호로 153, 1층 (용호동)",129.111994,35.1184884
효원한의원,한의원,부산,210003,부산동래구,"부산광역시 동래구 사직로70번길 50, (사직동)",129.0577115,35.1974691
효정의료소비자생활협동조합연세한마음의원,의원,부산,210100,부산기장군,"부산광역시 기장군 장안읍 해맞이로 432, (장안읍)",129.2828128,35.3294344
효정치과의원,치과의원,부산,210003,부산동래구,"부산광역시 동래구 아시아드대로 225, (온천동)",129.0666022,35.2042991
효치과의원,치과의원,부산,210005,부산북구,"부산광역시 북구 만덕1로 5, 2층 (만덕동)",129.0364315,35.2138225
후생한의원,한의원,부산,210011,부산금정구,"부산광역시 금정구 서부로 8, (서동)",129.1045455,35.2152086
후한의원,한의원,부산,210004,부산진구,"부산광역시 부산진구 서면로 59, 11층~12층 (부전동)",129.0575468,35.1560117
훈내과의원,의원,부산,210003,부산동래구,"부산광역시 동래구 충렬대로 467, (안락동)",129.1092979,35.1954151
훈훈한의원,한의원,부산,210004,부산진구,"부산광역시 부산진구 대학로 12, 5층 (가야동)",129.0370099,35.1543104
휘림한방병원,한방병원,부산,210015,부산사상구,"부산광역시 사상구 백양대로804번길 36, 지하2층~3층 (덕포동)",128.9909871,35.1788564
휘치과의원,치과의원,부산,210013,부산연제구,"부산광역시 연제구 월드컵대로 54, 5층 (연산동)",129.084852,35.1793942
휴마취통증의학과의원,의원,부산,210013,부산연제구,"부산광역시 연제구 중앙대로 1107, 10층 (연산동)",129.0809947,35.1866707
휴병원,병원,부산,210004,부산진구,"부산광역시 부산진구 가야대로 713, 2~8, 10, 11~15층 (당감동)",129.0495013,35.1575928
휴심앤장내과의원,의원,부산,210013,부산연제구,"부산광역시 연제구 중앙대로 1113, 진보빌딩 5층 (연산동)",129.0810928,35.1869791
휴한의원,한의원,부산,210013,부산연제구,"부산광역시 연제구 중앙대로 1090, 프라임시티 702호 (연산동)",129.0810539,35.184791
흥재침구과한의원,한의원,부산,210009,부산해운대구,"부산광역시 해운대구 좌동순환로 173, 영풍프라자 4층 401호 (좌동)",129.1752749,35.1781714
희망을주는치과의원,치과의원,부산,210014,부산수영구,"부산광역시 수영구 광남로130번길 4, (광안동)",129.1169713,35.1528754
희망클리닉의원,의원,부산,210004,부산진구,"부산광역시 부산진구 중앙대로 747, 8층 801호 (부전동)",129.0600126,35.1593889
희망한의원,한의원,부산,210009,부산해운대구,"부산광역시 해운대구 세실로 87, 영진파스타 401호 (좌동)",129.1760483,35.1722169
흰돌의원,의원,부산,210014,부산수영구,"부산광역시 수영구 연수로260번길 53, 흰돌실버타운 1,2층 (망미동)",129.0989166,35.1705703
흰치과의원,치과의원,부산,210008,부산중구,"부산광역시 중구 중앙대로 75-1, 2층 (중앙동4가)",129.0359938,35.1044684
힐스바른의원,의원,부산,210009,부산해운대구,"부산광역시 해운대구 좌동순환로433번길 30-1, 해운대힐스테이트위브 판매동 315호 (중동)",129.1798461,35.1625239
힐스치과의원,치과의원,부산,210009,부산해운대구,"부산광역시 해운대구 좌동순환로433번길 30-1, (중동, 해운대힐스테이트위브)",129.1798461,35.1625239
힘내라병원,병원,부산,210002,부산동구,"부산광역시 동구 범일로 85, (범일동, 삼미85 빌딩)",129.0589148,35.1377687
힘찬한의원,한의원,부산,210015,부산사상구,"부산광역시 사상구 가야대로 272, 메디칼센타 (주례동)",129.0022775,35.1501098
