요양기관명,종별코드명,시도코드명,시군구코드,시군구코드명,주소,좌표(X),좌표(Y)
(의) 열린의료재단 정다운의원,의원,전남,360400,순천시,"전라남도 순천시 봉화3길 14, 4~5층 (조례동)",127.5199811,34.9632557
(재)대한불교관음종 참조은의원,의원,전남,360300,목포시,"전라남도 목포시 산정로 166, 더벨류넘버3 2~5층 (용당동)",126.3925066,34.8033743
(주)LG화학부속의원,의원,전남,360500,여수시,"전라남도 여수시 여수산단2로 55, LG화학(주) (화치동)",127.6524013,34.8039602
100년재생의원,의원,전남,360300,목포시,"전라남도 목포시 용당로 211, (용당동)",126.3979131,34.8058741
21세기치과교정과치과의원,치과의원,전남,360500,여수시,"전라남도 여수시 여서로 162, (여서동)",127.6997306,34.7478656
21세기하나내과의원,의원,전남,360300,목포시,"전라남도 목포시 백년대로 291, (상동)",126.419575,34.803998
365 에이스치과의원,치과의원,전남,360009,무안군,"전라남도 무안군 삼향읍 남악3로 56, 4층 401호",126.4606986,34.810509
365굿모닝한방병원,한방병원,전남,360700,광양시,"전라남도 광양시 광양읍 대림오성로 61-0, (광양읍)",127.5695321,34.9675564
365금손약손한의원,한의원,전남,360500,여수시,"전라남도 여수시 대치3길 5, 3층 (여서동)",127.6997883,34.7476794
365마디척한의원,한의원,전남,360200,나주시,"전라남도 나주시 우정로 106, B동 113호 (빛가람동)",126.7917871,35.0233879
365매일한방병원,한방병원,전남,360300,목포시,"전라남도 목포시 하당로 253-0,  (상동)",126.4237367,34.8102773
365서울탑플란트치과의원,치과의원,전남,360400,순천시,"전라남도 순천시 팔마로 205, 8층 801호 (덕암동, LG전자)",127.5093028,34.9414039
365연합의원,의원,전남,360500,여수시,"전라남도 여수시 시청로 46, 2, 3, 4, 5층 (학동)",127.6632306,34.7656587
365열린의원,의원,전남,360021,해남군,"전라남도 해남군 해남읍 중앙2로 151, 151",126.5946643,34.5660779
365차한의원,한의원,전남,360500,여수시,"전라남도 여수시 여서로 156-1, 여수신협 2층 (여서동)",127.6989867,34.7479758
e-편한치과의원,치과의원,전남,360500,여수시,"전라남도 여수시 여서로 168, 3층 (여서동)",127.7001907,34.7482378
e플란트치과의원,치과의원,전남,360009,무안군,"전라남도 무안군 삼향읍 남악2로74번길 39, 301, 302호 (광일프라자)",126.4592078,34.8130693
GS칼텍스(주)부속의원,의원,전남,360500,여수시,"전라남도 여수시  여수산단로 1083-101, (월내동)",127.7268161,34.8616825
HD현대삼호 부속의원,의원,전남,360015,영암군,"전라남도 영암군 삼호읍 대불로 93, HD현대삼호 건강증진센터 2,3층",126.3775928,34.7389802
OK재활의학과의원,의원,전남,360021,해남군,"전라남도 해남군 해남읍 남부순환로 2, 2",126.6066831,34.5706065
가거도보건지소,보건지소,전남,360012,신안군,"전라남도 신안군 흑산면 가거도길 36, (흑산면)",125.1266345,34.0523783
가람의원,의원,전남,360022,화순군,"전라남도 화순군 화순읍 광덕로 177, 3층",126.9921815,35.0606496
가사도보건진료소,보건진료소,전남,360019,진도군,"전라남도 진도군 조도면 가사도길 108, (가사도보건진료소)",126.0510802,34.478546
가지런이 치과교정과 치과의원,치과의원,전남,360200,나주시,"전라남도 나주시 빛가람로 676, 씨티원 빌딩 305,306호 (빛가람동)",126.7855406,35.0208051
가지런이치과의원,치과의원,전남,360400,순천시,"전라남도 순천시 순천만정원로 86, 3층 (풍덕동)",127.4956111,34.9370454
가치보건진료소,보건진료소,전남,360019,진도군,"전라남도 진도군 지산면 가치길 74-4, (보건소)",126.1247683,34.4360839
간전보건지소,보건지소,전남,360006,구례군,"전라남도 구례군 간전면 안음길 3, (간전면)",127.5435316,35.1780647
갈곡보건진료소,보건진료소,전남,360015,영암군,"전라남도 영암군 신북면 치릿길 21, (신북면)",126.6841953,34.9230475
감도보건진료소,보건진료소,전남,360500,여수시,"전라남도 여수시 화양면 감도길 2, (화양면)",127.567234,34.7272175
감동성형외과의원,의원,전남,360400,순천시,"전라남도 순천시 해룡면 순광로 234-9, 씨에스컨티넨탈 가동 2층",127.5452672,34.9635348
감초당한의원,한의원,전남,360500,여수시,"전라남도 여수시 신월로 668, (국동)",127.7173225,34.7304252
감초한의원,한의원,전남,360300,목포시,"전라남도 목포시 영산로121번길 3, 1,2층 (명륜동)",126.3860857,34.7932027
감초한의원,한의원,전남,360010,보성군,"전라남도 보성군 보성읍 현충로 72, (보성읍)",127.0797302,34.7667742
갑앤유외과의원,의원,전남,360500,여수시,"전라남도 여수시 웅천로 134, 405호 (웅천동)",127.6778506,34.7403547
강남더밝은치과의원,치과의원,전남,360400,순천시,"전라남도 순천시 왕지로 35, 2층 (왕지동)",127.5261442,34.9700135
강남병원,병원,전남,360700,광양시,"전라남도 광양시 중마중앙로 17, (중동)",127.697625,34.9317763
강남뷰티의원,의원,전남,360400,순천시,"전라남도 순천시 남신월길 2, 4층 401호 (조례동)",127.5188848,34.9542605
강남성모의원,의원,전남,360400,순천시,"전라남도 순천시 연향3로 33, (연향동)",127.51969,34.9510031
강남한의원,한의원,전남,360300,목포시,"전라남도 목포시 용당로 202, (용당동)",126.3986334,34.8050015
강내과의원,의원,전남,360300,목포시,"전라남도 목포시 영산로 343, (용당동, 태금빌딩)",126.4028925,34.8062438
강내과의원,의원,전남,360400,순천시,"전라남도 순천시 중앙로 108, (중앙동)",127.4842896,34.9552455
강동호치과의원,치과의원,전남,360300,목포시,"전라남도 목포시 부흥로 80, 3층 (옥암동)",126.4298651,34.8032935
강마리아산부인과의원,의원,전남,360500,여수시,"전라남도 여수시 중앙로 27, 4층 (충무동)",127.7306851,34.7405193
강변서울의원,의원,전남,360200,나주시,"전라남도 나주시 남평읍 강변2길 5-11, 201호",126.8501656,35.0405902
강비뇨기과의원,의원,전남,360500,여수시,"전라남도 여수시 여서로 173, (여서동)",127.7006514,34.7488484
강승원치과의원,치과의원,전남,360400,순천시,"전라남도 순천시 순광로 24, 메디칼센터동 4층 (조례동)",127.5237376,34.9548403
강안과의원,의원,전남,360500,여수시,"전라남도 여수시 쌍봉로 36, (학동)",127.6598879,34.7662712
강진88정형외과의원,의원,전남,360001,강진군,"전라남도 강진군 강진읍 평동2길 30, 2층",126.7680499,34.6380201
강진군군동보건지소,보건지소,전남,360001,강진군,"전라남도 강진군 군동면 진흥로 324-9, (군동면)",126.8162761,34.6436439
강진군대구면계율보건진료소,보건진료소,전남,360001,강진군,"전라남도 강진군 대구면 계율길 41, (대구면)",126.8147853,34.5085684
강진군대구보건지소,보건지소,전남,360001,강진군,"전라남도 강진군 대구면 수동길 2, (성황동)",126.800381,34.4940284
강진군도암면강정보건진료소,보건진료소,전남,360001,강진군,"전라남도 강진군 도암면 지석로 460, (도암면)",126.6801402,34.5995787
강진군도암면신기보건진료소,보건진료소,전남,360001,강진군,"전라남도 강진군 도암면 월곶로 278, (신기보건진료소)",126.7543938,34.5342874
강진군도암보건지소,보건지소,전남,360001,강진군,"전라남도 강진군 도암면 도암중앙로 61, 61",126.7279507,34.5453848
강진군마량보건지소,보건지소,전남,360001,강진군,"전라남도 강진군 마량면 마량4길 4-1, (마량보건진료소)",126.8164764,34.451518
강진군병영보건지소,보건지소,전남,360001,강진군,"전라남도 강진군 병영면 성남하고길 20, (병영면)",126.8127804,34.7165434
강진군보건소,보건소,전남,360001,강진군,"전라남도 강진군 강진읍 목리길 11, (강진읍)",126.7753801,34.6380187
강진군성전보건지소,보건지소,전남,360001,강진군,"전라남도 강진군 성전면 예향로 12-11, ()",126.7095899,34.6918543
강진군신전면송천보건진료소,보건진료소,전남,360001,강진군,"전라남도 강진군 신전면 운주로 331, (신전면)",126.7290411,34.4835252
강진군신전보건지소,보건지소,전남,360001,강진군,"전라남도 강진군 신전면 신전중앙길 15-4, (신전면)",126.7205892,34.5132166
강진군옴천면영산보건진료소,보건진료소,전남,360001,강진군,"전라남도 강진군 옴천면 장강로 1776, (옴천영산보건진료소)",126.7712094,34.75875
강진군옴천보건지소,보건지소,전남,360001,강진군,"전라남도 강진군 옴천면 개산중앙길 11-12, (옴천보건지소)",126.7936404,34.7445261
강진군작천면용상보건진료소,보건진료소,전남,360001,강진군,"전라남도 강진군 작천면 열수로 58, (용상보건진료소)",126.7670556,34.7171516
강진군작천보건지소,보건지소,전남,360001,강진군,"전라남도 강진군 작천면 평리길 37-5, (작천면)",126.7741094,34.7029856
강진군칠량면단월보건진료소,보건진료소,전남,360001,강진군,"전라남도 강진군 칠량면 치산길 7, (칠량면)",126.8394459,34.563645
강진군칠량보건지소,보건지소,전남,360001,강진군,"전라남도 강진군 칠량면 칠량로 74, (칠량보건지소)",126.7987556,34.5721066
강진서울치과의원,치과의원,전남,360001,강진군,"전라남도 강진군 강진읍 중앙로 103, 2층",126.7681052,34.6392874
강진아나파의원,의원,전남,360001,강진군,"전라남도 강진군 강진읍 영랑로 26, (강진읍)",126.7689307,34.6380769
강진이비인후과의원,의원,전남,360001,강진군,"전라남도 강진군 강진읍 영랑로 36, (강진읍)",126.7683425,34.6388517
강진치과의원,치과의원,전남,360001,강진군,"전라남도 강진군 강진읍 영랑로2길 17, (강진읍)",126.770438,34.6385594
강진한의원,한의원,전남,360001,강진군,"전라남도 강진군 강진읍 중앙로 88, 금호상가 2층 211호",126.7671781,34.637991
강진효요양병원,요양병원,전남,360001,강진군,"전라남도 강진군 강진읍 해강로 1322-0, (강진읍)",126.752571,34.6230048
강찬한의원,한의원,전남,360018,장흥군,"전라남도 장흥군 장흥읍 예양2길 44, (장흥읍)",126.9019992,34.6778925
강철민내과의원,의원,전남,360400,순천시,"전라남도 순천시 이수로 315, 1층 (조례동)",127.5181705,34.9538071
강치과의원,치과의원,전남,360200,나주시,"전라남도 나주시 나주로 204, (성북동)",126.7219074,35.0346383
개도보건지소,보건지소,전남,360500,여수시,"전라남도 여수시 화정면 개도화산1길 8, (화정면)",127.6637592,34.5714496
거금의원,의원,전남,360002,고흥군,"전라남도 고흥군 금산면 거금중앙길 73-1, (금산면)",127.1241018,34.4587127
거남한의원,한의원,전남,360300,목포시,"전라남도 목포시 산정로 59, 2층 (산정동, 서정빌딩)",126.3926538,34.7938396
거북이한의원,한의원,전남,360016,완도군,"전라남도 완도군 완도읍 개포로62번길 33, 2층 (금화상사, 아트피아)",126.7478274,34.3181949
거북이한의원,한의원,전남,360500,여수시,"전라남도 여수시 흥국로 11, 2층 (학동)",127.6639187,34.7637601
건강연합의원,의원,전남,360500,여수시,"전라남도 여수시 동문로 60, 3, 4층 (관문동)",127.7409158,34.7421923
건강치과의원,치과의원,전남,360300,목포시,"전라남도 목포시 수문로 29-2, 2층 (죽동)",126.3827916,34.7923148
겸백보건지소,보건지소,전남,360010,보성군,"전라남도 보성군 겸백면 충의로 2458-1, 2458",127.1533559,34.8284548
경원치과의원,치과의원,전남,360300,목포시,"전라남도 목포시 교육로 83, 배석치과 2층 (상동)",126.4188246,34.8042327
경호보건진료소,보건진료소,전남,360500,여수시,"전라남도 여수시 대경도2길 5, (경호동)",127.7221298,34.7185903
경희그린한의원,한의원,전남,360400,순천시,"전라남도 순천시 조례1길 17, 2층 (조례동)",127.5235169,34.960662
경희길한의원,한의원,전남,360500,여수시,"전라남도 여수시 여서1로 84, 2층 (여서동)",127.7064525,34.7537205
경희다나을한의원,한의원,전남,360400,순천시,"전라남도 순천시 봉화2길 87, 2층 (조례동)",127.5178397,34.960503
경희류한의원,한의원,전남,360018,장흥군,"전라남도 장흥군 장흥읍 동교1길 25, (장흥읍)",126.9080916,34.6774751
경희바른몸지킴이한의원,한의원,전남,360500,여수시,"전라남도 여수시 선소로 82, 2층 (신기동)",127.668169,34.7597846
경희약손한의원,한의원,전남,360300,목포시,"전라남도 목포시 옥암로 195, 금호타이어 3~4층층 (석현동)",126.4208753,34.8151592
경희천지인한의원,한의원,전남,360020,함평군,"전라남도 함평군 함평읍 중앙길 45, (함평읍)",126.5230672,35.0619633
경희탑치과의원,치과의원,전남,360400,순천시,"전라남도 순천시 연향중앙상가길 9, 순천엘지빌딩 8층 (연향동)",127.5195112,34.9529381
경희터미널한의원,한의원,전남,360019,진도군,"전라남도 진도군 진도읍 남문길 5, (터미널내)",126.2635548,34.4786652
경희튼튼한의원,한의원,전남,360700,광양시,"전라남도 광양시 광양읍 칠성로 45, 3층",127.583586,34.9790562
경희팔마한의원,한의원,전남,360400,순천시,"전라남도 순천시 남산로 144, 2층 (풍덕동)",127.5040445,34.9403571
경희한의원,한의원,전남,360300,목포시,"전라남도 목포시 비파로 107, (상동)",126.4233044,34.8075726
경희한의원,한의원,전남,360014,영광군,"전라남도 영광군 영광읍 천년로 1489, 202호",126.5044214,35.2753432
경희한의원,한의원,전남,360003,곡성군,"전라남도 곡성군 곡성읍 군청로 18, (곡성읍)",127.2933455,35.2798698
경희한의원,한의원,전남,360008,담양군,"전라남도 담양군 담양읍 천변6길 2, (담양읍)",126.9831609,35.3159202
경희한의원,한의원,전남,360016,완도군,"전라남도 완도군 완도읍 개포로114번길 48, (완도읍)",126.7467286,34.3185914
경희한의원,한의원,전남,360500,여수시,"전라남도 여수시 통제영3길 6, (교동)",127.7341889,34.7405494
경희한의원,한의원,전남,360700,광양시,"전라남도 광양시 중마중앙로 89, 1층 (중동)",127.6977605,34.9382573
경희한의원,한의원,전남,360002,고흥군,"전라남도 고흥군 도양읍 녹동남촌1길 29, (도양읍)",127.1387684,34.5273028
경희한의원,한의원,전남,360400,순천시,"전라남도 순천시 시민로 46, (남내동)",127.4863087,34.9537428
계곡면보건지소,보건지소,전남,360021,해남군,"전라남도 해남군 계곡면 해남로 1455, (계곡면보건지소)",126.6601963,34.6463173
계림보건진료소,보건진료소,전남,360020,함평군,"전라남도 함평군 월야면 금치죽림길 4-6, 4",126.627576,35.2131876
고광택치과의원,치과의원,전남,360300,목포시,"전라남도 목포시 영산로 93, 2층 (명륜동)",126.385475,34.790883
고광후비뇨기과의원,의원,전남,360500,여수시,"전라남도 여수시 중앙로 67, (중앙동)",127.735029,34.7403077
고군보건지소,보건지소,전남,360019,진도군,"전라남도 진도군 고군면 진도대로 303, (보건지소)",126.3441063,34.4912831
고금석이비인후과의원,의원,전남,360400,순천시,"전라남도 순천시 이수로 315, 2층 (조례동)",127.5181705,34.9538071
고금의원,의원,전남,360016,완도군,"전라남도 완도군 고금면 고금동로 11, 1층",126.8011567,34.3966128
고금한의원,한의원,전남,360016,완도군,"전라남도 완도군 고금면 고금동로 15-1, (고금면)",126.801522,34.3964916
고당보건진료소,보건진료소,전남,360021,해남군,"전라남도 해남군 문내면 문내화원로 551, (문내면)",126.349398,34.632434
고려연합의원,의원,전남,360014,영광군,"전라남도 영광군 영광읍 신남로 180, 310호",126.501912,35.2758936
고려한의원,한의원,전남,360014,영광군,"전라남도 영광군 홍농읍 동부로 16, (홍농읍)",126.4481151,35.394891
고려한의원,한의원,전남,360400,순천시,"전라남도 순천시 이수로 299, (조례동)",127.5167349,34.9529062
고상보건진료소,보건진료소,전남,360010,보성군,"전라남도 보성군 벌교읍 채동선로 766-5, (벌교읍)",127.3080198,34.8774895
고서삼성의원,의원,전남,360008,담양군,"전라남도 담양군 고서면 원등1길 4, (고서면)",126.974075,35.2232167
고서한국의원,의원,전남,360008,담양군,"전라남도 담양군 고서면 가사문학로 327, (고서면)",126.9735159,35.2233759
고운빛의원,의원,전남,360400,순천시,"전라남도 순천시 연향번영길 122, 휴대폰종합할인매장 2층 202호 (연향동)",127.5188779,34.9525656
고운빛치과의원,치과의원,전남,360400,순천시,"전라남도 순천시 연향3로 16, (연향동)",127.5175834,34.9505448
고운치과의원,치과의원,전남,360009,무안군,"전라남도 무안군 일로읍 일로로 68, (일로읍)",126.4943349,34.8496159
고조현외과의원,의원,전남,360200,나주시,"전라남도 나주시 나주로 152, (중앙동)",126.7175958,35.031837
고치과의원,치과의원,전남,360014,영광군,"전라남도 영광군 영광읍 신남로 185, (영광읍)",126.502238,35.2762198
고흥군공립노인전문요양병원,요양병원,전남,360002,고흥군,"전라남도 고흥군 고흥읍 고흥로 1941, (고흥읍)",127.2941819,34.6222288
고흥군과역면노일보건진료소,보건진료소,전남,360002,고흥군,"전라남도 고흥군 과역면 내로당날길 3, (과역면)",127.3220133,34.6811641
고흥군과역면백일보건진료소,보건진료소,전남,360002,고흥군,"전라남도 고흥군 과역면 백일길 315-30, 315",127.4293048,34.6986006
고흥군금산면신평보건진료소,보건진료소,전남,360002,고흥군,"전라남도 고흥군 금산면 평산1길 14, (금산면)",127.1781497,34.4886276
고흥군금산면연홍보건진료소,보건진료소,전남,360002,고흥군,"전라남도 고흥군 금산면 연홍길 30, 30",127.0919895,34.4583897
고흥군금산면오천보건진료소,보건진료소,전남,360002,고흥군,"전라남도 고흥군 금산면 오천서당길 14-11, 14",127.2082514,34.4358893
고흥군남양면망주보건진료소,보건진료소,전남,360002,고흥군,"전라남도 고흥군 남양면 망월로 89-8, 89",127.3669764,34.7593716
고흥군대서면신기보건진료소,보건진료소,전남,360002,고흥군,"전라남도 고흥군 대서면 거북2길 8, (대서면)",127.2639711,34.7441584
고흥군도덕면가야보건진료소,보건진료소,전남,360002,고흥군,"전라남도 고흥군 도덕면 고흥만로 484, 484",127.1819859,34.6044301
고흥군도양읍득량보건진료소,보건진료소,전남,360002,고흥군,"전라남도 고흥군 도양읍 득량관선길 89-26, (도양읍)",127.1034663,34.6007121
고흥군도양읍시산보건진료소,보건진료소,전남,360002,고흥군,"전라남도 고흥군 도양읍 시산석금길 26, 26",127.259612,34.395082
고흥군도화면가화보건진료소,보건진료소,전남,360002,고흥군,"전라남도 고흥군 도화면 황촌길 39-8, (도화면)",127.2821306,34.5023121
고흥군도화면발포보건진료소,보건진료소,전남,360002,고흥군,"전라남도 고흥군 도화면 충무사길 113, 113",127.3378358,34.4843304
고흥군도화면신호보건진료소,보건진료소,전남,360002,고흥군,"전라남도 고흥군 도화면 문안길 217-3, 217",127.3124124,34.5336384
고흥군도화면지죽보건진료소,보건진료소,전남,360002,고흥군,"전라남도 고흥군 도화면 지호길 7-3, (도화면)",127.3070888,34.4408149
고흥군동강면죽암보건진료소,보건진료소,전남,360002,고흥군,"전라남도 고흥군 동강면 죽암안길 59, (동강면)",127.3869115,34.784142
고흥군두원면대전보건진료소,보건진료소,전남,360002,고흥군,"전라남도 고흥군 두원면 두원로 1168, 1168",127.2689972,34.7004885
고흥군두원면성두보건진료소,보건진료소,전남,360002,고흥군,"전라남도 고흥군 두원면 두원로 896, 보건소",127.2617228,34.6782357
고흥군두원면풍류보건진료소,보건진료소,전남,360002,고흥군,"전라남도 고흥군 두원면 풍류2길 59, (두원면)",127.2347663,34.6627087
고흥군보건소,보건소,전남,360002,고흥군,"전라남도 고흥군 고흥읍 등암3길 5, (고흥읍)",127.26846,34.592331
고흥군봉래면사양보건진료소,보건진료소,전남,360002,고흥군,"전라남도 고흥군 봉래면 사양선창길 69, 69",127.4455596,34.4772897
고흥군영남면금사보건진료소,보건진료소,전남,360002,고흥군,"전라남도 고흥군 영남면 사도진해안길 141, (영남면)",127.4198453,34.5834848
고흥군영남면남열보건진료소,보건진료소,전남,360002,고흥군,"전라남도 고흥군 영남면 남열메뚝길 14, 14",127.4802515,34.5797922
고흥군점암면화계보건진료소,보건진료소,전남,360002,고흥군,"전라남도 고흥군 점암면 화전1길 21-6, (점암면)",127.4312894,34.6580966
고흥군포두면남성보건진료소,보건진료소,전남,360002,고흥군,"전라남도 고흥군 포두면 남성3길 9, 9",127.4052391,34.5247224
고흥군포두면송산보건진료소,보건진료소,전남,360002,고흥군,"전라남도 고흥군 포두면 송산길 61, 61",127.3606029,34.6016705
고흥군포두면오취보건진료소,보건진료소,전남,360002,고흥군,"전라남도 고흥군 포두면 오취길 267, 267",127.4096736,34.5616611
고흥군포두면옥강보건진료소,보건진료소,전남,360002,고흥군,"전라남도 고흥군 포두면 내초안길 12, 12",127.3966132,34.5564412
고흥군풍양면풍남보건진료소,보건진료소,전남,360002,고흥군,"전라남도 고흥군 풍양면 천마로 1497, 1497",127.2457298,34.5226773
고흥김안과의원,의원,전남,360002,고흥군,"전라남도 고흥군 고흥읍 터미널길 24, (고흥읍)",127.281528,34.6073425
고흥윤호21병원,병원,전남,360002,고흥군,"전라남도 고흥군 고흥읍 터미널길 16-0, (고흥읍)",127.2816299,34.6066698
고흥한의원,한의원,전남,360002,고흥군,"전라남도 고흥군 고흥읍 여산당촌길 23, 2층",127.2805203,34.6072918
곡성군겸면흥복보건진료소,보건진료소,전남,360003,곡성군,"전라남도 곡성군 겸면 산이재로 687, (겸면)",127.1927436,35.2445863
곡성군고달면백곡보건진료소,보건진료소,전남,360003,곡성군,"전라남도 곡성군 고달면 고주로 242, (고달면)",127.3478296,35.3145328
곡성군고달면보건지소,보건지소,전남,360003,곡성군,"전라남도 곡성군 고달면 목동1길 16, (고달면)",127.3413802,35.29455
곡성군립노인전문요양병원,요양병원,전남,360003,곡성군,"전라남도 곡성군 겸면 곡순로 1756, (겸면)",127.1842753,35.2531057
곡성군목사동면대곡보건진료소,보건진료소,전남,360003,곡성군,"전라남도 곡성군 목사동면 대곡당산길 10, (목사동면)",127.2627904,35.1090959
곡성군목사동면보건지소,보건지소,전남,360003,곡성군,"전라남도 곡성군 목사동면 평리고두길 58, (목사동면)",127.2992297,35.1194272
곡성군목사동면죽정보건진료소,보건진료소,전남,360003,곡성군,"전라남도 곡성군 목사동면 주목로 552-2, (목사동면)",127.3018015,35.1024808
곡성군보건의료원,보건의료원,전남,360003,곡성군,"전라남도 곡성군 곡성읍 곡성로 854, (곡성읍)",127.2969299,35.2787496
곡성군삼기면근촌보건진료소,보건진료소,전남,360003,곡성군,"전라남도 곡성군 삼기면 노치로 1235, (삼기면)",127.2313916,35.193998
곡성군석곡면보건지소,보건지소,전남,360003,곡성군,"전라남도 곡성군 석곡면 석곡로 79, (석곡면)",127.2537998,35.1343802
곡성군석곡면연반보건진료소,보건진료소,전남,360003,곡성군,"전라남도 곡성군 석곡면 전기길 75, 75",127.2526775,35.1716065
곡성군염곡보건진료소,보건진료소,전남,360003,곡성군,"전라남도 곡성군 석곡면 염곡길 25, (석곡면)",127.2159146,35.1498921
곡성군오곡면보건지소,보건지소,전남,360003,곡성군,"전라남도 곡성군 오곡면 기차마을로 120, (오곡면)",127.3159665,35.2698708
곡성군오곡면압록보건진료소,보건진료소,전남,360003,곡성군,"전라남도 곡성군 오곡면 섬진강로 1066, (오곡면)",127.3752954,35.1962099
곡성군오산면선세보건진료소,보건진료소,전남,360003,곡성군,"전라남도 곡성군 오산면 작천길 17, (오산면)",127.1300363,35.2090587
곡성군옥과면보건지소,보건지소,전남,360003,곡성군,"전라남도 곡성군 옥과면 리문6길 25, (옥과면)",127.1376287,35.2747976
곡성군옥과면합강보건진료소,보건진료소,전남,360003,곡성군,"전라남도 곡성군 옥과면 월파로 447, (옥과면)",127.1793335,35.3251458
곡성군입면보건지소,보건지소,전남,360003,곡성군,"전라남도 곡성군 입면 금산택촌길 6, (입면)",127.2039493,35.2977992
곡성군입면삼오보건진료소,보건진료소,전남,360003,곡성군,"전라남도 곡성군 입면 삼오삼응길 26, (입면)",127.1735687,35.287991
곡성군죽곡면동계보건진료소,보건진료소,전남,360003,곡성군,"전라남도 곡성군 죽곡면 동계길 74, (죽곡면)",127.3611394,35.1538875
곡성군죽곡면보건지소,보건지소,전남,360003,곡성군,"전라남도 곡성군 죽곡면 오죽로 5, 5",127.3184937,35.1500442
곡성군죽곡면봉정보건진료소,보건진료소,전남,360003,곡성군,"전라남도 곡성군 죽곡면 봉정범계길 7, (죽곡면)",127.3085796,35.1796506
곡성삼기면보건지소,보건지소,전남,360003,곡성군,"전라남도 곡성군 삼기면 원등1길 65, (삼기면)",127.2108618,35.2345885
곡성정형외과의원,의원,전남,360003,곡성군,"전라남도 곡성군 곡성읍 중앙로 97-1, (곡성읍)",127.2935567,35.2806828
골든벨유담한의원,한의원,전남,360014,영광군,"전라남도 영광군 영광읍 신남로 168, 2층",126.5004308,35.275721
골롬반의원,의원,전남,360300,목포시,"전라남도 목포시 용당로 232, 2층 (용당동)",126.3987365,34.8075996
공감치과의원,치과의원,전남,360300,목포시,"전라남도 목포시 청호로 180, 2층 (산정동)",126.3733362,34.8066803
공립무안군노인전문요양병원,요양병원,전남,360009,무안군,"전라남도 무안군 무안읍 몽탄로 51-12, (무안읍)",126.4892025,34.9932228
공산의원,의원,전남,360200,나주시,"전라남도 나주시 공산면 공산로 102, (공산면)",126.6105257,34.9414639
공산치과의원,치과의원,전남,360200,나주시,"전라남도 나주시 공산면 공산로 107, 백두산약국",126.6097303,34.9415471
공앤박정형외과의원,의원,전남,360300,목포시,"전라남도 목포시 삼학로16번길 6, 2,3,4,5층 (상락동2가)",126.3867175,34.7898023
과역보건지소,보건지소,전남,360002,고흥군,"전라남도 고흥군 과역면 송학큰길 43-9, (과역면)",127.36096,34.6803641
과역한의원,한의원,전남,360002,고흥군,"전라남도 고흥군 과역면 고흥로 2982, (과역면)",127.3615584,34.6790094
관매도보건진료소,보건진료소,전남,360019,진도군,"전라남도 진도군 조도면 관매도길 65, (조도면)",126.050974,34.2384707
관사도보건진료소,보건진료소,전남,360019,진도군,"전라남도 진도군 조도면 관사도길 20-10, (관사보건진료소)",125.9753001,34.3095163
관산한의원,한의원,전남,360018,장흥군,"전라남도 장흥군 관산읍 관산로 125, (관산읍)",126.9364389,34.5659246
광석보건진료소,보건진료소,전남,360019,진도군,"전라남도 진도군 임회면 호구동길 31-3, (광석보건진료소)",126.2351753,34.4245186
광암보건진료소,보건진료소,전남,360009,무안군,"전라남도 무안군 일로읍 삼산로 94, (일로읍)",126.5084286,34.8686569
광양광동한의원,한의원,전남,360700,광양시,"전라남도 광양시 광양읍 서산2길 32-5, (광양읍)",127.5704874,34.9673201
광양내과의원,의원,전남,360700,광양시,"전라남도 광양시 광양읍 읍내중앙길 11, (광양읍)",127.5880709,34.9756716
광양더사랑치과의원,치과의원,전남,360700,광양시,"전라남도 광양시 공영로 75, 2층 (중동)",127.697501,34.9360322
광양사랑병원,종합병원,전남,360700,광양시,"전라남도 광양시 공영로 71,  (중동)",127.6969657,34.9361846
광양성심내과의원,의원,전남,360700,광양시,"전라남도 광양시 광양읍 순광로 689, (광양읍)",127.5892636,34.9700419
광양시공립노인전문요양병원,요양병원,전남,360700,광양시,"전라남도 광양시 진등길 91,  (마동)",127.6901039,34.9574726
광양시도시보건지소,보건지소,전남,360700,광양시,"전라남도 광양시 담안2길 16-15, (태인동)",127.749676,34.9434782
광양시보건소,보건소,전남,360700,광양시,"전라남도 광양시 광양읍 인덕로 1100, (광양읍)",127.5822458,34.9807918
광양시보건소중마통합보건지소,보건지소,전남,360700,광양시,"전라남도 광양시 중동로 42, (중동)",127.6933316,34.940828
광양안과의원,의원,전남,360700,광양시,"전라남도 광양시 중마중앙로 77, (중동)",127.6977409,34.9370727
광양연합치과의원,치과의원,전남,360700,광양시,"전라남도 광양시 광양읍 신재로 29, (광양읍)",127.5888071,34.974033
광양웰치과의원,치과의원,전남,360700,광양시,"전라남도 광양시 불로로 87, 3층 (중동)",127.6888536,34.9445089
광양이비인후과의원,의원,전남,360700,광양시,"전라남도 광양시 광양읍 칠성로 51, 1층",127.5842751,34.9790391
광양제철소부속의원,의원,전남,360700,광양시,"전라남도 광양시 금호로 396, (금호동)",127.7367948,34.9320794
광양조은내과의원,의원,전남,360700,광양시,"전라남도 광양시 광양읍 신재로 18, 2층",127.5894963,34.9727511
광양튼튼정형외과의원,의원,전남,360700,광양시,"전라남도 광양시 광양읍 인서1길 72, (광양읍)",127.5888032,34.9705276
광양피부과의원,의원,전남,360700,광양시,"전라남도 광양시 중마중앙로 71-1, 2층 (중동)",127.6977296,34.9366625
광양한방병원,한방병원,전남,360700,광양시,"전라남도 광양시 오류6길 16,  (중동)",127.696954,34.9381351
광양한의원,한의원,전남,360700,광양시,"전라남도 광양시 중마중앙로 62, 2층 (중동)",127.6984574,34.9356417
광의보건지소,보건지소,전남,360006,구례군,"전라남도 구례군 광의면 광의철쭉동산로 14, (광의면)",127.4419386,35.2607525
광주경무의원,의원,전남,360200,나주시,"전라남도 나주시 내영산2길 49, (삼영동)",126.7053356,35.0077316
광혜당한의원,한의원,전남,360700,광양시,"전라남도 광양시 희망길 12, 기가타운 205호 (금호동)",127.7253619,34.9361745
구례군간전면하천보건진료소,보건진료소,전남,360006,구례군,"전라남도 구례군 간전면 하천길 32, (간전면)",127.6209079,35.18191
구례군간전면효곡보건진료소,보건진료소,전남,360006,구례군,"전라남도 구례군 간전면 효죽길 1, (효곡보건진료소)",127.5406784,35.1397883
구례군구례읍계산보건진료소,보건진료소,전남,360006,구례군,"전라남도 구례군 구례읍 하유길 21-29, (구례읍)",127.4059977,35.1914214
구례군문척면죽마리보건진료소,보건진료소,전남,360006,구례군,"전라남도 구례군 문척면 죽연길 18-17, (죽연보건진료소)",127.4726235,35.1899326
구례군문척면토금보건진료소,보건진료소,전남,360006,구례군,"전라남도 구례군 문척면 토금길 108-1, (토금보건진료소)",127.5103102,35.1805271
구례군보건의료원,보건의료원,전남,360006,구례군,"전라남도 구례군 구례읍 동편제길 30, (구례읍)",127.461,35.2161513
구례군산동면관산보건진료소,보건진료소,전남,360006,구례군,"전라남도 구례군 산동면 관산구산길 59-14, (산동면)",127.4668488,35.318508
구례군산동면외산보건진료소,보건진료소,전남,360006,구례군,"전라남도 구례군 산동면 내온길 13, 13",127.4259425,35.2957359
구례군산동면원달보건진료소,보건진료소,전남,360006,구례군,"전라남도 구례군 산동면 달전길 14, (원달리 보건진료소)",127.4511504,35.3339256
구례군산동면이평보건진료소,보건진료소,전남,360006,구례군,"전라남도 구례군 산동면 이촌길 4, (이평보건진료소)",127.4151563,35.2841086
구례군용방면도암보건진료소,보건진료소,전남,360006,구례군,"전라남도 구례군 용방면 도암1길 28, (용방면)",127.4222884,35.2590183
구례군토지면내동보건진료소,보건진료소,전남,360006,구례군,"전라남도 구례군 토지면 피아골로 665, (내동보건진료소)",127.5917205,35.2463257
구례군토지면외곡보건진료소,보건진료소,전남,360006,구례군,"전라남도 구례군 토지면 피아골로 7, 7",127.6019071,35.2008204
구례병원,병원,전남,360006,구례군,"전라남도 구례군 구례읍 동편제길 4, (구례읍)",127.4639375,35.2159096
구례서울의원,의원,전남,360006,구례군,"전라남도 구례군 구례읍 봉동길 7, 명품관",127.4683221,35.2095817
구산보건진료소,보건진료소,전남,360021,해남군,"전라남도 해남군 현산면 입제길 41, (구산리보건진료소)",126.5849242,34.429452
구상보건진료소,보건진료소,전남,360400,순천시,"전라남도 순천시 서면 수통목길 3, (서면)",127.5492101,35.0014982
국군함평병원,병원,전남,360020,함평군,"전라남도 함평군 해보면 신해로 1027, (해보면)",126.589626,35.1845454
국군함평치과병원,치과병원,전남,360020,함평군,"전라남도 함평군 해보면 신해로 1027-0, (해보면)",126.589626,35.1845454
국립나주병원,정신병원,전남,360200,나주시,"전라남도 나주시 산포면 세남로 1328-31, (산포면)",126.8257732,35.0091954
국립목포병원,병원,전남,360300,목포시,"전라남도 목포시 신지마을1길 75, (석현동)",126.43725,34.8273833
국립소록도병원,병원,전남,360002,고흥군,"전라남도 고흥군 도양읍 소록해안길 65, (도양읍)",127.1213744,34.5116571
군남면보건지소,보건지소,전남,360014,영광군,"전라남도 영광군 군남면 군불로 34, 군남면보건지소",126.4491591,35.24033
군남반안보건진료소,보건진료소,전남,360014,영광군,"전라남도 영광군 군남면 봉덕로7길 10, (반안여성경로당)",126.4052024,35.2511856
군내보건지소,보건지소,전남,360019,진도군,"전라남도 진도군 군내면 금골길 38, (군내보건지소)",126.295163,34.5368772
군서덕산보건진료소,보건진료소,전남,360014,영광군,"전라남도 영광군 군서면 삼산로 306, (덕산 보건진료소)",126.4369281,35.2649285
군서면보건지소,보건지소,전남,360015,영암군,"전라남도 영암군 군서면 도갑사로 25, (군서면)",126.6351166,34.7622623
군서보건지소,보건지소,전남,360014,영광군,"전라남도 영광군 군서면 군서로2길 64, (군서면)",126.4751,35.257833
굿모닝비뇨기과의원,의원,전남,360300,목포시,"전라남도 목포시 백년대로 303, 목포기독병원 별관2층 2층 (상동)",126.4206,34.8045333
굿모닝비뇨기과의원,의원,전남,360500,여수시,"전라남도 여수시 남산로 126, (서교동, 성흔빌딩)",127.7280127,34.7400777
굿모닝비뇨기과의원,의원,전남,360700,광양시,"전라남도 광양시 오류2길 1, 4층 401,402호 (중동)",127.6960563,34.9360533
굿모닝이비인후과의원,의원,전남,360400,순천시,"전라남도 순천시 삼산로 61, 유니빌딩 2층 (용당동)",127.4903078,34.9722606
굿모닝치과의원,치과의원,전남,360300,목포시,"전라남도 목포시 옥암로 182, (석현동)",126.4222153,34.8146086
굿모닝치과의원,치과의원,전남,360400,순천시,"전라남도 순천시 연향3로 33, 4층 (연향동)",127.51969,34.9510031
굿소아청소년과의원,의원,전남,360400,순천시,"전라남도 순천시 해룡면 향매로 59, 2층 201호",127.5461465,34.9346455
굿플랜치과의원,치과의원,전남,360010,보성군,"전라남도 보성군 벌교읍 홍암로 10-1, 2층",127.3461326,34.8427223
권원석마취통증의학과의원,의원,전남,360014,영광군,"전라남도 영광군 영광읍 백산길 4, 2층,3층",126.5028598,35.2761911
권의원,의원,전남,360016,완도군,"전라남도 완도군 고금면 고금동로 8, (고금면)",126.8006777,34.3960422
그랜드치과병원,치과병원,전남,360500,여수시,"전라남도 여수시 시청로 48,  (학동)",127.6631212,34.7658744
그린소아청소년과의원,의원,전남,360300,목포시,"전라남도 목포시 청호로 154, (산정동)",126.3751761,34.8049523
근로복지공단 순천병원,종합병원,전남,360400,순천시,"전라남도 순천시 조례1길 24, (조례동)",127.5249267,34.9611351
금갑보건진료소,보건진료소,전남,360019,진도군,"전라남도 진도군 의신면 금갑길 83-6, (의신면)",126.2902619,34.3955916
금강보건진료소,보건진료소,전남,360015,영암군,"전라남도 영암군 서호면 금강길 16, (서호면)",126.5626942,34.8102645
금강한의원,한의원,전남,360400,순천시,"전라남도 순천시 중앙로 8, (장천동)",127.4878717,34.9476374
금곡보건진료소,보건진료소,전남,360020,함평군,"전라남도 함평군 대동면 옥동길 43, 43",126.5871871,35.0780783
금당한의원,한의원,전남,360500,여수시,"전라남도 여수시 흥국로 15, (학동)",127.6643479,34.7636411
금산보건지소,보건지소,전남,360002,고흥군,"전라남도 고흥군 금산면 거금중앙길 86-4, (금산면)",127.1250707,34.4596238
금산한의원,한의원,전남,360700,광양시,"전라남도 광양시 옥곡면 옥진로 671, (옥곡면)",127.7006976,34.9891249
금성보건진료소,보건진료소,전남,360500,여수시,"전라남도 여수시 돌산읍 돌산로 617-2, (돌산읍)",127.7648973,34.5933578
금송보건진료소,보건진료소,전남,360020,함평군,"전라남도 함평군 학교면 중천포로 457, 457",126.5748068,35.0006328
금송한의원,한의원,전남,360400,순천시,"전라남도 순천시 백연길 104, (조례동)",127.5319165,34.9533885
금일마취통증의학과의원,의원,전남,360016,완도군,"전라남도 완도군 금일읍 감목길 5, 금일마취통증의학과의원",127.0288853,34.3495118
금일한국의원,의원,전남,360016,완도군,"전라남도 완도군 금일읍 금일로 361-1, (금일읍)",127.0282668,34.3498227
금정면보건지소,보건지소,전남,360015,영암군,"전라남도 영암군 금정면 용두로 11-21, (금정면)",126.7485155,34.8620109
금천보건진료소,보건진료소,전남,360700,광양시,"전라남도 광양시 다압면 평동길 56-7, (다압면)",127.6526364,35.1549054
금천한의원,한의원,전남,360500,여수시,"전라남도 여수시 여서로 164-1, (여서동)",127.7000508,34.7480041
금호보건진료소,보건진료소,전남,360021,해남군,"전라남도 해남군 산이면 금호길 59, (금호보건진료소)",126.3660956,34.6912729
금호보건진료소,보건진료소,전남,360010,보성군,"전라남도 보성군 노동면 영구길 53, 53",127.028271,34.7999687
금호부속치과의원,치과의원,전남,360003,곡성군,"전라남도 곡성군 입면 금호길 85-63, (입면)",127.2029636,35.3123866
금호치과의원,치과의원,전남,360700,광양시,"전라남도 광양시 중마중앙로 87-1, 3층 (중동)",127.6977559,34.9381599
금호타이어 부속의원,의원,전남,360003,곡성군,"전라남도 곡성군 입면 금호길 85-63, (입면)",127.2029636,35.3123866
기내과의원,의원,전남,360300,목포시,"전라남도 목포시 청호로 176, 2층 (산정동)",126.373557,34.8064335
기독연합의원,의원,전남,360500,여수시,"전라남도 여수시 문수로 54, (문수동)",127.7015111,34.752476
기독의원,의원,전남,360020,함평군,"전라남도 함평군 손불면 손불중앙길 88, (손불면)",126.4312692,35.1436914
기독의원,의원,전남,360009,무안군,"전라남도 무안군 무안읍 무안중앙로 37, (무안읍)",126.4750165,34.9893188
기독치과의원,치과의원,전남,360014,영광군,"전라남도 영광군 영광읍 신남로 260, 2층",126.5102169,35.2751069
기독한의원,한의원,전남,360014,영광군,"전라남도 영광군 영광읍 옥당로 154, 2층",126.5015244,35.2757713
기찬한의원,한의원,전남,360022,화순군,"전라남도 화순군 화순읍 중앙로 94, 동원빌딩 2층",126.9916233,35.0602691
기찬한의원,한의원,전남,360015,영암군,"전라남도 영암군 영암읍 남문밖길 1, (영암읍)",126.7006709,34.7954209
길은보건진료소,보건진료소,전남,360019,진도군,"전라남도 진도군 임회면 진도대로 5179-11, (연동보건진료소)",126.1654134,34.3822244
길정신건강의학과의원,의원,전남,360019,진도군,"전라남도 진도군 진도읍 남산로 138, 1동 2층",126.2641358,34.4777983
길한의원,한의원,전남,360300,목포시,"전라남도 목포시 교육로41번길 25, 1층 (상동)",126.4209493,34.8011307
김가정의학과의원,의원,전남,360006,구례군,"전라남도 구례군 산동면 원촌1길 8, (산동면)",127.4380633,35.3133902
김광중내과의원,의원,전남,360500,여수시,"전라남도 여수시 여서1로 91, (여서동)",127.707164,34.7542462
김기영내과의원,의원,전남,360014,영광군,"전라남도 영광군 영광읍 신남로 178, 2층",126.5014363,35.275885
김기중내과의원,의원,전남,360019,진도군,"전라남도 진도군 진도읍 남문길 13, (진도읍)",126.2634294,34.4794003
김내과의원,의원,전남,360009,무안군,"전라남도 무안군 일로읍 일로로 70, (일로읍)",126.4944697,34.8495997
김내과의원,의원,전남,360500,여수시,"전라남도 여수시 신월로 713, (국동)",127.7195721,34.734343
김내과의원,의원,전남,360700,광양시,"전라남도 광양시 중마중앙로 79, (중동)",127.6977316,34.9372841
김대성행복한내과의원,의원,전남,360500,여수시,"전라남도 여수시 중앙로 27, 한화생명빌딩 3층 (충무동)",127.7306851,34.7405193
김대식내과의원,의원,전남,360300,목포시,"전라남도 목포시 수문로 8, 2층 (대안동)",126.3852213,34.7916198
김동식외과의원,의원,전남,360021,해남군,"전라남도 해남군 해남읍 홍교로 23, (해남읍)",126.5992137,34.5698806
김동주부부치과의원,치과의원,전남,360021,해남군,"전라남도 해남군 해남읍 중앙1로 2, 로타리빌딩 2층",126.6069409,34.5712189
김량진정신건강의학과의원,의원,전남,360400,순천시,"전라남도 순천시 이수로 315, 2층 (조례동)",127.5181705,34.9538071
김만달내과의원,의원,전남,360500,여수시,"전라남도 여수시 교동시장2길 7, (교동)",127.7304392,34.7397586
김만중내과의원,의원,전남,360021,해남군,"전라남도 해남군 해남읍 천변1길 8, (해남읍)",126.5982296,34.5692954
김명수한의원,한의원,전남,360019,진도군,"전라남도 진도군 진도읍 남문길 39-4, 1층",126.2635607,34.4816094
김문홍치과의원,치과의원,전남,360500,여수시,"전라남도 여수시 소호6길 36, 2동 302호 (소호동)",127.6462097,34.7423427
김미정치과의원,치과의원,전남,360400,순천시,"전라남도 순천시 이수로 276, (조례동)",127.5145375,34.9515846
김민출마취통증의학과의원,의원,전남,360300,목포시,"전라남도 목포시 용당로 197, 2층 (용당동)",126.3984016,34.8046035
김병곤외과의원,의원,전남,360016,완도군,"전라남도 완도군 완도읍 중앙길 24, (완도읍)",126.7577986,34.313451
김산치과의원,치과의원,전남,360018,장흥군,"전라남도 장흥군 장흥읍 중앙로 19-1, 19",126.9084233,34.6777577
김상수치과의원,치과의원,전남,360500,여수시,"전라남도 여수시 충무로 52, 3층 (충무동)",127.7316351,34.7410926
김성훈이비인후과의원,의원,전남,360018,장흥군,"전라남도 장흥군 장흥읍 남부관광로 33-1, 2층",126.9129547,34.6772262
김승관내과의원,의원,전남,360015,영암군,"전라남도 영암군 영암읍 중앙로 13, (영암읍)",126.6958531,34.7981664
김안과의원,의원,전남,360014,영광군,"전라남도 영광군 영광읍 신남로 180, 2층",126.501912,35.2758936
김안과의원,의원,전남,360001,강진군,"전라남도 강진군 강진읍 평동2길 30, 2층 202호 (지스퀘어2층)",126.7680499,34.6380201
김안과의원,의원,전남,360500,여수시,"전라남도 여수시 충무로 56, (충무동)",127.7314691,34.7414939
김안과의원,의원,전남,360400,순천시,"전라남도 순천시 중앙로 10, (장천동)",127.4875885,34.9477115
김안과의원,의원,전남,360018,장흥군,"전라남도 장흥군 장흥읍 동교1길 42, (장흥읍)",126.9098246,34.6779814
김양순내과의원,의원,전남,360300,목포시,"전라남도 목포시 호남로58번길 29, (대안동)",126.3842876,34.7919078
김영수치과의원,치과의원,전남,360014,영광군,"전라남도 영광군 법성면 진굴비길 84, 84",126.4442924,35.3624426
김영운치과의원,치과의원,전남,360022,화순군,"전라남도 화순군 화순읍 진각로 117, 1층",126.9857857,35.0617878
김옥석정형외과의원,의원,전남,360200,나주시,"전라남도 나주시 나주로 203, (성북동, 김옥석정형외과)",126.7211206,35.0347515
김옥희치과의원,치과의원,전남,360700,광양시,"전라남도 광양시 광장로 142, 7층 (중동, 서현빌딩)",127.695303,34.9366756
김외과의원,의원,전남,360700,광양시,"전라남도 광양시 중마중앙로 61, 2층 (중동)",127.6977362,34.9356832
김용성한의원,한의원,전남,360300,목포시,"전라남도 목포시 삼향천로 106-6, (옥암동)",126.4311415,34.8094019
김용욱치과의원,치과의원,전남,360014,영광군,"전라남도 영광군 영광읍 신남로 195, (영광읍)",126.5034213,35.2761714
김원민내과의원,의원,전남,360200,나주시,"전라남도 나주시 동점문길 5, (중앙동)",126.7221334,35.0344452
김응춘성형외과의원,의원,전남,360500,여수시,"전라남도 여수시 중앙로 61-2, (교동)",127.734498,34.7402983
김의원,의원,전남,360500,여수시,"전라남도 여수시 충무로 43, (충무동)",127.7313141,34.7404745
김의원,의원,전남,360002,고흥군,"전라남도 고흥군 도양읍 비봉로 149, 2층",127.1355145,34.527641
김이비인후과의원,의원,전남,360500,여수시,"전라남도 여수시 무선로 57, (선원동)",127.6558677,34.7660427
김인호정신건강의학과의원,의원,전남,360400,순천시,"전라남도 순천시 하풍동길 6, 1층 (풍덕동)",127.5082714,34.9412052
김재민내과의원,의원,전남,360500,여수시,"전라남도 여수시 시청로 21, (학동)",127.6625004,34.7636221
김재성치과의원,치과의원,전남,360017,장성군,"전라남도 장성군 장성읍 영천로 136-2, (장성읍)",126.7814533,35.2978566
김재완치과의원,치과의원,전남,360500,여수시,"전라남도 여수시 충무로 48, (충무동)",127.7316416,34.7407362
김정수피부과의원,의원,전남,360700,광양시,"전라남도 광양시 중마중앙로 83, 2층 (중동)",127.6977322,34.9376961
김정형외과의원,의원,전남,360300,목포시,"전라남도 목포시 비파로 124, (상동)",126.4230401,34.8088687
김종관내과의원,의원,전남,360008,담양군,"전라남도 담양군 담양읍 천변7길 24, (담양읍)",126.983044,35.3148997
김종수내과의원,의원,전남,360021,해남군,"전라남도 해남군 해남읍 중앙2로 52, (해남읍)",126.597672,34.569783
김종영이비인후과의원,의원,전남,360400,순천시,"전라남도 순천시 남문천변길 6, (장천동)",127.4842913,34.9528331
김종필내과의원,의원,전남,360018,장흥군,"전라남도 장흥군 장흥읍 중앙로 15, (장흥읍)",126.9086346,34.6774411
김준형치과의원,치과의원,전남,360200,나주시,"전라남도 나주시 나주로 83-16, (송월동)",126.7153575,35.0263355
김진만한의원,한의원,전남,360400,순천시,"전라남도 순천시 풍덕주택길 12, 1-2층 (풍덕동)",127.501954,34.9445492
김진호내과의원,의원,전남,360500,여수시,"전라남도 여수시 중앙로 17, (충무동)",127.7294738,34.7405839
김천규외과의원,의원,전남,360008,담양군,"전라남도 담양군 담양읍 지침3길 6-1, 외과",126.9840006,35.3155806
김철우이비인후과의원,의원,전남,360500,여수시,"전라남도 여수시 좌수영로 7, (서교동)",127.7275794,34.7410587
김치과의원,치과의원,전남,360003,곡성군,"전라남도 곡성군 곡성읍 군청로 18, (곡성읍)",127.2933455,35.2798698
김치과의원,치과의원,전남,360008,담양군,"전라남도 담양군 창평면 의병로 133, 2층층",127.015124,35.2381081
김치과의원,치과의원,전남,360008,담양군,"전라남도 담양군 담양읍 천변7길 14, 1층",126.9826758,35.3147689
김치과의원,치과의원,전남,360017,장성군,"전라남도 장성군 장성읍 영천로 128, 3층 김치과",126.7813619,35.2969736
김치과의원,치과의원,전남,360001,강진군,"전라남도 강진군 강진읍 보은로1길 29-1, 29",126.7689807,34.6386685
김치과의원,치과의원,전남,360002,고흥군,"전라남도 고흥군 도양읍 녹동남촌1길 12, (도양읍)",127.1381077,34.5288797
김치과의원,치과의원,전남,360018,장흥군,"전라남도 장흥군 장흥읍 중앙로 23-1, 23",126.907992,34.6780812
김태균내과의원,의원,전남,360300,목포시,"전라남도 목포시 정의로 4-10, 3층 (옥암동)",126.4443522,34.8115843
김태우신경과의원,의원,전남,360300,목포시,"전라남도 목포시 영산로 515, 2층 (상동)",126.4177009,34.8116504
김태원내과의원,의원,전남,360009,무안군,"전라남도 무안군 해제면 현해로 1692, (해제면)",126.2943824,35.1108048
김태희의원,의원,전남,360400,순천시,"전라남도 순천시 중앙로 152, 2층 (매곡동)",127.4845545,34.9591413
김판수이비인후과의원,의원,전남,360014,영광군,"전라남도 영광군 영광읍 신남로 260, 3층",126.5102169,35.2751069
김학선비뇨기과의원,의원,전남,360400,순천시,"전라남도 순천시 중앙로 138, 3층 (매곡동)",127.4844641,34.9579138
김학주치과의원,치과의원,전남,360016,완도군,"전라남도 완도군 완도읍 장보고대로 284-1, (완도읍)",126.7559095,34.3146008
김한성치과의원,치과의원,전남,360300,목포시,"전라남도 목포시 영산로 287, (용당동)",126.396994,34.8051517
김해출마취통증의학과의원,의원,전남,360300,목포시,"전라남도 목포시 청호로 176, 쥬빌리 메디칼센터 (산정동)",126.373557,34.8064335
김현철치과의원,치과의원,전남,360002,고흥군,"전라남도 고흥군 고흥읍 고흥로 1783, (고흥읍)",127.2883895,34.6087424
김훈정신건강의학과의원,의원,전남,360300,목포시,"전라남도 목포시 영산로87번길 1, (명륜동)",126.3853625,34.7904225
김흉부외과의원,의원,전남,360019,진도군,"전라남도 진도군 진도읍 남동1길 32, (진도읍)",126.2614915,34.4810851
꼬마이치과의원,치과의원,전남,360500,여수시,"전라남도 여수시 거북선공원1길 26-1, 4층 (학동)",127.6655,34.7626844
꼬마치과의원,치과의원,전남,360400,순천시,"전라남도 순천시 봉화3길 14-32, 2층 202호 (조례동)",127.5210976,34.9642511
꽃미소치과교정과치과의원,치과의원,전남,360400,순천시,"전라남도 순천시 해룡면 향매로 135, 4층",127.5540921,34.9326474
나눔내과의원,의원,전남,360008,담양군,"전라남도 담양군 수북면 추성1로 736, (수북면)",126.9319769,35.3016573
나눔치과 의원,치과의원,전남,360016,완도군,"전라남도 완도군 고금면 고금동로 8, 2층",126.8006777,34.3960422
나라의원,의원,전남,360001,강진군,"전라남도 강진군 칠량면 칠량로 60, (칠량면)",126.798567,34.573342
나래치과의원,치과의원,전남,360400,순천시,"전라남도 순천시 해룡면 장선배기길 181, 상가동 203호동",127.531336,34.9456265
나비한의원,한의원,전남,360300,목포시,"전라남도 목포시 청호로 156, (산정동)",126.3749375,34.8051417
나산보건지소,보건지소,전남,360020,함평군,"전라남도 함평군 나산면 나산길 118, 118",126.6084649,35.1141291
나산부인과의원,의원,전남,360400,순천시,"전라남도 순천시 이수로 319, LG텔레콤 3층 (조례동)",127.5185726,34.9539104
나성규신경과의원,의원,전남,360700,광양시,"전라남도 광양시 발섬5길 5, (중동)",127.6994032,34.9355025
나성수마취통증의학과의원,의원,전남,360500,여수시,"전라남도 여수시 여서1로 78, (여서동)",127.7058527,34.7533384
나주고운피부과의원,의원,전남,360200,나주시,"전라남도 나주시 나주로 204, (성북동)",126.7219074,35.0346383
나주광주요양병원,요양병원,전남,360200,나주시,"전라남도 나주시 예향로 3782-0,  (이창동)",126.7114339,34.992119
나주동강의원,의원,전남,360200,나주시,"전라남도 나주시 동강면 동강로 599, (동강면)",126.5656375,34.9372846
나주동신대학교한방병원,한방병원,전남,360200,나주시,"전라남도 나주시 교육길 14-0, 동신대에너지클러스터",126.778478,35.0184191
나주모아치과의원,치과의원,전남,360200,나주시,"전라남도 나주시 중앙로 41, (중앙동)",126.7186483,35.0331355
나주방부의원,의원,전남,360200,나주시,"전라남도 나주시 금천면 금영로 946, (금천면)",126.753985,35.0316876
나주베스트정형외과의원,의원,전남,360200,나주시,"전라남도 나주시 나주로 205, 나주종합할인 2층 (성북동)",126.7214522,35.0348487
나주비뇨의학과의원,의원,전남,360200,나주시,"전라남도 나주시 영산로 5419, 나주종합병원 3층 (성북동)",126.7213975,35.0363159
나주산부인과의원,의원,전남,360200,나주시,"전라남도 나주시 나주로 197, (중앙동)",126.7214644,35.0342586
나주속편한내과의원,의원,전남,360200,나주시,"전라남도 나주시 영산로 5426, 2층 (성북동)",126.7220212,35.0355449
나주시공산면가송리보건진료소,보건진료소,전남,360200,나주시,"전라남도 나주시 공산면 가양로 239, (공산가송보건진료소)",126.5798132,34.9496584
나주시공산면백사리보건진료소,보건진료소,전남,360200,나주시,"전라남도 나주시 공산면 오산로 238, (공산면)",126.5892163,34.9730059
나주시공산면보건지소,보건지소,전남,360200,나주시,"전라남도 나주시 공산면 공산로 128-4, (공산면)",126.608125,34.943335
나주시금천면보건지소,보건지소,전남,360200,나주시,"전라남도 나주시 금천면 금영로 934, (금천면)",126.7534808,35.0308514
나주시남평읍우산보건진료소,보건진료소,전남,360200,나주시,"전라남도 나주시 남평읍 지석로 765-5, (남평읍)",126.8799235,35.0010429
나주시노안면금안보건진료소,보건진료소,전남,360200,나주시,"전라남도 나주시 노안면 금안1길 6, (노안금안보건진료소)",126.7028301,35.0759881
나주시노안면도산리보건진료소,보건진료소,전남,360200,나주시,"전라남도 나주시 노안면 도산길 3, (노안면)",126.7580086,35.0737487
나주시다도면방산보건진료소,보건진료소,전남,360200,나주시,"전라남도 나주시 다도면 덕림로 8, (다도방산보건진료소)",126.8452604,34.9108077
나주시다도면보건지소,보건지소,전남,360200,나주시,"전라남도 나주시 다도면 다도로 759, (다도면사무소)",126.8272802,34.9469585
나주시동강면대전리보건진료소,보건진료소,전남,360200,나주시,"전라남도 나주시 동강면 동강로 234, 외 1필지",126.5519875,34.9093839
나주시동강면월송리보건진료소,보건진료소,전남,360200,나주시,"전라남도 나주시 동강면 인월로 242-1, (동강면)",126.5508359,34.9605162
나주시문평면계로리보건진료소,보건진료소,전남,360200,나주시,"전라남도 나주시 문평면 문평로 487, (문평계로보건진료소)",126.6375277,35.0833204
나주시문평면보건지소,보건지소,전남,360200,나주시,"전라남도 나주시 문평면 체암로 289, (나주시보건소문평면보건소)",126.6035426,35.0540851
나주시반남면청송보건진료소,보건진료소,전남,360200,나주시,"전라남도 나주시 반남면 청송로 367, (청송보건진료소)",126.6497337,34.9386335
나주시보건소,보건소,전남,360200,나주시,"전라남도 나주시 풍물시장2길 57-32, (이창동, 나주시보건소)",126.7082291,34.9952373
나주시보건소노안지소,보건지소,전남,360200,나주시,"전라남도 나주시 노안면 노안로 412, (노안면)",126.7361657,35.0694226
나주시보건소다시지소,보건지소,전남,360200,나주시,"전라남도 나주시 다시면 다시로 175-24, (다시면)",126.637288,35.01935
나주시보건소동강지소,보건지소,전남,360200,나주시,"전라남도 나주시 동강면 인동길 28, 동강면사무소",126.5636022,34.9393784
나주시보건소반남지소,보건지소,전남,360200,나주시,"전라남도 나주시 반남면 고분로 594-7, (나주시보건소반남면보건지소)",126.6521185,34.9022074
나주시보건소봉황지소,보건지소,전남,360200,나주시,"전라남도 나주시 봉황면 봉황로 719-42, (봉황면)",126.7841915,34.9585713
나주시보건소산포지소,보건지소,전남,360200,나주시,"전라남도 나주시 산포면 산포로 468-15, (산포면)",126.8057299,35.0400956
나주시보건소세지지소,보건지소,전남,360200,나주시,"전라남도 나주시 세지면 동창로 130-12, (세지면)",126.7495,34.919751
나주시보건소중부지소,보건지소,전남,360200,나주시,"전라남도 나주시 금성관길 9, (금계동)",126.7165765,35.0320318
나주시봉황면옥산리보건진료소,보건진료소,전남,360200,나주시,"전라남도 나주시 봉황면 금봉로 288, (봉황옥산보건진료소)",126.7801506,34.9879068
나주시봉황면운곡보건진료소,보건진료소,전남,360200,나주시,"전라남도 나주시 봉황면 운곡용곡길 9, (봉황운곡보건진료소)",126.7744121,34.9364305
나주시세지면성산보건진료소,보건진료소,전남,360200,나주시,"전라남도 나주시 세지면 성산덕산길 9-14, (세지면)",126.7377807,34.9036226
나주시왕곡면보건지소,보건지소,전남,360200,나주시,"전라남도 나주시 왕곡면 터진목길 10, (나주보건소왕곡지소)",126.6697945,34.968178
나주시왕곡면신원보건진료소,보건진료소,전남,360200,나주시,"전라남도 나주시 왕곡면 예향로 3320, (왕곡신원보건진료소)",126.7108636,34.9546818
나주시왕곡면월천리보건진료소,보건진료소,전남,360200,나주시,"전라남도 나주시 왕곡면 나주서부로 575, (월천리보건진료소)",126.654305,34.9611207
나주우리안과의원,의원,전남,360200,나주시,"전라남도 나주시 나주로 208, (성북동)",126.7218879,35.0349529
나주이비인후과의원,의원,전남,360200,나주시,"전라남도 나주시 나주로 195, (중앙동)",126.7214831,35.0340713
나주종합병원,종합병원,전남,360200,나주시,"전라남도 나주시 영산로 5419, 나주종합병원",126.7213975,35.0363159
나주중앙요양병원,요양병원,전남,360200,나주시,"전라남도 나주시 영산로 5406,  (성북동)",126.7197799,35.0355238
나주한국의원,의원,전남,360200,나주시,"전라남도 나주시 동점문길 7, 나주한국의원 (성북동)",126.7222203,35.0347383
나주혁신정형외과의원,의원,전남,360200,나주시,"전라남도 나주시 전력로 2, 301호 (빛가람동)",126.785331,35.0215717
나치과의원,치과의원,전남,360200,나주시,"전라남도 나주시 남평읍 남평1로 28, (남평읍)",126.8408868,35.0467596
나한식내과의원,의원,전남,360300,목포시,"전라남도 목포시 자유로 41, 2층 (산정동)",126.394209,34.7937609
나한의원,한의원,전남,360500,여수시,"전라남도 여수시 쌍봉로 57, (학동)",127.662182,34.7666356
낙안보건지소,보건지소,전남,360400,순천시,"전라남도 순천시 낙안면 민속마을길 1690, (낙안면보건지소)",127.3462475,34.9080329
낙월보건지소,보건지소,전남,360014,영광군,"전라남도 영광군 낙월면 낙월길 42-2, 42",126.1400681,35.2024674
낙월송이보건진료소,보건진료소,전남,360014,영광군,"전라남도 영광군 낙월면 송이길 43, 33",126.1509459,35.2763202
낙월안마보건진료소,보건진료소,전남,360014,영광군,"전라남도 영광군 낙월면 안마길1길 22, 22",126.0249278,35.3443037
남도의원,의원,전남,360200,나주시,"전라남도 나주시 세지면 세남로 5, (세지면)",126.7483052,34.9215061
남면보건지소,보건지소,전남,360500,여수시,"전라남도 여수시 남면 금오로 858, (남면)",127.7671537,34.5092201
남부의원,의원,전남,360400,순천시,"전라남도 순천시 별량면 별량길 140, (별량면)",127.4505485,34.871327
남송보건진료소,보건진료소,전남,360015,영암군,"전라남도 영암군 금정면 남송길 24-2, (금정면)",126.7733672,34.847873
남순천의원,의원,전남,360400,순천시,"전라남도 순천시 중앙로 12, (장천동)",127.4873806,34.9478446
남악고운의원,의원,전남,360009,무안군,"전라남도 무안군 삼향읍 남악2로74번길 35, 2층",126.4587494,34.8130739
남악밝은안과의원,의원,전남,360009,무안군,"전라남도 무안군 삼향읍 남악3로 50, 신우메디칼센터 3층 301호",126.4606714,34.8099707
남악복음내과의원,의원,전남,360009,무안군,"전라남도 무안군 삼향읍 남악3로 50, 신우메디칼센터 4층 403호",126.4606714,34.8099707
남악비뇨기과 의원,의원,전남,360009,무안군,"전라남도 무안군 삼향읍 남악3로82번길 42, 2층 202호,203호호",126.4648817,34.8127007
남악아동병원,병원,전남,360009,무안군,"전라남도 무안군 삼향읍 대죽동로 30, (삼향읍)",126.4644406,34.8111948
남악온누리내과의원,의원,전남,360009,무안군,"전라남도 무안군 삼향읍 후광대로 242, 2, 3층 (전남개발빌딩)",126.4581263,34.813971
남악이비인후과의원,의원,전남,360009,무안군,"전라남도 무안군 삼향읍 남악3로 50, 302호 (신우메디칼센터)",126.4606714,34.8099707
남악이엠치과의원,치과의원,전남,360009,무안군,"전라남도 무안군 삼향읍 남악2로74번길 29, 29",126.4580526,34.8130456
남악정다운요양병원,요양병원,전남,360009,무안군,"전라남도 무안군 삼향읍 삼일로 13-1, (삼향읍)",126.4531923,34.8285675
남악치과의원,치과의원,전남,360009,무안군,"전라남도 무안군 삼향읍 남악3로 79, 2층 203호 (인영주차빌딩)",126.4597905,34.8125976
남악하나내과의원,의원,전남,360009,무안군,"전라남도 무안군 삼향읍 남악4로 86, 2층 (한양에드가 오피스텔 1차)",126.4664143,34.8131458
남악힐링의원,의원,전남,360009,무안군,"전라남도 무안군 삼향읍 남악4로 49, 303호 (중앙프라자)",126.4655638,34.8100191
남양보건지소,보건지소,전남,360002,고흥군,"전라남도 고흥군 남양면 남양로 26, (남양면)",127.3417918,34.7283944
남양보건진료소,보건진료소,전남,360003,곡성군,"전라남도 곡성군 겸면 곡순로 1866, 1866",127.1721574,35.2559371
남창연세의원,의원,전남,360021,해남군,"전라남도 해남군 북평면 달량진길 58-1, (북평면)",126.6276269,34.4041041
남창한의원,한의원,전남,360021,해남군,"전라남도 해남군 북평면 달량진길 49, (북평면)",126.6280105,34.4049001
남평신통의원,의원,전남,360200,나주시,"전라남도 나주시 남평읍 남평1로 22, 남평신통의원",126.8400175,35.046639
남평연합의원,의원,전남,360200,나주시,"전라남도 나주시 남평읍 남평2로 9-1, (남평읍)",126.8429388,35.0431958
남평의원,의원,전남,360200,나주시,"전라남도 나주시 남평읍 남평1로 55, (남평읍)",126.8434051,35.0477527
남평치과의원,치과의원,전남,360200,나주시,"전라남도 나주시 남평읍 남평1로 55, (남평읍)",126.8434051,35.0477527
낭도보건진료소,보건진료소,전남,360500,여수시,"전라남도 여수시 화정면 여산길 62, 62",127.5403137,34.6068553
내동보건진료소,보건진료소,전남,360010,보성군,"전라남도 보성군 문덕면 문덕내동길 31-3, 31",127.1882209,34.9132797
내사보건진료소,보건진료소,전남,360021,해남군,"전라남도 해남군 해남읍 내사길 502, (해남읍내사리보건소)",126.5284224,34.5423193
노동보건지소,보건지소,전남,360010,보성군,"전라남도 보성군 노동면 화전길 37, (노동면)",127.0702636,34.7982734
노블요양병원,요양병원,전남,360200,나주시,"전라남도 나주시 남평읍 세남로 1566-3, (남평읍)",126.834746,35.0272979
노안한의원,한의원,전남,360200,나주시,"전라남도 나주시 노안면 금산로 24, 농약농자재",126.7308234,35.0766091
노암치과의원,치과의원,전남,360020,함평군,"전라남도 함평군 함평읍 중앙길 116, (함평읍)",126.5213953,35.0647943
노화하나의원,의원,전남,360016,완도군,"전라남도 완도군 노화읍 이포11번길 6-6, (노화읍)",126.5721291,34.1765396
노화한의원,한의원,전남,360016,완도군,"전라남도 완도군 노화읍 이포11번길 5-5, (노화읍)",126.5721239,34.1767732
노화흥일치과의원,치과의원,전남,360016,완도군,"전라남도 완도군 노화읍 노화로 844, (노화읍)",126.5728015,34.1772187
녹동연합의원,의원,전남,360002,고흥군,"전라남도 고흥군 도양읍 녹동중앙길 53, (도양읍)",127.135774,34.5260206
녹십자마취통증 의학과의원,의원,전남,360009,무안군,"전라남도 무안군 무안읍 승달로 23, (무안읍)",126.4720737,34.9917857
녹진보건진료소,보건진료소,전남,360019,진도군,"전라남도 진도군 군내면 대야길 23, (군내보건지소)",126.2912836,34.56151
누가의원,의원,전남,360400,순천시,"전라남도 순천시 연향1로 55, (연향동)",127.5213181,34.9461564
누가정형외과의원,의원,전남,360500,여수시,"전라남도 여수시 신월로 699, (국동)",127.7186916,34.7333178
누가치과의원,치과의원,전남,360400,순천시,"전라남도 순천시 중앙로 74, (장천동)",127.4840377,34.9522523
누가한의원,한의원,전남,360014,영광군,"전라남도 영광군 영광읍 신남로 177, (영광읍)",126.5016249,35.2764759
뉴로영진한의원,한의원,전남,360400,순천시,"전라남도 순천시 왕지2길 4-20, 1층 (왕지동)",127.5224036,34.9690847
뉴맨비뇨기과의원,의원,전남,360400,순천시,"전라남도 순천시 이수로 319, 3층 (조례동)",127.5185726,34.9539104
뉴욕치과의원,치과의원,전남,360019,진도군,"전라남도 진도군 진도읍 남문길 42, 1층",126.2639665,34.4817872
뉴욕치과의원,치과의원,전남,360500,여수시,"전라남도 여수시 시청로 52, 3층 (학동)",127.6631117,34.7661041
뉴욕치과의원,치과의원,전남,360400,순천시,"전라남도 순천시 구암길 2, (연향동)",127.5140818,34.9482596
느티나무치과의원,치과의원,전남,360300,목포시,"전라남도 목포시 신흥로 20, 2층 (상동)",126.4233191,34.801837
늘건강마취통증의학과의원,의원,전남,360400,순천시,"전라남도 순천시 신월큰길 32, (조례동)",127.5183971,34.960818
늘편한가정의학과의원,의원,전남,360300,목포시,"전라남도 목포시 호남로64번길 27, 3층 (대안동)",126.3849013,34.7918671
늘편한내과의원,의원,전남,360016,완도군,"전라남도 완도군 군외면 청해진서로 2142-1, (군외면청년연합회관)",126.6470071,34.3889576
늘편한요양병원,요양병원,전남,360700,광양시,"전라남도 광양시 중마중앙로 134,  (중동)",127.6983316,34.9422622
늘푸른가정의원,의원,전남,360500,여수시,"전라남도 여수시 덕양로 164, 2,3층 (화장동)",127.638027,34.7735874
늘푸른의원,의원,전남,360200,나주시,"전라남도 나주시 다시면 다시로 180, (다시면)",126.6371569,35.0171824
늘푸른의원,의원,전남,360700,광양시,"전라남도 광양시 옥곡면 옥진로 677, (옥곡면)",127.7012274,34.9886217
늘푸른임안과의원,의원,전남,360200,나주시,"전라남도 나주시 전력로 2, 302호 (빛가람동)",126.785331,35.0215717
늘푸른한의원,한의원,전남,360300,목포시,"전라남도 목포시 신흥로 2, 2층 (상동)",126.4216075,34.8010761
늘푸른한의원,한의원,전남,360200,나주시,"전라남도 나주시 예향로 3826, 2층 (이창동)",126.7145259,34.9956687
능주보건지소,보건지소,전남,360022,화순군,"전라남도 화순군 능주면 관동길 7, 7",126.9591841,34.9905371
능주한의원,한의원,전남,360022,화순군,"전라남도 화순군 능주면 죽수길 94, (능주면)",126.9583765,34.991536
다나마취통증의학과의원,의원,전남,360300,목포시,"전라남도 목포시 영산로 343, 4층 (용당동)",126.4028925,34.8062438
다나소아과의원,의원,전남,360700,광양시,"전라남도 광양시 광장로 147, (중동)",127.6948417,34.9371327
다나신경과의원,의원,전남,360200,나주시,"전라남도 나주시 동점문길 2-1, (중앙동)",126.7220159,35.0338809
다나아마취통증의학과의원,의원,전남,360009,무안군,"전라남도 무안군 삼향읍 남악3로 56, 3층 301,302,306,307호",126.4606986,34.810509
다나연합이비인후과의원,의원,전남,360500,여수시,"전라남도 여수시 여서1로 52, 2,3층 (여서동)",127.7036214,34.7521617
다나통증의학과의원,의원,전남,360001,강진군,"전라남도 강진군 강진읍 영랑로 36, (강진읍)",126.7683425,34.6388517
다모드림의원,의원,전남,360400,순천시,"전라남도 순천시 이수로 291, (조례동)",127.5160041,34.9526177
다산리보건진료소,보건진료소,전남,360022,화순군,"전라남도 화순군 남면 효당로 256, (다산마을회관,다산보건진료소)",127.1261307,35.0219228
다산한의원,한의원,전남,360001,강진군,"전라남도 강진군 강진읍 영랑로 34, 미성빌딩 1층",126.7684487,34.638774
다솜의원,의원,전남,360009,무안군,"전라남도 무안군 무안읍 면성1길 122, 2층",126.4734425,34.987461
다솜한의원,한의원,전남,360400,순천시,"전라남도 순천시 봉화2길 97, (조례동)",127.5178747,34.9614818
다압보건지소,보건지소,전남,360700,광양시,"전라남도 광양시 다압면 섬진강매화로 2147, 2147",127.6912212,35.1236139
다온한방병원,한방병원,전남,360500,여수시,"전라남도 여수시 둔덕2길 6-6, 다온한방병원",127.7030159,34.7671309
다온한의원,한의원,전남,360010,보성군,"전라남도 보성군 복내면 송재로 1830-1, (복내면)",127.1323735,34.893635
다우한의원,한의원,전남,360400,순천시,"전라남도 순천시 중앙로 78, 지하1~지상3층 (장천동, 다우한의원)",127.4840721,34.9525096
다울한의원,한의원,전남,360009,무안군,"전라남도 무안군 삼향읍 남악3로 74, 유풍프라자 4층 403, 404 일부호",126.4606844,34.8120922
다윗365내과재활의학과의원,의원,전남,360300,목포시,"전라남도 목포시 용해지구로 85, 3,5층 (연산동)",126.3913775,34.8200444
다정의원,의원,전남,360400,순천시,"전라남도 순천시 해룡면 장선배기길 284, 청솔아파트1치동 206호",127.5298828,34.945357
다정한병원,정신병원,전남,360200,나주시,"전라남도 나주시 산포면 매성길 61, (산포면)",126.7994728,35.0358893
다편한 한의원,한의원,전남,360200,나주시,"전라남도 나주시 그린로 339, 4층 401호 (빛가람동, 리버빌딩)",126.794022,35.0167268
다혜의원,의원,전남,360009,무안군,"전라남도 무안군 해제면 현해로 1685-1, (해제면)",126.2949725,35.110677
다훈치과의원,치과의원,전남,360500,여수시,"전라남도 여수시 충무로 43, (충무동)",127.7313141,34.7404745
닥터류의원,의원,전남,360300,목포시,"전라남도 목포시 비파로 96, 301,302,303,304호 (상동)",126.4249933,34.8068665
닥터봉치과의원,치과의원,전남,360014,영광군,"전라남도 영광군 영광읍 옥당로 134, 4층 401호",126.5021607,35.274216
닥터송치과의원,치과의원,전남,360400,순천시,"전라남도 순천시 안산길 6, 201호 (연향동, 미림프라자)",127.5273583,34.940362
단군한의원,한의원,전남,360500,여수시,"전라남도 여수시 동문로 80, 1층 (관문동)",127.7414369,34.7439591
담뜰한의원,한의원,전남,360400,순천시,"전라남도 순천시 왕지로 36, 2층 203호 (왕지동)",127.5260759,34.9694958
담양군가사문학보건지소,보건지소,전남,360008,담양군,"전라남도 담양군 가사문학면 가사문학로 1143-17, 가사문학면보건지소",127.0307652,35.1773885
담양군가사문학인암보건진료소,보건진료소,전남,360008,담양군,"전라남도 담양군 가사문학면 인암길 20-9, (가사문학면)",127.068438,35.1401958
담양군고서면보건지소,보건지소,전남,360008,담양군,"전라남도 담양군 고서면 원등1길 11, (고서면)",126.9749538,35.2236474
담양군고서원주보건진료소,보건진료소,전남,360008,담양군,"전라남도 담양군 고서면 주평길 30, (고서면)",126.956434,35.2321072
담양군금성면덕성보건진료소,보건진료소,전남,360008,담양군,"전라남도 담양군 금성면 덕성길 48-8, (금성면)",127.0526753,35.3503944
담양군금성면보건지소,보건지소,전남,360008,담양군,"전라남도 담양군 금성면 석현길 10-7, (금성면)",127.0261461,35.3439899
담양군금성면외추보건진료소,보건진료소,전남,360008,담양군,"전라남도 담양군 금성면 외추길 17-7, (금성면)",127.0319231,35.3205957
담양군대덕면금산보건진료소,보건진료소,전남,360008,담양군,"전라남도 담양군 대덕면 금산길 315, (대덕면)",127.0395141,35.2662738
담양군대덕면보건지소,보건지소,전남,360008,담양군,"전라남도 담양군 대덕면 창평현로 903, (대덕면)",127.0357869,35.2486596
담양군대덕면용대보건진료소,보건진료소,전남,360008,담양군,"전라남도 담양군 대덕면 용대길 38, (대덕면)",127.0868629,35.2183639
담양군대전면삼산보건진료소,보건진료소,전남,360008,담양군,"전라남도 담양군 대전면 덕진옥산길 6, 보건진료소",126.9150901,35.2897275
담양군대전보건지소,보건지소,전남,360008,담양군,"전라남도 담양군 대전면 대치8길 21-5, (대전면)",126.887913,35.274958
담양군무정면보건지소,보건지소,전남,360008,담양군,"전라남도 담양군 무정면 술지2길 20-10, 무정보건지소",127.0313404,35.2939623
담양군보건소,보건소,전남,360008,담양군,"전라남도 담양군 담양읍 완동길 10-11, (담양읍)",126.9812062,35.3249725
담양군봉산면양지보건진료소,보건진료소,전남,360008,담양군,"전라남도 담양군 봉산면 양지길 17, (봉산면)",126.9392845,35.2542484
담양군봉산보건지소,보건지소,전남,360008,담양군,"전라남도 담양군 봉산면 신학길 8, 봉산면 보건지소",126.9555707,35.274381
담양군수북면보건지소,보건지소,전남,360008,담양군,"전라남도 담양군 수북면 추성1로 705, (수북면)",126.9287,35.301783
담양군수북면수남보건진료소,보건진료소,전남,360008,담양군,"전라남도 담양군 수북면 한수동로 352-7, (수북면)",126.937947,35.284844
담양군용면보건지소,보건지소,전남,360008,담양군,"전라남도 담양군 용면 추월산로 369, (용면)",126.9874921,35.3649768
담양군용면용연보건진료소,보건진료소,전남,360008,담양군,"전라남도 담양군 용면 분통길 25, 용면 보건진료소",127.0279,35.4234665
담양군월산면복정보건진료소,보건진료소,전남,360008,담양군,"전라남도 담양군 월산면 복정길 19-11, (월산면)",126.9740247,35.3502186
담양군월산보건지소,보건지소,전남,360008,담양군,"전라남도 담양군 월산면 도개길 15-36, 월산 보건지소",126.9561923,35.3401131
담양사랑병원,병원,전남,360008,담양군,"전라남도 담양군 담양읍 천변7길 19, (담양읍)",126.9825103,35.3153617
담양우리안과의원,의원,전남,360008,담양군,"전라남도 담양군 담양읍 중앙로 30-1, (담양읍)",126.9835749,35.3159217
담양이비인후과의원,의원,전남,360008,담양군,"전라남도 담양군 담양읍 중앙로 34, 1층",126.983481,35.3163198
담양중앙치과의원,치과의원,전남,360008,담양군,"전라남도 담양군 담양읍 중앙로 46, 2층",126.9833071,35.3171728
담양한의원,한의원,전남,360008,담양군,"전라남도 담양군 담양읍 중앙로 24, 2층",126.9836747,35.3152696
담은정신건강의학과의원,의원,전남,360400,순천시,"전라남도 순천시 왕지2길 4-20, 2층 (왕지동)",127.5224036,34.9690847
대각보건진료소,보건진료소,전남,360020,함평군,"전라남도 함평군 해보면 올림픽로 1018, (해보면)",126.5453795,35.1609127
대나무한의원,한의원,전남,360300,목포시,"전라남도 목포시 원산로85번길 16, (산정동)",126.3773639,34.8076333
대나무한의원,한의원,전남,360008,담양군,"전라남도 담양군 담양읍 추성로 1300, (담양읍)",126.9804491,35.3194738
대덕미래의원,의원,전남,360018,장흥군,"전라남도 장흥군 대덕읍 대대로 930, (대덕읍)",126.888334,34.498828
대덕의원,의원,전남,360008,담양군,"전라남도 담양군 대덕면 남대덕로 886, (대덕면)",127.0528656,35.2319688
대덕한의원,한의원,전남,360018,장흥군,"전라남도 장흥군 대덕읍 대대로 942, (대덕읍)",126.8895242,34.4988061
대동보건지소,보건지소,전남,360020,함평군,"전라남도 함평군 대동면 대동길 5-10, 5",126.5313014,35.0689154
대동한의원,한의원,전남,360400,순천시,"전라남도 순천시 연향번영길 102, (연향동)",127.5183246,34.9511359
대마도보건진료소,보건진료소,전남,360019,진도군,"전라남도 진도군 조도면 대마도길 71-10, 71",125.9931791,34.2678884
대마동부보건진료소,보건진료소,전남,360014,영광군,"전라남도 영광군 대마면 영장로10길 86, 86",126.6021547,35.3166488
대마보건지소,보건지소,전남,360014,영광군,"전라남도 영광군 대마면 동삼로 706-1, (대마면)",126.5802731,35.3015851
대명한의원,한의원,전남,360300,목포시,"전라남도 목포시 영산로 267, (용당동)",126.3951009,34.8040597
대불제일의원,의원,전남,360015,영암군,"전라남도 영암군 삼호읍 삼호중앙로 162, 162",126.4685268,34.7453628
대서보건지소,보건지소,전남,360002,고흥군,"전라남도 고흥군 대서면 봉두로 579, (대서면)",127.2850082,34.7722347
대성의원,의원,전남,360020,함평군,"전라남도 함평군 해보면 밀재로 1294, (해보면)",126.6047533,35.1807467
대성의원,의원,전남,360010,보성군,"전라남도 보성군 벌교읍 채동선로 245, (벌교읍)",127.3442621,34.8438623
대성치과의원,치과의원,전남,360016,완도군,"전라남도 완도군 완도읍 개포로114번길 38-10, (완도읍)",126.7459799,34.3178623
대성플러스치과의원,치과의원,전남,360300,목포시,"전라남도 목포시 청호로 109, (산정동, 목포삼성병원)",126.3779694,34.8018786
대원플란트치과의원,치과의원,전남,360017,장성군,"전라남도 장성군 장성읍 영천로 126, 3층",126.7813019,35.2967692
대일마취통증의학과의원,의원,전남,360500,여수시,"전라남도 여수시 중앙로 39, 2, 3층 (충무동)",127.7320433,34.7404976
대전치과의원,치과의원,전남,360008,담양군,"전라남도 담양군 대전면 대치4길 5, (대전면)",126.8868386,35.2768741
대죽보건진료소,보건진료소,전남,360700,광양시,"전라남도 광양시 옥곡면 대죽1길 108-3, (옥곡면)",127.6794292,34.9981597
대진보건진료소,보건진료소,전남,360021,해남군,"전라남도 해남군 산이면 산이로 1600, (산이면)",126.4236746,34.6707299
대추나무한의원,한의원,전남,360300,목포시,"전라남도 목포시 영산로59번길 9-1, (무안동)",126.3840384,34.7888805
대추나무한의원,한의원,전남,360400,순천시,"전라남도 순천시 연향3로 39, (연향동)",127.5203399,34.9510531
대치정의원,의원,전남,360008,담양군,"전라남도 담양군 대전면 추성1로 198, (대전면)",126.8879412,35.276694
대한치과의원,치과의원,전남,360400,순천시,"전라남도 순천시 중앙로 77, 2층,3층동 (저전동)",127.4835055,34.9525652
더따뜻한치과의원,치과의원,전남,360400,순천시,"전라남도 순천시 왕지2길 25-4, 2층 (왕지동)",127.5222409,34.9678363
더맑은의원,의원,전남,360300,목포시,"전라남도 목포시 하당로 264, 2층 (옥암동)",126.4249021,34.810362
더맑은정신건강의학과의원,의원,전남,360008,담양군,"전라남도 담양군 담양읍 지침3길 13, 담양새마을금고 2층 202호",126.9850398,35.3157765
더미라클의원,의원,전남,360400,순천시,"전라남도 순천시 이수로 315, 4층 (조례동)",127.5181705,34.9538071
더바른이비인후과의원,의원,전남,360400,순천시,"전라남도 순천시 해룡면 향매로 99, SM빌딩 2층",127.5502658,34.9335454
더바른치과의원,치과의원,전남,360022,화순군,"전라남도 화순군 화순읍 칠충로 123, (화순읍)",126.9827259,35.059957
더밝은안과의원,의원,전남,360400,순천시,"전라남도 순천시 이수로 321, 4~5층 (조례동)",127.5190029,34.9540717
더튼튼의원,의원,전남,360400,순천시,"전라남도 순천시 순광로 6, 2층 (조례동)",127.5219357,34.9542948
더편한치과의원,치과의원,전남,360500,여수시,"전라남도 여수시 충무1길 14, (충무동)",127.7300987,34.7406516
더한한의원,한의원,전남,360017,장성군,"전라남도 장성군 동화면 수연로 68-12, (동화면)",126.7371768,35.2875538
더효사랑의원,의원,전남,360019,진도군,"전라남도 진도군 임회면 십일시길 52, (임회면)",126.1933338,34.408556
더힐연합의원,의원,전남,360400,순천시,"전라남도 순천시 충효로 15, 메가박스 3층 306~16호 (덕암동)",127.5108541,34.9412513
덕산보건진료소,보건진료소,전남,360020,함평군,"전라남도 함평군 대동면 외덕길 3, 3",126.5137006,35.0906542
덕양의원,의원,전남,360500,여수시,"전라남도 여수시 소라면 덕양로 383, (소라면)",127.6327453,34.7921582
덕정보건진료소,보건진료소,전남,360021,해남군,"전라남도 해남군 계곡면 덕정길 5, (덕정보건진료소)",126.6194835,34.6386414
덕진면보건지소,보건지소,전남,360015,영암군,"전라남도 영암군 덕진면 예향로 1731, (덕진보건지소)",126.69704,34.8188476
도갑한의원,한의원,전남,360015,영암군,"전라남도 영암군 군서면 도갑사로 8-1, (군서면)",126.6332149,34.7620592
도곡보건지소,보건지소,전남,360022,화순군,"전라남도 화순군 도곡면 효자1길 20, (도곡면)",126.9180674,34.9960094
도곡한솔의원,의원,전남,360022,화순군,"전라남도 화순군 도곡면 효자1길 14-3, (도곡면)",126.9173204,34.9966283
도담한의원,한의원,전남,360009,무안군,"전라남도 무안군 삼향읍 남악3로 80, 401호 (제일프라자)",126.4606958,34.8126468
도대보건진료소,보건진료소,전남,360009,무안군,"전라남도 무안군 청계면 청운로 402, 402",126.404745,34.9498761
도덕보건지소,보건지소,전남,360002,고흥군,"전라남도 고흥군 도덕면 고흥로 494, (도덕면)",127.1777471,34.5659618
도덕행복의원,의원,전남,360002,고흥군,"전라남도 고흥군 도덕면 학동2길 19, (도덕면)",127.1757044,34.5675478
도사보건진료소,보건진료소,전남,360700,광양시,"전라남도 광양시 다압면 다사길 39-3, 39",127.7064304,35.0853033
도신보건진료소,보건진료소,전남,360400,순천시,"전라남도 순천시 외서면 도신길 96, (외서면)",127.2493251,34.9101607
도안한의원,한의원,전남,360012,신안군,"전라남도 신안군 지도읍 해제지도로 1239-1, (지도읍)",126.2111342,35.0590878
도암보건지소,보건지소,전남,360022,화순군,"전라남도 화순군 도암면 천태로 417, ()",126.8976551,34.9363601
도양보건지소,보건지소,전남,360002,고흥군,"전라남도 고흥군 도양읍 녹동남촌2길 14, (도양읍)",127.1385568,34.5295021
도양연합의원,의원,전남,360002,고흥군,"전라남도 고흥군 도양읍 녹동남촌1길 14, (의원)",127.1381177,34.5287805
도울한의원,한의원,전남,360400,순천시,"전라남도 순천시 안산길 10, 세종빌딩 1층 (연향동)",127.5272331,34.9400781
도정보건진료소,보건진료소,전남,360400,순천시,"전라남도 순천시 승주읍 도정송정길 11, (승주읍)",127.3700892,35.0423466
도초면보건지소,보건지소,전남,360012,신안군,"전라남도 신안군 도초면 서남문로 1515-16, (도초면)",125.9546112,34.7039116
도초면우이도보건진료소,보건진료소,전남,360012,신안군,"전라남도 신안군 도초면 우이진리길 41-8, (도초면)",125.8533304,34.6185415
도포면보건지소,보건지소,전남,360015,영암군,"전라남도 영암군 도포면 호산로 39, (도포면)",126.643673,34.8448731
도화보건지소,보건지소,전남,360002,고흥군,"전라남도 고흥군 도화면 도화로 502, (도화면)",127.3215384,34.5125882
도화한의원,한의원,전남,360002,고흥군,"전라남도 고흥군 도화면 중심길 27-11, (도화면)",127.3191508,34.5104227
독천의원,의원,전남,360015,영암군,"전라남도 영암군 학산면 독천로 189, 1층",126.5697268,34.7258082
독천중앙의원,의원,전남,360015,영암군,"전라남도 영암군 미암면 독천1길 25, 2층",126.5685145,34.724612
독천한국의원,의원,전남,360015,영암군,"전라남도 영암군 미암면 영산로 11, (미암면)",126.5690084,34.7249788
돌산보건지소,보건지소,전남,360500,여수시,"전라남도 여수시 돌산읍 방답길 55, (돌산읍)",127.7225937,34.616565
돌산성심의원,의원,전남,360500,여수시,"전라남도 여수시 돌산읍 돌산로 1187, (돌산읍)",127.7288413,34.6166129
돌산연합의원,의원,전남,360500,여수시,"전라남도 여수시 돌산읍 강남동로 39-1, (돌산읍)",127.7555019,34.7186602
돌산이건치과의원,치과의원,전남,360500,여수시,"전라남도 여수시 돌산읍 강남동로 30, (돌산읍)",127.7550477,34.7176926
돌산한의원,한의원,전남,360500,여수시,"전라남도 여수시 돌산읍 강남동로 49, (돌산읍)",127.7559382,34.7193771
동가리보건진료소,보건진료소,전남,360022,화순군,"전라남도 화순군 한천면 외남로 435, (동가리보건진료소)",127.0717327,34.9738853
동강보건지소,보건지소,전남,360002,고흥군,"전라남도 고흥군 동강면 서민호길 3, (동강면)",127.3333042,34.7792515
동강의원,의원,전남,360002,고흥군,"전라남도 고흥군 동강면 고흥로 4260, 1층",127.3333934,34.7795532
동강치과의원,치과의원,전남,360002,고흥군,"전라남도 고흥군 동강면 고흥로 4258, 2층",127.3332775,34.7794412
동강한의원,한의원,전남,360002,고흥군,"전라남도 고흥군 동강면 고흥로 4258, (동강면)",127.3332775,34.7794412
동거차보건진료소,보건진료소,전남,360019,진도군,"전라남도 진도군 조도면 동거차동육길 58-9, (동거차보건진료소)",125.9398777,34.2375455
동곡보건진료소,보건진료소,전남,360700,광양시,"전라남도 광양시 옥룡면 동동길 31-5, 31",127.62224,35.0638536
동광양한의원,한의원,전남,360700,광양시,"전라남도 광양시 광영로 70, (광영동)",127.7214832,34.9618267
동도보건진료소,보건진료소,전남,360500,여수시,"전라남도 여수시 삼산면 죽촌1길 24-1, 24",127.3148871,34.0443843
동리보건진료소,보건진료소,전남,360021,해남군,"전라남도 해남군 옥천면 동리길 10, (옥천면)",126.6792417,34.5541546
동면보건지소,보건지소,전남,360022,화순군,"전라남도 화순군 동면 충의로 751, (동면)",127.0385125,35.029925
동백치과의원,치과의원,전남,360500,여수시,"전라남도 여수시 문수로 76, (문수동)",127.7035616,34.7536739
동복보건지소,보건지소,전남,360022,화순군,"전라남도 화순군 동복면 오지호로 276, (동복면)",127.1282399,35.0691297
동부도시보건지소,보건지소,전남,360500,여수시,"전라남도 여수시 동문로 99, (공화동)",127.7421148,34.7456401
동부외과의원,의원,전남,360400,순천시,"전라남도 순천시 팔마로 105, (조곡동)",127.499982,34.9460819
동산치과의원,치과의원,전남,360008,담양군,"전라남도 담양군 담양읍 천변7길 22, (담양읍)",126.9829188,35.3150072
동산한방병원,한방병원,전남,360008,담양군,"전라남도 담양군 담양읍 죽향대로 1203-0, (담양읍)",126.9822364,35.3133579
동서재활의학과의원,의원,전남,360300,목포시,"전라남도 목포시 하당로153번길 14, (상동)",126.4140625,34.8056167
동서한의원,한의원,전남,360003,곡성군,"전라남도 곡성군 석곡면 석곡로 53-1, 동서한의원",127.253334,35.1316951
동순천내과의원,의원,전남,360400,순천시,"전라남도 순천시 이수로 291, 2층 (조례동)",127.5160041,34.9526177
동신대학교부속 목포한방병원,한방병원,전남,360300,목포시,"전라남도 목포시 백년대로 313,  (상동)",126.4215375,34.80485
동신한방병원,한방병원,전남,360200,나주시,"전라남도 나주시 성북1길 16-2,  (중앙동)",126.7210404,35.0339945
동양한의원,한의원,전남,360300,목포시,"전라남도 목포시 산정로 165, (산정동)",126.3921079,34.8031935
동양한의원,한의원,전남,360019,진도군,"전라남도 진도군 진도읍 남문길 11, (진도읍)",126.2635308,34.4792832
동의보감한의원,한의원,전남,360500,여수시,"전라남도 여수시 중앙로 10, 1층 (서교동)",127.7284883,34.740181
동의보감한의원,한의원,전남,360400,순천시,"전라남도 순천시 해룡면 조례못등길 128, 1,2층",127.5285517,34.9473787
동의보감한의원,한의원,전남,360700,광양시,"전라남도 광양시 중마로 231, 2층 (중동)",127.6888746,34.9454477
동의보감한의원,한의원,전남,360002,고흥군,"전라남도 고흥군 고흥읍 여산당촌길 2, (고흥읍)",127.2829458,34.6076965
동일보건지소,보건지소,전남,360002,고흥군,"전라남도 고흥군 동일면 봉영로 3-1, (동일면)",127.4683382,34.502891
동정보건진료소,보건진료소,전남,360020,함평군,"전라남도 함평군 신광면 군유로 436, 436",126.4706453,35.1693433
동진의원,의원,전남,360008,담양군,"전라남도 담양군 담양읍 객사2길 9, (담양읍)",126.9828599,35.3227109
두라보건진료소,보건진료소,전남,360500,여수시,"전라남도 여수시 남면 대두길 87-1, 87",127.7350916,34.5690719
두리치과의원,치과의원,전남,360021,해남군,"전라남도 해남군 해남읍 중앙2로 136, 136",126.595003,34.566804
두원보건지소,보건지소,전남,360002,고흥군,"전라남도 고흥군 두원면 두원로 480-1, (두원면)",127.2736582,34.646568
드림 마취통증의학과 의원,의원,전남,360022,화순군,"전라남도 화순군 화순읍 자치샘로 22-6, 2층3층",126.9831507,35.0620116
드림내과의원,의원,전남,360400,순천시,"전라남도 순천시 순광로 14, 드림내과 1~2층 (조례동)",127.522948,34.9545245
드림아이치과의원,치과의원,전남,360700,광양시,"전라남도 광양시 공영로 74, 2층 (중동)",127.6971347,34.9356973
드림치과의원,치과의원,전남,360500,여수시,"전라남도 여수시 소라면 죽림로 23, 2층",127.6395446,34.7629444
득량보건지소,보건지소,전남,360010,보성군,"전라남도 보성군 득량면 역전길 15-11, (득량면)",127.1690142,34.7629062
든든마취통증의학과의원,의원,전남,360400,순천시,"전라남도 순천시 오천7길 28, 3층 (오천동)",127.4942549,34.9351372
든든정신건강의학과의원,의원,전남,360200,나주시,"전라남도 나주시 전력로 2, 이화프라자 6층 601~602호 (빛가람동)",126.785331,35.0215717
들풀한의원,한의원,전남,360400,순천시,"전라남도 순천시 신월큰길 26, (조례동)",127.5188825,34.9608548
들풀한의원,한의원,전남,360700,광양시,"전라남도 광양시 광양읍 칠성로 60-1, 1층",127.585124,34.9786984
라스어린이치과의원,치과의원,전남,360200,나주시,"전라남도 나주시 중야2길 29, 미래메디필빌딩 3층 (빛가람동)",126.784645,35.0171335
라온소아청소년과의원,의원,전남,360400,순천시,"전라남도 순천시 해룡면 향매로 135, 대화빌딩 2층 201호",127.5540921,34.9326474
라임치과의원,치과의원,전남,360400,순천시,"전라남도 순천시 이수로 321, 4층 (조례동)",127.5190029,34.9540717
래희한의원,한의원,전남,360200,나주시,"전라남도 나주시 배멧3길 19-3, 엠제이빌딩 302호 (빛가람동)",126.7863579,35.01919
로뎀정신건강의학과의원,의원,전남,360700,광양시,"전라남도 광양시 중마중앙로 60, 2층 (중동)",127.698478,34.9354071
로뎀치과의원,치과의원,전남,360016,완도군,"전라남도 완도군 금일읍 금일로 361-1, 2동",127.0282668,34.3498227
로이스치과의원,치과의원,전남,360500,여수시,"전라남도 여수시 남산로 126, 성흔빌딩 6층 (서교동)",127.7280127,34.7400777
루가치과의원,치과의원,전남,360500,여수시,"전라남도 여수시 무선로 50, 3층 (학동, 신동아파밀리에상가)",127.6575012,34.7653755
루시아의원,의원,전남,360500,여수시,"전라남도 여수시 쌍봉로 36, (학동)",127.6598879,34.7662712
류내과의원,의원,전남,360003,곡성군,"전라남도 곡성군 옥과면 대학로 155, (옥과면)",127.1364484,35.2767919
류내과의원,의원,전남,360009,무안군,"전라남도 무안군 무안읍 면성1길 111, 2층",126.4742231,34.9881639
류마내과의원,의원,전남,360400,순천시,"전라남도 순천시 이수로 321, 3층 (조례동)",127.5190029,34.9540717
류여성의원,의원,전남,360700,광양시,"전라남도 광양시 광장로 142, 4층 (중동)",127.695303,34.9366756
류이비인후과의원,의원,전남,360400,순천시,"전라남도 순천시 백연길 104, 3층 (조례동)",127.5319165,34.9533885
류진치과의원,치과의원,전남,360400,순천시,"전라남도 순천시 장선배기길 77, (조례동)",127.5302205,34.9531473
리즈라인의원,의원,전남,360300,목포시,"전라남도 목포시 석현로 2, 503호 (석현동)",126.4215529,34.8154816
마디정형외과병원,병원,전남,360300,목포시,"전라남도 목포시 백년대로 298-0, 4,5층 (상동,센트럴메디파크)",126.4206704,34.8035707
마디척앤코배한의원,한의원,전남,360400,순천시,"전라남도 순천시 중앙로 69, 마디척앤코배한의원 (저전동)",127.4836198,34.951872
마디척한의원,한의원,전남,360300,목포시,"전라남도 목포시 백년대로 338, (상동)",126.424157,34.8052725
마디튼튼연합의원,의원,전남,360400,순천시,"전라남도 순천시 삼산로 61, 2층 (용당동)",127.4903078,34.9722606
마량의원,의원,전남,360001,강진군,"전라남도 강진군 마량면 마량4길 11, 1층",126.8170839,34.4514525
마량한의원,한의원,전남,360001,강진군,"전라남도 강진군 마량면 마량4길 20, (마량면)",126.8178182,34.450875
마루요양병원,요양병원,전남,360022,화순군,"전라남도 화순군 춘양면 개천로 249, (춘양면)",126.923612,34.9295501
마륜보건진료소,보건진료소,전남,360400,순천시,"전라남도 순천시 상사면 민속마을길 280-8, (상사면)",127.4590201,34.9248743
마리엠산부인과의원,의원,전남,360200,나주시,"전라남도 나주시 빛가람로 740, 한빛타워 701,702호 (빛가람동)",126.7927413,35.0208476
마산면보건지소,보건지소,전남,360021,해남군,"전라남도 해남군 마산면 마산로 445, (마산보건지소)",126.568163,34.621615
마산보건지소,보건지소,전남,360006,구례군,"전라남도 구례군 마산면 화엄사로 159, (마산면보건소)",127.4870042,35.2238614
마산보건진료소,보건진료소,전남,360400,순천시,"전라남도 순천시 별량면 고장안길 3, (별량면)",127.4523023,34.8454114
마음편한 정신건강의학과 의원,의원,전남,360001,강진군,"전라남도 강진군 강진읍 평동2길 30, 1층",126.7680499,34.6380201
마천보건진료소,보건진료소,전남,360010,보성군,"전라남도 보성군 득량면 충의로 1249, 1249",127.1451551,34.7511862
만풍보건진료소,보건진료소,전남,360009,무안군,"전라남도 무안군 해제면 진목길 2, (해제면)",126.3284736,35.1262978
맑은기억 정신건강의학과의원,의원,전남,360018,장흥군,"전라남도 장흥군 장흥읍 중앙로 19-2, (장흥읍)",126.9083871,34.6778269
맑은샘내과의원,의원,전남,360300,목포시,"전라남도 목포시 부흥로 80, 2층 (옥암동)",126.4298651,34.8032935
맑은윤피부과의원,의원,전남,360500,여수시,"전라남도 여수시 여서로 156-1, 4, 5층 (여서동)",127.6989867,34.7479758
망룡보건진료소,보건진료소,전남,360400,순천시,"전라남도 순천시 월등면 복사골길 116, (월등면)",127.4063098,35.0827616
망운가정의원,의원,전남,360009,무안군,"전라남도 무안군 망운면 운해로 1401, 1401",126.3911539,35.0122488
망운보건지소,보건지소,전남,360009,무안군,"전라남도 무안군 망운면 압창길 5, (망운면)",126.392433,35.0118981
매정리보건진료소,보건진료소,전남,360022,화순군,"전라남도 화순군 이양면 하매정길 5, (매정리보건진료소)",127.0181003,34.8690267
맨스톤비뇨의학과의원,의원,전남,360300,목포시,"전라남도 목포시 영산로 519, 2~3층 (상동)",126.4178779,34.8120346
맹리보건진료소,보건진료소,전남,360022,화순군,"전라남도 화순군 북면 맹리길 14-2, (북면맹리보건진료소)",127.0925892,35.1812804
메디탑의원,의원,전남,360001,강진군,"전라남도 강진군 강진읍 영랑로 36, (백산빌딩4층)",126.7683425,34.6388517
메디팜요양병원,요양병원,전남,360400,순천시,"전라남도 순천시 양율길 306,  (인월동)",127.478177,34.8976544
메디팜클리닉의원,의원,전남,360022,화순군,"전라남도 화순군 동면 운곡길 6-75, (동면)",127.0337724,35.0105112
메리놀의원,의원,전남,360500,여수시,"전라남도 여수시 신월로 714, (봉산동)",127.7199667,34.734085
메이유의원,의원,전남,360500,여수시,"전라남도 여수시 망마로 21, 4층 (학동)",127.6655321,34.7604961
명문플란트치과의원,치과의원,전남,360200,나주시,"전라남도 나주시 남평읍 강변2길 5-11, 2층 203호",126.8501656,35.0405902
명보한의원,한의원,전남,360500,여수시,"전라남도 여수시 도원로 181, 2층 (선원동)",127.6511921,34.7612185
명봉보건진료소,보건진료소,전남,360010,보성군,"전라남도 보성군 노동면 봉화길 55, (노동면)",127.0770004,34.8264659
명성의원,의원,전남,360400,순천시,"전라남도 순천시 승주읍 승주로 706, (승주읍)",127.3868292,35.0138062
명인당한의원,한의원,전남,360300,목포시,"전라남도 목포시 자유로 117, 2층 (산정동)",126.402548,34.7936925
명인외과의원,의원,전남,360022,화순군,"전라남도 화순군 능주면 죽수길 99, (능주면)",126.9579187,34.991969
명인치과의원,치과의원,전남,360021,해남군,"전라남도 해남군 해남읍 남부순환로 1, . 2층",126.6073157,34.5705941
명인치과의원,치과의원,전남,360300,목포시,"전라남도 목포시 영산로 249, 3층 (용당동)",126.3935133,34.8032686
명인치과의원,치과의원,전남,360009,무안군,"전라남도 무안군 삼향읍 남악5로48번길 17, 3층 (정우빌딩)",126.4732852,34.8098549
명정신건강의학과의원,의원,전남,360300,목포시,"전라남도 목포시 옥암로 147, (상동)",126.4233809,34.8116003
명치과의원,치과의원,전남,360500,여수시,"전라남도 여수시 여문1로 51, 3층 (여서동)",127.7041321,34.7529626
모두편한내과방사선과의원,의원,전남,360400,순천시,"전라남도 순천시 신월큰길 1-4, 2,3,7층 (조례동)",127.5207942,34.9604262
모두플란트치과의원,치과의원,전남,360300,목포시,"전라남도 목포시 비파로 96, 307~311호 (상동)",126.4249933,34.8068665
모든아이소아청소년과의원,의원,전남,360700,광양시,"전라남도 광양시 중마중앙로 13, 3층 (중동)",127.6977042,34.9313916
모성환내과의원,의원,전남,360500,여수시,"전라남도 여수시 망마로 54, 2층 1호,9호 (신기동, 부영아파트 상가)",127.6683205,34.7587741
모아치과의원,치과의원,전남,360400,순천시,"전라남도 순천시 연향상가1길 1, (연향동)",127.5216453,34.9512473
모정보건진료소,보건진료소,전남,360015,영암군,"전라남도 영암군 군서면 모정1길 39-2, (군서면)",126.6136252,34.7784207
목포가정의학과의원,의원,전남,360300,목포시,"전라남도 목포시 석현로 18-2, 2동 2층 209호 (석현동, 스타팰리스상가)",126.4231891,34.8160145
목포교도소부속의원,의원,전남,360009,무안군,"전라남도 무안군 일로읍 일로중앙로 78, (일로읍)",126.4875261,34.8558127
목포기독병원,종합병원,전남,360300,목포시,"전라남도 목포시 백년대로 303,  (상동)",126.4206,34.8045333
목포기독치과의원,치과의원,전남,360300,목포시,"전라남도 목포시 백년대로 303, 1층 (상동)",126.4206,34.8045333
목포더조은내과의원,의원,전남,360300,목포시,"전라남도 목포시 삼학로 24, 2,3,6,7층 (호남동)",126.3881335,34.7900535
목포더좋은요양병원,요양병원,전남,360300,목포시,"전라남도 목포시 용당로 334-0,  (용해동)",126.4006225,34.8171332
목포동문외과의원,의원,전남,360009,무안군,"전라남도 무안군 삼향읍 남악4로 86, (한양에드가 오피스텔 1차)",126.4664143,34.8131458
목포명인치과의원,치과의원,전남,360300,목포시,"전라남도 목포시 영산로 138, 1,2층 (호남동)",126.3872053,34.7945807
목포미래병원,병원,전남,360300,목포시,"전라남도 목포시 녹색로 41, (석현동)",126.4270375,34.82305
목포미즈아이병원,병원,전남,360300,목포시,"전라남도 목포시 백년대로 418,  (옥암동)",126.432175,34.8088583
목포복음내과의원,의원,전남,360300,목포시,"전라남도 목포시 백년대로 327, 2층 (상동)",126.4230815,34.8054792
목포성모안과의원,의원,전남,360300,목포시,"전라남도 목포시 삼학로 24, 4층 (호남동)",126.388075,34.7900833
목포소아청소년과의원,의원,전남,360009,무안군,"전라남도 무안군 삼향읍 남악4로 71, 3층",126.4654578,34.812144
목포스마트원치과병원,치과병원,전남,360009,무안군,"전라남도 무안군 삼향읍 남악4로 49-0, 0동 6층 602호 (중앙프라자)",126.4655638,34.8100191
목포시보건소,보건소,전남,360300,목포시,"전라남도 목포시 원산로45번길 5, (산정동)",126.3735764,34.804158
목포시의료원,종합병원,전남,360300,목포시,"전라남도 목포시 이로로 18,  (용해동)",126.4053627,34.8039839
목포신세계병원,병원,전남,360300,목포시,"전라남도 목포시 백년대로 258-0,  (상동)",126.4167393,34.8016464
목포아동병원,병원,전남,360300,목포시,"전라남도 목포시 옥암로 149, (상동)",126.4231626,34.8117017
목포안과의원,의원,전남,360300,목포시,"전라남도 목포시 부흥로 67, 2층 (상동)",126.4284838,34.8030174
목포에스치과의원,치과의원,전남,360300,목포시,"전라남도 목포시 남악로 22-16, 펠리시티몰 2,3,4층 (옥암동)",126.4406772,34.8020544
목포연합의원,의원,전남,360300,목포시,"전라남도 목포시 원산중앙로 89, (연산동,2층)",126.3804256,34.811957
목포예치과의원,치과의원,전남,360300,목포시,"전라남도 목포시 신흥로83번길 27, 2층 (옥암동)",126.4275659,34.8069486
목포예향병원,병원,전남,360300,목포시,"전라남도 목포시 삼학로223번길 38,  (산정동)",126.402574,34.7911852
목포우리의원,의원,전남,360300,목포시,"전라남도 목포시 옥암로 77-1, 1,3층 (상동)",126.4269251,34.8061287
목포원광한방병원,한방병원,전남,360300,목포시,"전라남도 목포시 하당로153번길 14,  (상동)",126.4140625,34.8056167
목포위드치과의원,치과의원,전남,360300,목포시,"전라남도 목포시 백년대로 400, VIPS목포점 2층 (옥암동)",126.4299711,34.8080021
목포을지의원,의원,전남,360300,목포시,"전라남도 목포시 번화로 39-1, 1~2층 (중앙동1가)",126.3838193,34.7865008
목포장문외과병원,병원,전남,360300,목포시,"전라남도 목포시 백년대로 322,  (상동)",126.4227425,34.8046237
목포재활요양병원,요양병원,전남,360300,목포시,"전라남도 목포시 영산로 627,  (석현동)",126.4217794,34.8212626
목포정형외과의원,의원,전남,360300,목포시,"전라남도 목포시 하당로 278, (옥암동)",126.426418,34.8110715
목포제일의원,의원,전남,360300,목포시,"전라남도 목포시 영산로 304, 1,2층 (용당동)",126.3988154,34.8049659
목포청담병원,병원,전남,360300,목포시,"전라남도 목포시 청호로 109-0,  (산정동)",126.3779694,34.8018786
목포청연한방병원,한방병원,전남,360300,목포시,"전라남도 목포시 청호로 6-1, 목포청연한방병원",126.3868249,34.7961619
목포치과의원,치과의원,전남,360300,목포시,"전라남도 목포시 수문로 5, 3층 (명륜동)",126.3852995,34.7912584
목포한국병원,종합병원,전남,360300,목포시,"전라남도 목포시 영산로 483,  (상동)",126.4162693,34.809382
목포한사랑병원,병원,전남,360300,목포시,"전라남도 목포시 백년대로 335,  (상동)",126.42365,34.80585
목포한의원,한의원,전남,360300,목포시,"전라남도 목포시 영산로 138, (호남동)",126.3872053,34.7945807
목포항도외과의원,의원,전남,360300,목포시,"전라남도 목포시 삼향천로 102, 3,4층 (옥암동)",126.4308573,34.8091265
목포현대병원,병원,전남,360300,목포시,"전라남도 목포시 용당로 322-1,  (용해동)",126.4010345,34.8156733
몽탄보건지소,보건지소,전남,360009,무안군,"전라남도 무안군 몽탄면 몽탄로 865, 865",126.5028007,34.9302269
묘도보건진료소,보건진료소,전남,360500,여수시,"전라남도 여수시 묘도10길 6, (묘도동)",127.7134201,34.8853242
묘량보건지소,보건지소,전남,360014,영광군,"전라남도 영광군 묘량면 묘량로 283, 283",126.5435286,35.2577974
묘량삼효보건진료소,보건진료소,전남,360014,영광군,"전라남도 영광군 묘량면 동삼로 319, (묘량면)",126.5734658,35.2720711
무등한의원,한의원,전남,360022,화순군,"전라남도 화순군 화순읍 중앙로 96, 3층 (고려빌딩)",126.9918198,35.0602329
무선연합의원,의원,전남,360500,여수시,"전라남도 여수시 무선중앙로 62, (선원동)",127.6507277,34.7724691
무선제일의원,의원,전남,360500,여수시,"전라남도 여수시 무선2길 27, 2층 6,7호 (선원동, 남양아파트)",127.650624,34.7716577
무선하나의원,의원,전남,360500,여수시,"전라남도 여수시 무선중앙로 56-1, 2층 (선원동)",127.6501414,34.7726618
무안군보건소,보건소,전남,360009,무안군,"전라남도 무안군 무안읍 면성1길 128, 무안군 보건소",126.4726776,34.9873813
무안베스트통증의학과의원,의원,전남,360009,무안군,"전라남도 무안군 무안읍 불무로 25, 2층",126.4736221,34.9869628
무안연합의원,의원,전남,360009,무안군,"전라남도 무안군 무안읍 동문안길 56-1, (무안읍)",126.4766811,34.9885916
무안치과의원,치과의원,전남,360009,무안군,"전라남도 무안군 무안읍 무안중앙로 12, 광주은행 2층",126.4778109,34.9887464
무안탑플란트치과의원,치과의원,전남,360009,무안군,"전라남도 무안군 무안읍 면성1길 107, 2층",126.4744847,34.9884782
무진연합의원,의원,전남,360500,여수시,"전라남도 여수시 신월로 810, 2층 (서교동)",127.7273032,34.7399945
무포리보건진료소,보건진료소,전남,360022,화순군,"전라남도 화순군 동면 무리길 12, (동면)",127.0740737,35.0544361
묵곡리보건진료소,보건진료소,전남,360022,화순군,"전라남도 화순군 이양면 월암길 10, 10",127.0332968,34.9070532
문규준한의원,한의원,전남,360400,순천시,"전라남도 순천시 연향상가7길 25, (연향동)",127.5174776,34.9525778
문내면보건지소,보건지소,전남,360021,해남군,"전라남도 해남군 문내면 동영길 12, (문내면보건소)",126.3138315,34.5969433
문내사랑의원,의원,전남,360021,해남군,"전라남도 해남군 문내면 동영길 29-4, 만선",126.3114252,34.5975493
문덕보건지소,보건지소,전남,360010,보성군,"전라남도 보성군 문덕면 장운길 10, 10",127.1714249,34.9279057
문상철치과의원,치과의원,전남,360400,순천시,"전라남도 순천시 중앙로 138, (매곡동)",127.4844641,34.9579138
문수의원,의원,전남,360500,여수시,"전라남도 여수시 문수로 39-1, 2,3층 (문수동)",127.7003741,34.7520315
문외과의원,의원,전남,360400,순천시,"전라남도 순천시 호남길 6, (행동)",127.483272,34.9570196
문장치과의원,치과의원,전남,360020,함평군,"전라남도 함평군 해보면 밀재로 1294, (대성의원)",126.6047533,35.1807467
문장한의원,한의원,전남,360020,함평군,"전라남도 함평군 해보면 밀재로 1283, (해보면)",126.6038652,35.1812774
문척보건지소,보건지소,전남,360006,구례군,"전라남도 구례군 문척면 수달생태로 281, 281",127.4911529,35.1929541
문치과의원,치과의원,전남,360500,여수시,"전라남도 여수시 소호로 658, 2층 (학동, 부영1차 상가)",127.6569204,34.7600639
문한의원,한의원,전남,360300,목포시,"전라남도 목포시 해안로237번길 15, (행복동2가)",126.3863326,34.7869625
문호길산부인과의원,의원,전남,360021,해남군,"전라남도 해남군 해남읍 중앙2로 58, (해남읍)",126.5975379,34.5694821
미래로소아청소년과의원,의원,전남,360400,순천시,"전라남도 순천시 봉화3길 14, 2,4,5층 (조례동)",127.5199811,34.9632557
미래산부인과의원,의원,전남,360300,목포시,"전라남도 목포시 부흥로 97, 3층 (옥암동)",126.4314596,34.8044151
미래여성의원,의원,전남,360700,광양시,"전라남도 광양시 중마중앙로 142, 1~4층 (중동)",127.6983462,34.9429098
미래연합의원,의원,전남,360500,여수시,"전라남도 여수시 신월로 692, 2층 (국동)",127.7188806,34.732521
미래연합의원,의원,전남,360400,순천시,"전라남도 순천시 팔마로 130-1, 2층 (조곡동)",127.5024758,34.9451222
미래치과의원,치과의원,전남,360700,광양시,"전라남도 광양시 광양읍 용강로 24, 2층",127.6090568,34.9719474
미래통증의원,의원,전남,360700,광양시,"전라남도 광양시 중마중앙로 142, 2층 (중동)",127.6983462,34.9429098
미래플란트치과의원,치과의원,전남,360200,나주시,"전라남도 나주시 영산로 5426, 3층 301호 (성북동)",126.7220212,35.0355449
미래한의원,한의원,전남,360019,진도군,"전라남도 진도군 진도읍 남문길 35, (진도읍)",126.2635644,34.4813265
미르치과병원,치과병원,전남,360300,목포시,"전라남도 목포시 백년대로 319,  (상동)",126.4221946,34.8051384
미세상피부과의원,의원,전남,360300,목포시,"전라남도 목포시 신흥로 50, 2층 (상동)",126.4262409,34.8033223
미소요양병원,요양병원,전남,360022,화순군,"전라남도 화순군 도곡면 고인돌1로 282-14, 282",126.9229568,34.994261
미소준치과의원,치과의원,전남,360500,여수시,"전라남도 여수시 국포1로 36, 4층 (국동, 롯데마트)",127.7215291,34.7283329
미소치과의원,치과의원,전남,360300,목포시,"전라남도 목포시 산정로 287, (연산동)",126.3848699,34.8121611
미소치과의원,치과의원,전남,360700,광양시,"전라남도 광양시 광양읍 칠성로 56, 2층",127.5845468,34.9787324
미소치과의원,치과의원,전남,360019,진도군,"전라남도 진도군 진도읍 남동1길 53, (진도읍)",126.264177,34.4813562
미소핀의원,의원,전남,360300,목포시,"전라남도 목포시 영산로 362, 3,4층 (용해동)",126.4050183,34.8060245
미암면보건지소,보건지소,전남,360015,영암군,"전라남도 영암군 미암면 미중로 39, (미암면)",126.5717875,34.6992679
미암보건진료소,보건진료소,전남,360015,영암군,"전라남도 영암군 미암면 미촌길 41, (미암면)",126.5957309,34.7027501
미올한의원,한의원,전남,360400,순천시,"전라남도 순천시 왕지1길 19, 2층 (왕지동)",127.5231525,34.9718511
미즈산부인과의원,의원,전남,360500,여수시,"전라남도 여수시 시청로 34, 203호 (학동, 이레타운)",127.6633397,34.764728
미즈여성아동병원,병원,전남,360400,순천시,"전라남도 순천시 조례1길 10-26,  (조례동)",127.5222126,34.9599395
미지예피부과의원 나주혁신점,의원,전남,360200,나주시,"전라남도 나주시 빛가람로 676, 씨티원 빌딩 407호 (빛가람동)",126.7855406,35.0208051
미치과의원,치과의원,전남,360300,목포시,"전라남도 목포시 청호로136번길 1, (산정동)",126.3763666,34.8039522
미치과의원,치과의원,전남,360021,해남군,"전라남도 해남군 해남읍 해남로 19, 2층",126.6092739,34.5712515
미치과의원,치과의원,전남,360400,순천시,"전라남도 순천시 조례못등길 16, (조례동)",127.5263787,34.9542063
미치과의원,치과의원,전남,360700,광양시,"전라남도 광양시 중마중앙로 141, (중동)",127.6977427,34.9429508
미평연합의원,의원,전남,360500,여수시,"전라남도 여수시 만성로 63, 2층 (미평동)",127.702736,34.7704479
미평하나의원,의원,전남,360500,여수시,"전라남도 여수시 미평로 2, (미평동)",127.7069456,34.7635007
미평현대의원,의원,전남,360500,여수시,"전라남도 여수시 미평로 58-1, (미평동)",127.7087404,34.768237
민 정신건강의학과의원,의원,전남,360400,순천시,"전라남도 순천시 순광로 6, 4층 (조례동)",127.521938,34.9542909
민들레하나한의원,한의원,전남,360400,순천시,"전라남도 순천시 충효로 144, (연향동)",127.5165696,34.9515245
민병민치과의원,치과의원,전남,360700,광양시,"전라남도 광양시 광양읍 읍내중앙길 14, 14",127.5881399,34.9753447
민성형외과의원,의원,전남,360500,여수시,"전라남도 여수시 망마로 39, 3층 (학동)",127.6671693,34.759745
민소아청소년과의원,의원,전남,360500,여수시,"전라남도 여수시 소라면 죽림로 15, 2층",127.6395937,34.762314
민치과의원,치과의원,전남,360022,화순군,"전라남도 화순군 화순읍 광덕로 155, (화순읍)",126.9916551,35.0586121
민치과의원,치과의원,전남,360017,장성군,"전라남도 장성군 장성읍 영천로 125-4, (장성읍)",126.7807446,35.2970295
믿음치과의원,치과의원,전남,360017,장성군,"전라남도 장성군 장성읍 영천로 157, (장성읍)",126.7814426,35.2997117
밀알치과의원,치과의원,전남,360400,순천시,"전라남도 순천시 호남길 1, (행동)",127.483884,34.9569347
바로그의원,의원,전남,360500,여수시,"전라남도 여수시 시청로 19, 우리은행 201호 (학동)",127.6625782,34.7634401
바로본신경외과의원,의원,전남,360500,여수시,"전라남도 여수시 망마로 25, 4층 (학동)",127.6659267,34.7602938
바른길치과의원,치과의원,전남,360008,담양군,"전라남도 담양군 담양읍 중앙로 85, (담양읍)",126.982158,35.3207149
바른부부한의원,한의원,전남,360200,나주시,"전라남도 나주시 빛가람로 676, 씨티원 빌딩 303,304호 (빛가람동)",126.7855406,35.0208051
바른의원,의원,전남,360400,순천시,"전라남도 순천시 팔마로 148, 팔마빌딩 2~3층 (덕암동)",127.5040148,34.9442758
바른이치과교정과치과의원,치과의원,전남,360500,여수시,"전라남도 여수시 망마로 40, 2층 (학동)",127.66705,34.7592841
바른이치과의원,치과의원,전남,360001,강진군,"전라남도 강진군 강진읍 영랑로4길 7, 1층",126.7687418,34.6389913
바른정형외과내과의원,의원,전남,360500,여수시,"전라남도 여수시 시청로 42, (학동)",127.6631719,34.7654529
바른정형외과의원,의원,전남,360400,순천시,"전라남도 순천시 해룡면 향매로 67, (해룡면)",127.5461981,34.9344733
바른플란트치과의원,치과의원,전남,360500,여수시,"전라남도 여수시 웅천로 134, 303,304호 (웅천동)",127.6778506,34.7403547
바른한의원,한의원,전남,360400,순천시,"전라남도 순천시 왕지2길 4-40, 2~3층 (왕지동)",127.5222979,34.9681561
바른한의원,한의원,전남,360015,영암군,"전라남도 영암군 삼호읍 방아제로 17, 1층",126.472083,34.7474083
박가정의학과 의원,의원,전남,360020,함평군,"전라남도 함평군 함평읍 광남길 90, (함평읍)",126.5205947,35.0634792
박경철외과의원,의원,전남,360500,여수시,"전라남도 여수시 소라면 덕양로 397, 1층",127.6327133,34.7932651
박관우한의원,한의원,전남,360300,목포시,"전라남도 목포시 백년대로375번길 1, 2층 (옥암동)",126.4272203,34.8074151
박기정치과의원,치과의원,전남,360400,순천시,"전라남도 순천시 장선배기길 33, 4층 (조례동)",127.5262338,34.9539212
박내과의원,의원,전남,360022,화순군,"전라남도 화순군 화순읍 자치샘로 25, 1층",126.9840216,35.0624542
박내과의원,의원,전남,360008,담양군,"전라남도 담양군 담양읍 지침3길 7, (담양읍)",126.9843955,35.3158336
박노승치과의원,치과의원,전남,360500,여수시,"전라남도 여수시 시청로 57, 3층 (학동)",127.6623129,34.7668673
박도영비뇨기과의원,의원,전남,360014,영광군,"전라남도 영광군 영광읍 신남로 181, (영광읍)",126.5018959,35.2761918
박상선내과의원,의원,전남,360017,장성군,"전라남도 장성군 장성읍 영천로 206, (장성읍)",126.7853924,35.3026695
박상진내과의원,의원,전남,360500,여수시,"전라남도 여수시 여서1로 61, (여서동)",127.7040451,34.7528279
박석채내과의원,의원,전남,360014,영광군,"전라남도 영광군 영광읍 천년로12길 45, (영광읍)",126.4996735,35.2763659
박석홍가정의학과의원,의원,전남,360300,목포시,"전라남도 목포시 용당로 339, 2층 (용해동)",126.3992166,34.8169692
박석환치과의원,치과의원,전남,360400,순천시,"전라남도 순천시 해룡면 장선배기길 284, 청솔@상가동 201호",127.5298828,34.945357
박성근치과의원,치과의원,전남,360400,순천시,"전라남도 순천시 삼산로 107, (용당동)",127.4944131,34.9736989
박성식신경과의원,의원,전남,360400,순천시,"전라남도 순천시 장선배기1길 9-8, 2층 (조례동)",127.5217661,34.953507
박성용치과의원,치과의원,전남,360300,목포시,"전라남도 목포시 영산로 525, 2층 (상동)",126.4171084,34.8132592
박성철한의원,한의원,전남,360300,목포시,"전라남도 목포시 영산로 86, 1,2층 (상락동2가)",126.3857016,34.7900543
박안과의원,의원,전남,360700,광양시,"전라남도 광양시 공영로 77, 2층 (중동)",127.6977724,34.9360143
박영배내과의원,의원,전남,360500,여수시,"전라남도 여수시 망마로 21, 1,2층 (학동)",127.6655321,34.7604961
박외과의원,의원,전남,360300,목포시,"전라남도 목포시 산정로50번길 3, (산정동)",126.3933125,34.7930341
박용선내과의원,의원,전남,360200,나주시,"전라남도 나주시 영산로 5406, (성북동)",126.7197799,35.0355238
박은진성형외과의원,의원,전남,360400,순천시,"전라남도 순천시 중앙로 67, 3층 (저전동)",127.4835143,34.9516326
박이비인후과의원,의원,전남,360300,목포시,"전라남도 목포시 영산로 78, (상락동2가)",126.3853271,34.7894459
박이비인후과의원,의원,전남,360500,여수시,"전라남도 여수시 소호로 483, (소호동)",127.6534235,34.7456117
박이비인후과의원,의원,전남,360700,광양시,"전라남도 광양시 중마중앙로 87-1, 2층 (중동)",127.6977559,34.9381599
박일종내과의원,의원,전남,360300,목포시,"전라남도 목포시 영산로 250-1, 2층 (산정동)",126.3939121,34.8029329
박재한치과의원,치과의원,전남,360500,여수시,"전라남도 여수시 여서1로 88-1, (여서동)",127.7068591,34.7538983
박종선신경외과의원,의원,전남,360300,목포시,"전라남도 목포시 영산로 246-1, 1,2층 (산정동)",126.3934486,34.802676
박종춘치과의원,치과의원,전남,360016,완도군,"전라남도 완도군 고금면 고금동로 42, (고금면)",126.8041188,34.3960376
박종후정형외과의원,의원,전남,360700,광양시,"전라남도 광양시 광양읍 신재로 77, 1층",127.5884474,34.9782492
박종희치과의원,치과의원,전남,360015,영암군,"전라남도 영암군 영암읍 중앙로 74-1, (영암읍)",126.6995473,34.8024882
박지우플란트치과의원,치과의원,전남,360200,나주시,"전라남도 나주시 다시면 다시로 178, 1층 (미림정)",126.6369176,35.017197
박진비뇨기과의원,의원,전남,360021,해남군,"전라남도 해남군 해남읍 해남로 3, (해남읍)",126.6075448,34.5712012
박찬연이비인후과의원,의원,전남,360300,목포시,"전라남도 목포시 옥암로 129, 2층 (상동)",126.4244207,34.8100242
박찬호치과의원,치과의원,전남,360009,무안군,"전라남도 무안군 삼향읍 남악3로 71, 2층 217호 (더트리폴리앙아파트)",126.4597911,34.8118144
박창현내과의원,의원,전남,360300,목포시,"전라남도 목포시 청호로 128-1, (산정동)",126.3771635,34.8033767
박철홍정형외과의원,의원,전남,360300,목포시,"전라남도 목포시 송림로 73, (용해동)",126.4051514,34.8058393
박치과의원,치과의원,전남,360003,곡성군,"전라남도 곡성군 곡성읍 군청로 31-1, (곡성읍)",127.2923275,35.2810077
박치과의원,치과의원,전남,360500,여수시,"전라남도 여수시 여서로 160, (여서동)",127.6992243,34.7477627
박한의원,한의원,전남,360200,나주시,"전라남도 나주시 남평읍 남평1로 46, (남평읍)",126.8426887,35.0471953
박혜의원,의원,전남,360002,고흥군,"전라남도 고흥군 고흥읍 학교길 40, (고흥읍)",127.291395,34.6077383
반석치과의원,치과의원,전남,360022,화순군,"전라남도 화순군 화순읍 광덕로 203, (화순읍)",126.991325,35.0626162
반석치과의원,치과의원,전남,360002,고흥군,"전라남도 고흥군 고흥읍 여산당촌길 16, 2층",127.2815181,34.6076685
반석한의원,한의원,전남,360021,해남군,"전라남도 해남군 해남읍 해남로 7, (해남읍)",126.6079262,34.5711159
밝은내과21의원,의원,전남,360500,여수시,"전라남도 여수시 새터로 55, (신기동)",127.6740059,34.7610027
밝은마을정신건강의학과의원,의원,전남,360400,순천시,"전라남도 순천시 이수로 319, 3층 (조례동, 세븐빌딩)",127.5185726,34.9539104
밝은마음병원,정신병원,전남,360200,나주시,"전라남도 나주시 남평읍 세남로 1566-3, (남평읍)",126.834746,35.0272979
밝은미소치과의원,치과의원,전남,360009,무안군,"전라남도 무안군 삼향읍 남악로 267, 221호,222호호 (펠리시티5차 리버뷰)",126.46664,34.806146
밝은여수안과의원,의원,전남,360500,여수시,"전라남도 여수시 좌수영로 25, 2층 (광무동)",127.727768,34.7427437
방세환치과의원,치과의원,전남,360700,광양시,"전라남도 광양시 광양읍 신재로 65, 1층",127.5885842,34.9771988
배성철치과의원,치과의원,전남,360300,목포시,"전라남도 목포시 동부로 1, 2층 (용당동)",126.3951839,34.8041294
배홍룡한의원,한의원,전남,360400,순천시,"전라남도 순천시 중앙로 138, 1층 (매곡동)",127.4844641,34.9579138
백강우내과의원,의원,전남,360300,목포시,"전라남도 목포시 영산로 306, (용당동)",126.399101,34.8050758
백담의료재단 한울요양병원,요양병원,전남,360008,담양군,"전라남도 담양군 창평면 의병로 196, (창평면)",127.021178,35.240628
백두한의원,한의원,전남,360700,광양시,"전라남도 광양시 공영로 64, (중동)",127.6960639,34.9357021
백련한의원,한의원,전남,360300,목포시,"전라남도 목포시 용해지구로 85, 4층 405호 (연산동)",126.3913775,34.8200444
백세의원,의원,전남,360002,고흥군,"전라남도 고흥군 고흥읍 고흥로 1754, (고흥읍)",127.28595,34.607384
백세치과의원,치과의원,전남,360200,나주시,"전라남도 나주시 나주로 185, 2동 2층 201호 (중앙동)",126.7208788,35.0336212
백세치과의원,치과의원,전남,360300,목포시,"전라남도 목포시 연산로 163, (산정동)",126.3795579,34.8109561
백세한의원,한의원,전남,360200,나주시,"전라남도 나주시 예향로 3803, 영산포공용터미널 (이창동)",126.712575,34.994526
백수논산보건진료소,보건진료소,전남,360014,영광군,"전라남도 영광군 군서면 성지로 864, (군서면)",126.4516618,35.2938749
백수대신보건진료소,보건진료소,전남,360014,영광군,"전라남도 영광군 백수읍 대신길1길 1, 1",126.3913431,35.3447639
백수보건지소,보건지소,전남,360014,영광군,"전라남도 영광군 백수읍 백수로11길 16, 16",126.4209925,35.2811219
백수하사보건진료소,보건진료소,전남,360014,영광군,"전라남도 영광군 백수읍 하사길3길 17, (하사보건진료소)",126.3568542,35.2600947
백아면보건지소,보건지소,전남,360022,화순군,"전라남도 화순군 북면 학천길 10, (백아면)",127.1334864,35.1668449
백아한방병원,한방병원,전남,360022,화순군,"전라남도 화순군 화순읍 중앙로 75-0, 2~3층",126.9897545,35.0606227
백양사한의원,한의원,전남,360017,장성군,"전라남도 장성군 북이면 백양로 10, (북이면)",126.8093043,35.430099
백운한의원,한의원,전남,360700,광양시,"전라남도 광양시 폭포사랑길 99, 2층 (금호동, 백운쇼핑센터)",127.73225,34.9403013
백이비인후과의원,의원,전남,360017,장성군,"전라남도 장성군 장성읍 영천로 125-1, 125",126.7808884,35.2968064
백재활요양병원,요양병원,전남,360022,화순군,"전라남도 화순군 화순읍 대교로 147-10, (화순읍)",126.9966007,35.0638602
백제치과의원,치과의원,전남,360014,영광군,"전라남도 영광군 영광읍 중앙로 187-3, (영광읍)",126.511785,35.2759057
백제한의원,한의원,전남,360300,목포시,"전라남도 목포시 호남로64번길 22-1, 2층 (대안동)",126.3847631,34.7923312
백제한의원,한의원,전남,360017,장성군,"전라남도 장성군 장성읍 영천로 187, (장성읍)",126.7838262,35.3017768
백초당한의원,한의원,전남,360400,순천시,"전라남도 순천시 옥천길 35, (영동)",127.4815783,34.9532989
백형모치과의원,치과의원,전남,360400,순천시,"전라남도 순천시 중앙로 126, (중앙동)",127.4843782,34.9568421
벌교김내과의원,의원,전남,360010,보성군,"전라남도 보성군 벌교읍 홍암로 19, (벌교읍)",127.34684,34.8433862
벌교맑은의원,의원,전남,360010,보성군,"전라남도 보성군 벌교읍 채동선로 224, 2층",127.34436,34.8422772
벌교보건지소,보건지소,전남,360010,보성군,"전라남도 보성군 벌교읍 벌교상고길 27, 27",127.3485142,34.8457237
벌교사랑치과의원,치과의원,전남,360010,보성군,"전라남도 보성군 벌교읍 계성1길 2, (벌교읍)",127.3448002,34.8426967
벌교순천안과의원,의원,전남,360010,보성군,"전라남도 보성군 벌교읍 채동선로 224-1, (벌교읍)",127.3444493,34.8422838
법성월산보건진료소,보건진료소,전남,360014,영광군,"전라남도 영광군 법성면 용성월산로5길 238, (법성면)",126.5098383,35.3437794
법성한의원,한의원,전남,360014,영광군,"전라남도 영광군 법성면 진굴비길 47-1, (법성면)",126.4469237,35.3602573
베다내과의원,의원,전남,360400,순천시,"전라남도 순천시 해룡면 신대4길 4-25, (해룡면)",127.5520698,34.9338217
베스트e치과의원,치과의원,전남,360300,목포시,"전라남도 목포시 청호로 175, 2층 (산정동)",126.3731851,34.8061926
베스트윤연합의원,의원,전남,360500,여수시,"전라남도 여수시 쌍봉로 27-1, (학동)",127.6590936,34.7667931
베스트의원,의원,전남,360300,목포시,"전라남도 목포시 양을로 145, 2,3층 (산정동)",126.3862765,34.8095471
베스트치과의원,치과의원,전남,360700,광양시,"전라남도 광양시 광양읍 용강로 23, 3층",127.6084512,34.9719285
베스트피부과의원,의원,전남,360500,여수시,"전라남도 여수시 여서1로 54, (여서동)",127.7037648,34.7522261
별량보건지소,보건지소,전남,360400,순천시,"전라남도 순천시 별량면 별량장길 25, 25",127.4518358,34.8743684
별량치과의원,치과의원,전남,360400,순천시,"전라남도 순천시 별량면 별량길 80, 1층",127.4522024,34.8733789
병영의원,의원,전남,360001,강진군,"전라남도 강진군 병영면 하멜로 412, (병영면)",126.8151085,34.7159211
병영한국의원,의원,전남,360001,강진군,"전라남도 강진군 병영면 병영성로 116, (병영면)",126.8161869,34.7149605
보궁요양병원,요양병원,전남,360022,화순군,"전라남도 화순군 화순읍 서양로 372, (화순읍)",126.9996846,35.0647712
보명당한의원,한의원,전남,360700,광양시,"전라남도 광양시 중마로 174, 2층 (중동)",127.6893616,34.9401922
보배치과의원,치과의원,전남,360003,곡성군,"전라남도 곡성군 곡성읍 중앙로 102, (곡성읍)",127.2940237,35.2804561
보성군립요양병원,요양병원,전남,360010,보성군,"전라남도 보성군 벌교읍 남하로 4-10, (벌교읍)",127.3450468,34.8335983
보성군보건소,보건소,전남,360010,보성군,"전라남도 보성군 보성읍 송재로 153, 153",127.0790418,34.7702225
보성밝은안과의원,의원,전남,360010,보성군,"전라남도 보성군 보성읍 현충로 68, 2층",127.0792552,34.7665743
보성요양병원,요양병원,전남,360010,보성군,"전라남도 보성군 벌교읍 녹색로 4816-15, (벌교읍)",127.2727134,34.8338818
보성원광한의원,한의원,전남,360010,보성군,"전라남도 보성군 보성읍 현충로 84, (보성읍)",127.0810787,34.7670963
보성치과의원,치과의원,전남,360010,보성군,"전라남도 보성군 보성읍 현충로 73, (보성읍)",127.0798937,34.7670692
보성한의원,한의원,전남,360010,보성군,"전라남도 보성군 보성읍 현충로 80, (보성읍)",127.0805671,34.766939
보스턴치과의원,치과의원,전남,360500,여수시,"전라남도 여수시 쌍봉로 58, 2층 (학동)",127.662255,34.7662173
보스톤연합치과의원,치과의원,전남,360300,목포시,"전라남도 목포시 하당로 264, 3층 (옥암동)",126.4249021,34.810362
보은병원,정신병원,전남,360022,화순군,"전라남도 화순군 도곡면 고인돌1로 282-14, (도곡면)",126.9229568,34.994261
보일치과의원,치과의원,전남,360010,보성군,"전라남도 보성군 보성읍 현충로 92-20, 2층",127.082638,34.767476
복내보건지소,보건지소,전남,360010,보성군,"전라남도 보성군 복내면 개기로 1666-32, (복내면)",127.1303776,34.8932212
복산보건진료소,보건진료소,전남,360500,여수시,"전라남도 여수시 소라면 달천길 135, (소라면)",127.5760268,34.7674612
복음내과의원,의원,전남,360014,영광군,"전라남도 영광군 영광읍 옥당로 155, (영광읍)",126.5007935,35.2758302
복음안과의원,의원,전남,360500,여수시,"전라남도 여수시 중앙로 9-1, (서교동)",127.7287682,34.7406351
복음외과의원,의원,전남,360008,담양군,"전라남도 담양군 담양읍 지침3길 7-27, (담양읍)",126.9836595,35.316287
복음의원,의원,전남,360021,해남군,"전라남도 해남군 황산면 시등로 96, (황산면)",126.4337125,34.576125
복천보건진료소,보건진료소,전남,360020,함평군,"전라남도 함평군 학교면 고막천로 803, (학교면)",126.5824085,35.0437359
본정형외과의원,의원,전남,360300,목포시,"전라남도 목포시 옥암로 187, 1,2층 (석현동)",126.4213109,34.8147091
본치과의원,치과의원,전남,360400,순천시,"전라남도 순천시 둑실1길 7, 1-2층 (조곡동)",127.4918313,34.9561814
봄날의원,의원,전남,360014,영광군,"전라남도 영광군 영광읍 신남로 187-2, 2층",126.5025484,35.276202
봄봄한의원,한의원,전남,360009,무안군,"전라남도 무안군 삼향읍 남악로 267, 2층 214호 (펠리시티5차 리버뷰)",126.46664,34.806146
봄치과의원,치과의원,전남,360018,장흥군,"전라남도 장흥군 장흥읍 동교1길 22, 봄치과의원 102호",126.9080735,34.6770273
봉강보건지소,보건지소,전남,360700,광양시,"전라남도 광양시 봉강면 비봉길 1, (봉강면)",127.5805621,35.0115314
봉동보건진료소,보건진료소,전남,360003,곡성군,"전라남도 곡성군 오산면 오산로 605-1, (오산면)",127.1210078,35.2373458
봉두보건진료소,보건진료소,전남,360500,여수시,"전라남도 여수시 소라면 당촌길 57-1, 57",127.6002883,34.7971709
봉래보건지소,보건지소,전남,360002,고흥군,"전라남도 고흥군 봉래면 축정1길 16, (봉래보건지소)",127.4593597,34.4638463
봉명보건진료소,보건진료소,전남,360009,무안군,"전라남도 무안군 몽탄면 봉명양장로 262, 262",126.4809269,34.8921297
봉황가정의학과의원,의원,전남,360200,나주시,"전라남도 나주시 봉황면 봉황로 759, (봉황면)",126.7849204,34.9582964
부부요양병원,요양병원,전남,360300,목포시,"전라남도 목포시 영산로 620-1,  (석현동)",126.4223942,34.8203878
부부치과의원,치과의원,전남,360012,신안군,"전라남도 신안군 암태면 중부로 1827-3, (암태면)",126.1139362,34.8294091
부부치과의원,치과의원,전남,360008,담양군,"전라남도 담양군 담양읍 죽녹원로 51, 2층",126.9849266,35.319545
부부치과의원,치과의원,전남,360019,진도군,"전라남도 진도군 진도읍 남문길 4, (진도읍)",126.2640133,34.478417
부부치과의원,치과의원,전남,360500,여수시,"전라남도 여수시 여서로 156, (여서동)",127.6988673,34.7480578
부부한의원,한의원,전남,360300,목포시,"전라남도 목포시 옥암로 193, 1,2,3,4층 (석현동)",126.4210525,34.815074
부부한의원,한의원,전남,360200,나주시,"전라남도 나주시 중앙로 41, 김수환스튜디오 1층 (중앙동)",126.7186483,35.0331355
부부한의원,한의원,전남,360400,순천시,"전라남도 순천시 신월큰길 7, 2층 (조례동)",127.520347,34.960469
북경한의원,한의원,전남,360008,담양군,"전라남도 담양군 담양읍 중앙로 41, (담양읍)",126.9830357,35.3170005
북부엘치과의원,치과의원,전남,360400,순천시,"전라남도 순천시 중앙로 138-1, (매곡동)",127.4845138,34.95803
북일면보건지소,보건지소,전남,360021,해남군,"전라남도 해남군 북일면 만월길 32-5, 32",126.6718622,34.4629471
북평면보건지소,보건지소,전남,360021,해남군,"전라남도 해남군 북평면 달량진길 10, (북평면 보건지소)",126.6258106,34.4077262
북항에이스비뇨기과의원,의원,전남,360300,목포시,"전라남도 목포시 청호로 176, 3층 (산정동, 쥬빌리메디센터)",126.373557,34.8064335
불갑면보건지소,보건지소,전남,360014,영광군,"전라남도 영광군 불갑면 함영로4길 12, (불갑면)",126.5072339,35.2071904
불갑모악보건진료소,보건진료소,전남,360014,영광군,"전라남도 영광군 불갑면 불갑사로2길 3-2, 3",126.5335188,35.2101342
뷰티라인 의원,의원,전남,360200,나주시,"전라남도 나주시 빛가람로 740, 703,704호 (빛가람동)",126.7927413,35.0208476
브랜드유의원,의원,전남,360500,여수시,"전라남도 여수시 시청로 46, 5층 (학동)",127.6632306,34.7656587
블리비의원,의원,전남,360400,순천시,"전라남도 순천시 이수로 331, 동신빌딩 2층 201호 (조례동)",127.5198806,34.9543979
비금도초한의원,한의원,전남,360012,신안군,"전라남도 신안군 비금면 서남문로 803, 1층",125.9298695,34.751281
비금면보건지소,보건지소,전남,360012,신안군,"전라남도 신안군 비금면 읍동길 29-4, (비금면)",125.9269649,34.7552796
비금면수치도보건진료소,보건진료소,전남,360012,신안군,"전라남도 신안군 비금면 수치도길 233, (비금면)",126.0170493,34.7418443
비봉보건진료소,보건진료소,전남,360010,보성군,"전라남도 보성군 득량면 청암길 41, (득량면)",127.1979368,34.7191885
비오메드요양병원,요양병원,전남,360022,화순군,"전라남도 화순군 도곡면 온천1길 59-0, 비오메드요양병원",126.90213,35.0297286
비촌보건진료소,보건진료소,전남,360400,순천시,"전라남도 순천시 황전면 비촌1길 83, (비촌보건진료소)",127.4285199,35.1742054
빛가람종합병원,종합병원,전남,360200,나주시,"전라남도 나주시 정보화길 49-0, (빛가람동)",126.7987186,35.0242155
사곡보건진료소,보건진료소,전남,360500,여수시,"전라남도 여수시 소라면 상사길 21, 21",127.580042,34.7879278
사곡보건진료소,보건진료소,전남,360700,광양시,"전라남도 광양시 광양읍 사곡로 213, 213",127.6271003,34.9620565
사랑애한의원,한의원,전남,360019,진도군,"전라남도 진도군 진도읍 진도대로 7143-4, (진도읍)",126.2654364,34.4781868
사랑의원,의원,전남,360022,화순군,"전라남도 화순군 이양면 학포로 558, (이양면)",126.9878375,34.8872404
사랑의원,의원,전남,360400,순천시,"전라남도 순천시 풍덕주택길 87, 1-2층 (풍덕동)",127.5040747,34.9402352
사랑이가득한치과의원,치과의원,전남,360400,순천시,"전라남도 순천시 이수로 304, 3층 (연향동)",127.5174496,34.9527303
사랑이꽃피는치과의원,치과의원,전남,360300,목포시,"전라남도 목포시 산정로 279, 2층 (연산동)",126.385782,34.8116971
사랑치과의원,치과의원,전남,360500,여수시,"전라남도 여수시 소라면 죽림로 21, 2층",127.6395311,34.762757
사창보건진료소,보건진료소,전남,360009,무안군,"전라남도 무안군 몽탄면 우명길 109, 109",126.5222381,34.9698237
사평면보건지소,보건지소,전남,360022,화순군,"전라남도 화순군 남면 사호로 228, (사평면)",127.0952063,35.0066882
사평제일의원,의원,전남,360022,화순군,"전라남도 화순군 남면 사평길 17, (사평면)",127.0981627,35.0057506
사회복지법인 여수애양병원,병원,전남,360500,여수시,"전라남도 여수시 율촌면 구암길 319, (율촌면)",127.6250139,34.8433598
삭신편한한의원,한의원,전남,360010,보성군,"전라남도 보성군 벌교읍 홍암로 22-2, (벌교읍)",127.3472837,34.8431278
산간리보건진료소,보건진료소,전남,360022,화순군,"전라남도 화순군 춘양면 산간길 52, (신간리보건소)",126.9516698,34.9293909
산남보건진료소,보건진료소,전남,360020,함평군,"전라남도 함평군 손불면 석산로 546, (손불면)",126.4232018,35.1211379
산동보건지소,보건지소,전남,360006,구례군,"전라남도 구례군 산동면 원촌1길 13-5, 13",127.4384896,35.3130867
산들치과의원,치과의원,전남,360200,나주시,"전라남도 나주시 상야2길 22, 4층 401호 (빛가람동)",126.78791,35.0215741
산들한의원,한의원,전남,360400,순천시,"전라남도 순천시 삼산로 101, 2층 203호 (용당동, 주상복합)",127.4939793,34.9734996
산이면보건지소,보건지소,전남,360021,해남군,"전라남도 해남군 산이면 비석길 66, (산이면)",126.4509471,34.6424171
산이삼성의원,의원,전남,360021,해남군,"전라남도 해남군 산이면 비석길 96, (산이면)",126.4484232,34.6441378
산호보건진료소,보건진료소,전남,360021,해남군,"전라남도 해남군 화원면 신용리길 220-19, (산호보건진료소)",126.2907343,34.6474731
삼계푸른의원,의원,전남,360017,장성군,"전라남도 장성군 삼계면 사창로 65, (삼계면)",126.6646018,35.2591476
삼대한의원,한의원,전남,360009,무안군,"전라남도 무안군 무안읍 면성1길 103, 1층",126.4747373,34.9887726
삼산면보건지소,보건지소,전남,360021,해남군,"전라남도 해남군 삼산면 오소재로 965, (삼산면보건지소)",126.6118157,34.5206582
삼산보건지소,보건지소,전남,360500,여수시,"전라남도 여수시 삼산면 거문길 122, 보건지소",127.309147,34.0281557
삼성당최한의원,한의원,전남,360006,구례군,"전라남도 구례군 구례읍 상설시장길 17, (구례읍)",127.4664837,35.2101818
삼성맑은신경과의원,의원,전남,360009,무안군,"전라남도 무안군 삼향읍 남악4로34번길 6, 2층 210호211호호 (에드가채움 주상복합 아파트)",126.4663898,34.8078875
삼성미산부인과의원,의원,전남,360300,목포시,"전라남도 목포시 섶나루길 126, (상동)",126.4191739,34.8109786
삼성숲정신건강의학과의원,의원,전남,360500,여수시,"전라남도 여수시 여서1로 54, (여서동)",127.7037648,34.7522261
삼성안과의원,의원,전남,360500,여수시,"전라남도 여수시 여서1로 54, 5층 (여서동)",127.7037648,34.7522261
삼성연합의원,의원,전남,360009,무안군,"전라남도 무안군 일로읍 일로로 77, (일로읍)",126.4949904,34.8492847
삼성의원,의원,전남,360006,구례군,"전라남도 구례군 구례읍 로터리길 20, (구례읍)",127.4666327,35.2088599
삼성의원,의원,전남,360700,광양시,"전라남도 광양시 광포로 26, (광영동)",127.7230486,34.9616619
삼성치과의원,치과의원,전남,360006,구례군,"전라남도 구례군 구례읍 로터리길 20, 2층 207호",127.4666327,35.2088599
삼성한의원,한의원,전남,360300,목포시,"전라남도 목포시 연산로 165, (산정동)",126.3793846,34.8111141
삼정보건진료소,보건진료소,전남,360020,함평군,"전라남도 함평군 함평읍 함장로 675-13, (함평읍)",126.4824933,35.0380773
삼향보건지소,보건지소,전남,360009,무안군,"전라남도 무안군 삼향읍 신기길 17, 17",126.4413295,34.8225059
삼호명인치과의원,치과의원,전남,360015,영암군,"전라남도 영암군 삼호읍 삼호중앙로 169-1, 2층",126.4694188,34.7454681
삼호보건진료소,보건진료소,전남,360021,해남군,"전라남도 해남군 화산면 사포길 26, (삼호보건진료소)",126.4834113,34.4516487
삼호읍보건지소,보건지소,전남,360015,영암군,"전라남도 영암군 삼호읍 세가래1길 10-6, 10",126.47521,34.748549
삼호의원,의원,전남,360015,영암군,"전라남도 영암군 삼호읍 신항로 63-5, (삼호읍)",126.3807147,34.7447692
삼호제일병원,병원,전남,360015,영암군,"전라남도 영암군 삼호읍 신항로 92,",126.3793425,34.7471946
삼호제일치과의원,치과의원,전남,360015,영암군,"전라남도 영암군 삼호읍 신항로 92, (삼호읍)",126.3793425,34.7471946
삼호치과의원,치과의원,전남,360015,영암군,"전라남도 영암군 삼호읍 삼호중앙로 180, (삼호읍)",126.4704564,34.7449454
삼호한의원,한의원,전남,360015,영암군,"전라남도 영암군 삼호읍 삼호중앙로 180, (삼호읍)",126.4704564,34.7449454
삼호힐링치과의원,치과의원,전남,360015,영암군,"전라남도 영암군 삼호읍 신촌길 2, (삼호읍)",126.3796268,34.7461308
상동아름다운의원,의원,전남,360300,목포시,"전라남도 목포시 상리로1번길 28-1, (상동)",126.4144379,34.8135283
상무한의원,한의원,전남,360017,장성군,"전라남도 장성군 삼계면 사창로 76-1, (삼계면)",126.6640374,35.2599437
상봉보건진료소,보건진료소,전남,360500,여수시,"전라남도 여수시 율촌면 상봉1길 1, (상봉보건 진료소)",127.5556063,34.8233598
상사보건지소,보건지소,전남,360400,순천시,"전라남도 순천시 상사면 상사초등길 36, (보건지소)",127.4486977,34.942958
상생한의원,한의원,전남,360001,강진군,"전라남도 강진군 강진읍 영랑로4길 12, (강진읍)",126.7693531,34.6389623
상아치과의원,치과의원,전남,360300,목포시,"전라남도 목포시 백년대로 295, 4층 (상동)",126.4199762,34.8039717
상아치과의원,치과의원,전남,360400,순천시,"전라남도 순천시 해룡면 신대로 97, 5동 202호 (중흥에스클라스상가)",127.5468894,34.9328427
상암보건지소,보건지소,전남,360500,여수시,"전라남도 여수시 상암로 601-1, (상암동)",127.7315719,34.8247831
상조도보건진료소,보건진료소,전남,360019,진도군,"전라남도 진도군 조도면 조도대로 1298, 1298",126.0210664,34.3317131
상쾌한이비인후과의원,의원,전남,360300,목포시,"전라남도 목포시 청호로 153, (산정동)",126.3748653,34.804744
상하화보건진료소,보건진료소,전남,360500,여수시,"전라남도 여수시 화정면 아랫꽃섬1길 4-5, (화정면)",127.6200943,34.5943327
새늘치과의원,치과의원,전남,360400,순천시,"전라남도 순천시 해룡면 신대로 118, 3층",127.5493236,34.9340763
새로이 치과의원,치과의원,전남,360400,순천시,"전라남도 순천시 해룡면 기적의도서관길 90, 2층 (부영3차아파트)",127.5318808,34.9469756
새봄안과의원,의원,전남,360021,해남군,"전라남도 해남군 해남읍 남부순환로 159, 302호",126.5943034,34.5654404
새봄치과의원,치과의원,전남,360500,여수시,"전라남도 여수시 시청로 43, 2층 (학동)",127.662452,34.7655981
새순천한방병원,한방병원,전남,360400,순천시,"전라남도 순천시 팔마로 159,  (덕암동)",127.5054371,34.9443451
새순한방병원,한방병원,전남,360500,여수시,"전라남도 여수시 문수로 106-0,  3층,6~7층 (문수동,파라다이스빌딩)",127.7061848,34.7548259
새신성의원,의원,전남,360200,나주시,"전라남도 나주시 봉황면 봉황로 767, (봉황면)",126.7855353,34.9588331
새우리연합의원,의원,전남,360500,여수시,"전라남도 여수시 어항로 45-1, (봉산동)",127.7231696,34.7310958
새유달의원,의원,전남,360300,목포시,"전라남도 목포시 영산로 253, 2층 (용당동)",126.3938532,34.8034538
새율촌제일의원,의원,전남,360500,여수시,"전라남도 여수시 율촌면 동산개길 8-1, (율촌면)",127.5786612,34.881682
새중앙의원,의원,전남,360001,강진군,"전라남도 강진군 강진읍 남문길 11, (강진읍)",126.7685852,34.6407092
새하나의원,의원,전남,360008,담양군,"전라남도 담양군 수북면 한수동로 564, 2층",126.9306294,35.302131
샘연합의원,의원,전남,360400,순천시,"전라남도 순천시 팔마로 48, (인제동)",127.493522,34.9462286
샘치과의원,치과의원,전남,360700,광양시,"전라남도 광양시 광양읍 칠성로 49, 2층",127.5838981,34.9791265
생명수한의원,한의원,전남,360006,구례군,"전라남도 구례군 토지면 운조루길 35-1, (토지면)",127.5123215,35.2060387
생혈한의원,한의원,전남,360200,나주시,"전라남도 나주시 성북2길 23, (성북동)",126.7214379,35.035214
샬롬한의원,한의원,전남,360300,목포시,"전라남도 목포시 삼학로 329, 2층 (용해동)",126.4084375,34.8003
서강치과의원,치과의원,전남,360300,목포시,"전라남도 목포시 원산중앙로 106, 2층 (연산동)",126.3820428,34.8124437
서거차보건진료소,보건진료소,전남,360019,진도군,"전라남도 진도군 조도면 서거차도1길 75, (서거차보건진료소)",125.9170775,34.254674
서도보건진료소,보건진료소,전남,360500,여수시,"전라남도 여수시 삼산면 장촌3길 9-6, 9",127.2945311,34.0538364
서명진광양한의원,한의원,전남,360700,광양시,"전라남도 광양시 광양읍 신재로 15, (광양읍)",127.5890303,34.9726416
서병기내과의원,의원,전남,360010,보성군,"전라남도 보성군 보성읍 중앙로 61-15, (보성읍)",127.0826595,34.7678498
서연합의원,의원,전남,360500,여수시,"전라남도 여수시 거북선공원1길 26-1, (학동)",127.6655,34.7626844
서울S치과의원,치과의원,전남,360200,나주시,"전라남도 나주시 나주로 206, 3층 (성북동)",126.7218832,35.0347927
서울가정의학과의원,의원,전남,360300,목포시,"전라남도 목포시 용당로 57, 2층 서울가정의학과 의원 (산정동)",126.4017981,34.7926357
서울경희한의원,한의원,전남,360500,여수시,"전라남도 여수시 중앙로 27, 5층 (충무동)",127.7306851,34.7405193
서울경희한의원,한의원,전남,360700,광양시,"전라남도 광양시 광양읍 칠성로 56, 1층",127.5845468,34.9787324
서울김치과의원,치과의원,전남,360019,진도군,"전라남도 진도군 임회면 진도대로 5848-2, (석교리)",126.1943103,34.4090029
서울로성형외과의원,의원,전남,360400,순천시,"전라남도 순천시 이수로 319, 2층 (조례동)",127.5185726,34.9539104
서울맑은의원,의원,전남,360500,여수시,"전라남도 여수시 중앙로 27, 5층 (충무동)",127.7306851,34.7405193
서울미치과의원,치과의원,전남,360014,영광군,"전라남도 영광군 영광읍 신남로 169, (영광읍)",126.500626,35.2762457
서울미치과의원,치과의원,전남,360400,순천시,"전라남도 순천시 태봉길 31, 2층 201호 (조례동, 골드클래스 시그니처)",127.5235625,34.9594438
서울바른이치과교정과치과의원,치과의원,전남,360400,순천시,"전라남도 순천시 남신월길 2, 6층 (조례동)",127.5188848,34.9542605
서울바른치과의원,치과의원,전남,360017,장성군,"전라남도 장성군 장성읍 영천로 177, 2층, 3층서울바른치과",126.7829863,35.3011444
서울비뇨기과의원,의원,전남,360022,화순군,"전라남도 화순군 화순읍 자치샘로 21, (화순읍)",126.9837649,35.0624831
서울수치과의원,치과의원,전남,360300,목포시,"전라남도 목포시 텃골로13번길 76, 3층 (상동, 유성스마트빌딩)",126.4184418,34.8163256
서울순치과의원,치과의원,전남,360400,순천시,"전라남도 순천시 해룡면 향매로 67, 5층",127.5469699,34.9342873
서울신경외과의원,의원,전남,360014,영광군,"전라남도 영광군 영광읍 옥당로 177, 2층 (세화빌딩)",126.5000856,35.2775464
서울안과의원,의원,전남,360300,목포시,"전라남도 목포시 비파로 106, 삼성전자사옥 3,4,5층 (상동)",126.4239949,34.807527
서울안과의원,의원,전남,360009,무안군,"전라남도 무안군 무안읍 무안중앙로 5, (무안읍)",126.4781627,34.9883203
서울안과의원,의원,전남,360006,구례군,"전라남도 구례군 구례읍 로터리길 11, (구례읍)",127.4658537,35.2091275
서울여성의원,의원,전남,360014,영광군,"전라남도 영광군 영광읍 신남로 181-1, 2층",126.501989,35.2761821
서울연합의원,의원,전남,360014,영광군,"전라남도 영광군 염산면 천년로 20-1, (염산면)",126.3741659,35.2171474
서울연합의원,의원,전남,360500,여수시,"전라남도 여수시 새터로 102, (신기동)",127.6771625,34.7639167
서울연합치과의원,치과의원,전남,360500,여수시,"전라남도 여수시 새터로 104, 2층 (신기동)",127.6772989,34.7639807
서울웅천치과의원,치과의원,전남,360500,여수시,"전라남도 여수시 웅천로 108, 303,304호 (웅천동)",127.6753712,34.7414285
서울의원,의원,전남,360012,신안군,"전라남도 신안군 지도읍 봉리길 16-3, (지도읍)",126.2114115,35.0607168
서울의원,의원,전남,360019,진도군,"전라남도 진도군 고군면 오일시2길 107-9, 107",126.3133724,34.5020459
서울의원,의원,전남,360700,광양시,"전라남도 광양시 광양읍 칠성로 55, 2층",127.5846596,34.9790532
서울이비인후과의원,의원,전남,360200,나주시,"전라남도 나주시 전력로 2, 4층 (빛가람동)",126.785331,35.0215717
서울인제치과의원,치과의원,전남,360400,순천시,"전라남도 순천시 장평1길 6, 1층 (인제동)",127.493745,34.9455901
서울정성치과의원,치과의원,전남,360002,고흥군,"전라남도 고흥군 고흥읍 터미널길 13, 빅 리치타워 301호",127.281097,34.6064799
서울정신건강의학과의원,의원,전남,360014,영광군,"전라남도 영광군 영광읍 옥당로 153, 3층",126.5008798,35.2756737
서울정형외과의원,의원,전남,360015,영암군,"전라남도 영암군 영암읍 중앙로 66, (영암읍)",126.6995292,34.8015937
서울치과의원,치과의원,전남,360200,나주시,"전라남도 나주시 우정로 56, (빛가람동, 토담리치A동503호)",126.7863013,35.0236584
서울치과의원,치과의원,전남,360009,무안군,"전라남도 무안군 무안읍 무안중앙로 27, 3층",126.4761215,34.9891026
서울치과의원,치과의원,전남,360500,여수시,"전라남도 여수시 무선로 6, (학동, 이레타운)",127.656377,34.7613603
서울치과의원,치과의원,전남,360700,광양시,"전라남도 광양시 금영로 134, 2층 (광영동)",127.7197947,34.9625693
서울탑마취통증의학과의원,의원,전남,360021,해남군,"전라남도 해남군 해남읍 남부순환로 5, 정하메디컬센터 4층",126.6073492,34.5703352
서울튼튼마취통증의학과의원,의원,전남,360018,장흥군,"전라남도 장흥군 장흥읍 남부관광로 33-1, 101호",126.9129547,34.6772262
서울플란트치과의원,치과의원,전남,360021,해남군,"전라남도 해남군 해남읍 중앙1로 28, (해남읍)",126.6057032,34.5710655
서울피부과의원,의원,전남,360300,목포시,"전라남도 목포시 백년대로 391, 3층 (옥암동)",126.4289425,34.8082908
서울한방병원,한방병원,전남,360300,목포시,"전라남도 목포시 삼향천로 106-0,  (옥암동)",126.4305514,34.8092795
서울한의원,한의원,전남,360020,함평군,"전라남도 함평군 함평읍 내바람길 55, (함평읍)",126.5217537,35.0628959
서울한의원,한의원,전남,360003,곡성군,"전라남도 곡성군 옥과면 리문5길 3, (옥과면)",127.1356823,35.2758655
서울한의원,한의원,전남,360500,여수시,"전라남도 여수시 무선로 53, 2층 (선원동)",127.6558583,34.7657695
서울한의원,한의원,전남,360002,고흥군,"전라남도 고흥군 고흥읍 여산당촌길 11-1, (고흥읍)",127.2818166,34.6073948
서울홍치과의원,치과의원,전남,360500,여수시,"전라남도 여수시 여서1로 7, 5층 501호 (여서동)",127.7002057,34.7494424
서울훈치과의원,치과의원,전남,360200,나주시,"전라남도 나주시 빛가람로 747, (빛가람동)",126.793723,35.0215825
서지현치과의원,치과의원,전남,360500,여수시,"전라남도 여수시 망마로 39, 준빌딩 4층 (학동)",127.6671693,34.759745
서피부과의원,의원,전남,360500,여수시,"전라남도 여수시 시청로 52, 1층 (학동)",127.6631117,34.7661041
서호면보건지소,보건지소,전남,360015,영암군,"전라남도 영암군 서호면 서호로 288, (서호보건지소)",126.5868702,34.7555886
석곡치과의원,치과의원,전남,360003,곡성군,"전라남도 곡성군 석곡면 석곡4길 2, 2",127.2538044,35.1319584
석성보건진료소,보건진료소,전남,360020,함평군,"전라남도 함평군 함평읍 돌머리길 468, 468",126.4612864,35.0820676
선경오한의원,한의원,전남,360500,여수시,"전라남도 여수시 대학로 15-1, (미평동)",127.7021788,34.7717135
선린의원,의원,전남,360700,광양시,"전라남도 광양시 광양읍 용강1길 12, 4층 401~404호 (창덕에버빌 2차상가)",127.6100039,34.9731093
선우치과의원,치과의원,전남,360700,광양시,"전라남도 광양시 공영로 70, (중동)",127.6966015,34.9356634
선월보건진료소,보건진료소,전남,360400,순천시,"전라남도 순천시 해룡면 선월길 43, (해룡면)",127.5594199,34.916438
선이고운치과의원,치과의원,전남,360400,순천시,"전라남도 순천시 연향중앙상가길 9, (연향동)",127.5195112,34.9529381
선재한의원,한의원,전남,360017,장성군,"전라남도 장성군 장성읍 영천로 125-4, (장성읍)",126.7807446,35.2970295
선치과의원,치과의원,전남,360500,여수시,"전라남도 여수시 진남로 2, (서교동)",127.7284165,34.7428915
선한한의원,한의원,전남,360400,순천시,"전라남도 순천시 강남로 39, (장천동)",127.4915928,34.9493121
설광치과의원,치과의원,전남,360010,보성군,"전라남도 보성군 벌교읍 채동선로 241-2, (벌교읍)",127.3443219,34.843643
설의원,의원,전남,360002,고흥군,"전라남도 고흥군 과역면 고흥로 2969, (과역면)",127.3613867,34.677983
설인택치과의원,치과의원,전남,360500,여수시,"전라남도 여수시 서교2길 2, (서교동)",127.7281283,34.7411807
섬등포 팔팔정형외과의원,의원,전남,360019,진도군,"전라남도 진도군 조도면 창유1길 25, 섬등포 팔팔정형외과의원",126.0478609,34.2976748
성가롤로병원,종합병원,전남,360400,순천시,"전라남도 순천시 순광로 221,  (조례동)",127.5437074,34.9647334
성경의원,의원,전남,360018,장흥군,"전라남도 장흥군 장흥읍 동교1길 33, (장흥읍)",126.9089428,34.6778895
성광치과의원,치과의원,전남,360015,영암군,"전라남도 영암군 영암읍 중앙로 56, (영암읍)",126.6989261,34.8008476
성내보건진료소,보건진료소,전남,360009,무안군,"전라남도 무안군 운남면 항장길 3, 3",126.3297896,34.9339866
성모마취통증의학과의원,의원,전남,360300,목포시,"전라남도 목포시 백년대로 327, (상동, 목포복음내과)",126.4230815,34.8054792
성모안과의원,의원,전남,360300,목포시,"전라남도 목포시 백년대로 295, (상동)",126.4199762,34.8039717
성모안과의원,의원,전남,360400,순천시,"전라남도 순천시 이수로 317, 1층 (조례동, 성모안과)",127.5183727,34.9541238
성모의원,의원,전남,360001,강진군,"전라남도 강진군 강진읍 영랑로 25, (강진읍)",126.7686432,34.6379353
성모정신건강의학과의원,의원,전남,360300,목포시,"전라남도 목포시 영산로 325, 1층 (용당동)",126.4010816,34.8060433
성모제동마취과의원,의원,전남,360022,화순군,"전라남도 화순군 화순읍 자치샘로 21-4, (화순읍)",126.9838631,35.062621
성모치과의원,치과의원,전남,360400,순천시,"전라남도 순천시 고지1길 4, 3층 (가곡동)",127.4845828,34.9800789
성바오로외과의원,의원,전남,360500,여수시,"전라남도 여수시 동문로 103-2, (공화동)",127.7425352,34.7460495
성심의원,의원,전남,360012,신안군,"전라남도 신안군 도초면 도초북길 24, (도초면)",125.9361253,34.7131749
성심의원,의원,전남,360014,영광군,"전라남도 영광군 법성면 굴비로2길 3, (법성면)",126.4462016,35.3609459
성심의원,의원,전남,360003,곡성군,"전라남도 곡성군 옥과면 리문5길 8, (옥과면)",127.1355928,35.2754734
성심의원,의원,전남,360017,장성군,"전라남도 장성군 북이면 백양로 5-1, (북이면)",126.8099998,35.4303049
성심의원,의원,전남,360019,진도군,"전라남도 진도군 진도읍 남문길 27, (진도읍)",126.2634296,34.480701
성심의원,의원,전남,360400,순천시,"전라남도 순천시 주암면 주암호길 6, (주암면)",127.2348875,35.07605
성심의원,의원,전남,360002,고흥군,"전라남도 고흥군 고흥읍 터미널길 31, (고흥읍)",127.2812084,34.6079881
성심의원,의원,전남,360018,장흥군,"전라남도 장흥군 장흥읍 중앙로1길 13, 13",126.9101372,34.6777923
성심치과의원,치과의원,전남,360200,나주시,"전라남도 나주시 나주로 179, 2층 (중앙동)",126.7202147,35.0333456
성심한의원,한의원,전남,360300,목포시,"전라남도 목포시 비파로43번길 31-1, 2층 (상동)",126.4239125,34.8009083
성전하나의원,의원,전남,360001,강진군,"전라남도 강진군 성전면 송계로 904, (성전면)",126.7089128,34.691284
세련신경과의원,의원,전남,360300,목포시,"전라남도 목포시 수문로 8, (대안동)",126.3852213,34.7916198
세브란스의원,의원,전남,360006,구례군,"전라남도 구례군 구례읍 북문길 4, (구례읍)",127.4650942,35.2110222
세움치과의원,치과의원,전남,360009,무안군,"전라남도 무안군 삼향읍 남악3로 80, 6층 (제일프라자)",126.4606958,34.8126468
세움한의원,한의원,전남,360500,여수시,"전라남도 여수시 여문1로 39, 고려한의원 (여서동)",127.7048265,34.7521786
세일신경외과의원,의원,전남,360500,여수시,"전라남도 여수시 여서1로 7, (여서동)",127.7002051,34.7494474
세종소아청소년과의원,의원,전남,360400,순천시,"전라남도 순천시 해룡면 조례못등길 121, 1, 2층",127.528864,34.9479048
세종의원,의원,전남,360019,진도군,"전라남도 진도군 의신면 돈지2길 7, 세종의원",126.2808688,34.4383349
세종의원,의원,전남,360400,순천시,"전라남도 순천시 해룡면 조례못등길 123, 123",127.5288861,34.9477833
세종한의원,한의원,전남,360300,목포시,"전라남도 목포시 통일대로75번길 37, (옥암동)",126.4302094,34.8032513
세지의원,의원,전남,360200,나주시,"전라남도 나주시 세지면 동창로 143, (세지면)",126.747688,34.9211612
세지한의원,한의원,전남,360200,나주시,"전라남도 나주시 세지면 세남로 3, (세지면)",126.7481448,34.9214301
세청리보건진료소,보건진료소,전남,360022,화순군,"전라남도 화순군 청풍면 선하동길 80, (세청리 보건지소)",126.9739477,34.8939734
세포보건진료소,보건진료소,전남,360500,여수시,"전라남도 여수시 화양면 장수로 19, (화양면)",127.6250124,34.6380287
세풍보건진료소,보건진료소,전남,360700,광양시,"전라남도 광양시 광양읍 부흥길 16, (광양읍)",127.5829217,34.9442634
세화이비인후과의원,의원,전남,360500,여수시,"전라남도 여수시 중앙로 61, (교동)",127.7343075,34.7403283
센트럴내과의원,의원,전남,360200,나주시,"전라남도 나주시 전력로 2, 304,305,306,307호 (빛가람동, 이화빌딩3층)",126.785331,35.0215717
센트럴치과의원,치과의원,전남,360500,여수시,"전라남도 여수시 시청로 23, 동양빌라 4층 (학동)",127.662496,34.763791
소금의원,의원,전남,360020,함평군,"전라남도 함평군 학교면 사거리길 11, (학교면)",126.5338693,35.0216501
소담치과의원,치과의원,전남,360700,광양시,"전라남도 광양시 광영로 69, 2층 (광영동)",127.7210965,34.9618007
소망내과의원,의원,전남,360010,보성군,"전라남도 보성군 보성읍 현충로 94, (보성읍)",127.0819569,34.7676126
소망의원,의원,전남,360012,신안군,"전라남도 신안군 흑산면 예리2길 28, (흑산면)",125.4458389,34.6858226
소망의원,의원,전남,360002,고흥군,"전라남도 고흥군 동강면 동강중촌길 22-14, (동강면)",127.3327978,34.7794769
소망치과의원,치과의원,전남,360400,순천시,"전라남도 순천시 이수로 296, 3층 (연향동)",127.5170133,34.9523771
소망한의원,한의원,전남,360009,무안군,"전라남도 무안군 무안읍 무안중앙로 17, 2층",126.4771572,34.9887555
소문난내과의원,의원,전남,360500,여수시,"전라남도 여수시 남산로 126, 성흔빌딩 4층 (서교동)",127.7280127,34.7400777
소치과의원,치과의원,전남,360006,구례군,"전라남도 구례군 구례읍 상설시장길 2, (구례읍)",127.4647135,35.2098212
속튼튼박내과의원,의원,전남,360500,여수시,"전라남도 여수시 좌수영로 25, 3층 (광무동)",127.727768,34.7427437
속편한 곽내과의원,의원,전남,360019,진도군,"전라남도 진도군 진도읍 남문길 5, 속편한 곽내과 6동 2층 201호",126.2635548,34.4786652
속플러스내과의원,의원,전남,360022,화순군,"전라남도 화순군 화순읍 진각로 125, (화순읍)",126.9860497,35.0624701
손불보건지소,보건지소,전남,360020,함평군,"전라남도 함평군 손불면 손불중앙길 45, (손불면)",126.4291735,35.1435117
손사랑연합의원,의원,전남,360400,순천시,"전라남도 순천시 백강로 375-11, 2층 (조례동)",127.5205119,34.9665235
손산부인과의원,의원,전남,360400,순천시,"전라남도 순천시 중앙4길 13, 3층 (장천동)",127.4858182,34.9506525
손죽보건진료소,보건진료소,전남,360500,여수시,"전라남도 여수시 삼산면 우데미길 12, 12",127.3606011,34.2853041
손치과의원,치과의원,전남,360500,여수시,"전라남도 여수시 신월로 629, 2층 (국동)",127.7140774,34.728524
손치과의원,치과의원,전남,360400,순천시,"전라남도 순천시 중앙로 125, (중앙동, 손치과의원)",127.4839845,34.9568057
손치과의원,치과의원,전남,360002,고흥군,"전라남도 고흥군 고흥읍 터미널길 33, 치과병원",127.2812154,34.6081897
솔치과의원,치과의원,전남,360009,무안군,"전라남도 무안군 청계면 청계중앙길 3-4, 3",126.4293635,34.9097835
솔튼병원,병원,전남,360300,목포시,"전라남도 목포시 고하대로 724-0, 솔튼병원",126.3757145,34.8103994
송광보건지소,보건지소,전남,360400,순천시,"전라남도 순천시 송광면 쌍향수길 1338, (송광면)",127.2638634,34.9741039
송광수마취통증의학과의원,의원,전남,360022,화순군,"전라남도 화순군 화순읍 칠충로 145, (화순읍)",126.9836836,35.0615546
송기보건진료소,보건진료소,전남,360400,순천시,"전라남도 순천시 별량면 송산송기길 140, (별량면)",127.4157608,34.8556067
송기창의원,의원,전남,360300,목포시,"전라남도 목포시 호남로64번길 25, (대안동)",126.3850229,34.7920905
송도보건진료소,보건진료소,전남,360500,여수시,"전라남도 여수시 돌산읍 송도길 51-19, (돌산읍)",127.7069128,34.6073379
송비뇨기과의원,의원,전남,360400,순천시,"전라남도 순천시 중앙로 90-1, (남내동)",127.4840965,34.9536613
송상진외과의원,의원,전남,360003,곡성군,"전라남도 곡성군 옥과면 대학로 190, (옥과면)",127.1399871,35.2765187
송외과의원,의원,전남,360008,담양군,"전라남도 담양군 담양읍 지침3길 9, (담양읍)",126.9845396,35.3158362
송월한의원,한의원,전남,360200,나주시,"전라남도 나주시 남고문로 36-20, one pc존 1층 (송월동)",126.7150076,35.0264956
송인한의원,한의원,전남,360400,순천시,"전라남도 순천시 중앙로 75, 1층 (저전동)",127.4836348,34.9524347
송주종치과의원,치과의원,전남,360017,장성군,"전라남도 장성군 장성읍 영천로 167-1, (장성읍)",126.7822358,35.3005354
송지면보건지소,보건지소,전남,360021,해남군,"전라남도 해남군 송지면 산정1길 11, (송지면)",126.5224323,34.372099
송지한의원,한의원,전남,360021,해남군,"전라남도 해남군 송지면 산정길 65, (송지면)",126.517902,34.3683171
송치과의원,치과의원,전남,360300,목포시,"전라남도 목포시 신흥로 10-1, 5층 (상동)",126.4223771,34.8014043
송한의원,한의원,전남,360002,고흥군,"전라남도 고흥군 고흥읍 터미널길 13, 빅 리치타워 302호",127.281097,34.6064799
송현보건진료소,보건진료소,전남,360009,무안군,"전라남도 무안군 망운면 서은길 2, 2",126.3595773,34.997834
송호보건진료소,보건진료소,전남,360021,해남군,"전라남도 해남군 송지면 땅끝해안로 1796-14, (송지면)",126.5164747,34.3167294
수 한의원,한의원,전남,360200,나주시,"전라남도 나주시 전력로 2, 6층 (빛가람동)",126.785331,35.0215717
수만리보건진료소,보건진료소,전남,360022,화순군,"전라남도 화순군 화순읍 물촌길 3-1, (화순읍)",127.0166622,35.0875682
수부부치과의원,치과의원,전남,360400,순천시,"전라남도 순천시 연향1로 55, 201호 (연향동)",127.5213181,34.9461564
수북한의원,한의원,전남,360008,담양군,"전라남도 담양군 수북면 한수동로 554, (수북면)",126.931554,35.3015661
수생당한의원,한의원,전남,360400,순천시,"전라남도 순천시 호남길 60, (영동)",127.4808925,34.9545332
수석치과의원,치과의원,전남,360700,광양시,"전라남도 광양시 중동로 91, 2층 (중동)",127.6986077,34.9413843
수성치과의원,치과의원,전남,360200,나주시,"전라남도 나주시 예향로 3811, (이창동)",126.7134022,34.9948835
수연의원,의원,전남,360300,목포시,"전라남도 목포시 송림로 73, 2층 (용해동)",126.4051514,34.8058393
수연합의원,의원,전남,360700,광양시,"전라남도 광양시 사동로 182, 2층 (마동)",127.6901248,34.9545248
수요양병원,요양병원,전남,360700,광양시,"전라남도 광양시 광양읍 덕산4길 35-4, (광양읍)",127.5622829,34.9685131
수이비인후과의원,의원,전남,360400,순천시,"전라남도 순천시 중앙로 67, 3층 (저전동)",127.4835143,34.9516326
수일침한의원,한의원,전남,360500,여수시,"전라남도 여수시 흥국로 13, 2층 (학동)",127.664184,34.7637275
수치과의원,치과의원,전남,360019,진도군,"전라남도 진도군 진도읍 남문길 13, 3층",126.2634294,34.4794003
수치과의원,치과의원,전남,360500,여수시,"전라남도 여수시 여서1로 87, (여서동)",127.70649,34.7542121
수한의원,한의원,전남,360017,장성군,"전라남도 장성군 장성읍 영천로 127, (장성읍)",126.7809161,35.2971298
수한의원,한의원,전남,360400,순천시,"전라남도 순천시 왕궁길 60, (조례동)",127.5322437,34.9562046
순정병원,병원,전남,360400,순천시,"전라남도 순천시 해룡면 지봉로 372-3, 순정병원",127.5339599,34.946966
순창한의원,한의원,전남,360008,담양군,"전라남도 담양군 담양읍 객사2길 7, (담양읍)",126.9824894,35.3226408
순천 킴치과의원,치과의원,전남,360400,순천시,"전라남도 순천시 백강로 367, 5층 (조례동)",127.5209197,34.9662856
순천365여성의원,의원,전남,360400,순천시,"전라남도 순천시 팔마로 212, 5층 (풍덕동)",127.5090508,34.9405169
순천365치과의원,치과의원,전남,360400,순천시,"전라남도 순천시 해룡면 순광로 234-9, 씨에스컨티넨탈 가동 3층",127.5452672,34.9635348
순천교도소부속의원,의원,전남,360400,순천시,"전라남도 순천시 서면 백강로 790, (서면)",127.4990961,34.9924715
순천기독의원,의원,전남,360400,순천시,"전라남도 순천시 매산길 11, (매곡동)",127.4823308,34.9576682
순천다인치과의원,치과의원,전남,360400,순천시,"전라남도 순천시 조례1길 3, 신협 2층 (조례동)",127.5220308,34.9606857
순천동강의원,의원,전남,360400,순천시,"전라남도 순천시 고지1길 4, 2층 (가곡동)",127.4845828,34.9800789
순천드림치과의원,치과의원,전남,360400,순천시,"전라남도 순천시 연향번영길 102, (연향동)",127.5183246,34.9511359
순천로뎀의원,의원,전남,360400,순천시,"전라남도 순천시 조례못등길 21, (조례동)",127.5270704,34.9537417
순천마디척의원,의원,전남,360400,순천시,"전라남도 순천시 이수로 317, 3층 (조례동)",127.5183727,34.9541238
순천미르치과의원,치과의원,전남,360400,순천시,"전라남도 순천시 연향번영길 118, 미르치과병원 (연향동)",127.5187525,34.9522945
순천백세한의원,한의원,전남,360400,순천시,"전라남도 순천시 신월큰길 41, 2층 (조례동, 순천마트)",127.5166622,34.9606006
순천사랑치과의원,치과의원,전남,360400,순천시,"전라남도 순천시 봉화2길 86, (조례동)",127.5182781,34.9601413
순천생협요양병원,요양병원,전남,360400,순천시,"전라남도 순천시 봉화로 62,  (조곡동)",127.4971222,34.9563869
순천성모의원,의원,전남,360400,순천시,"전라남도 순천시 성남뒷길 21, (인제동)",127.4908303,34.94547
순천센텀병원,병원,전남,360400,순천시,"전라남도 순천시 백연길 100,  (조례동)",127.5322769,34.9535047
순천센트럴의원,의원,전남,360400,순천시,"전라남도 순천시 백강로 367, 6층 (조례동)",127.5209197,34.9662856
순천수치과의원,치과의원,전남,360400,순천시,"전라남도 순천시 중앙로 353, 2층 (가곡동)",127.4824838,34.9771834
순천스마트치과의원,치과의원,전남,360400,순천시,"전라남도 순천시 신월큰길 7, 나동 6층 (조례동)",127.5203313,34.9604789
순천시보건소,보건소,전남,360400,순천시,"전라남도 순천시 중앙로 232, (석현동, 순천시문화건강센터)",127.4860401,34.9668065
순천신경외과의원,의원,전남,360400,순천시,"전라남도 순천시 중앙로 21, (저전동)",127.4863001,34.9482288
순천안과의원,의원,전남,360400,순천시,"전라남도 순천시 중앙로 54, 2,3층 (장천동)",127.4844767,34.9506923
순천에스병원,병원,전남,360400,순천시,"전라남도 순천시 용당삼산로 11-0,  (용당동)",127.4898463,34.9728684
순천에스치과의원,치과의원,전남,360400,순천시,"전라남도 순천시 조례2길 4, 5층 501호 (조례동)",127.5222815,34.9636199
순천우리병원,병원,전남,360400,순천시,"전라남도 순천시 이수로 291,  (조례동)",127.5160041,34.9526177
순천원치과의원,치과의원,전남,360400,순천시,"전라남도 순천시 왕지5길 15, 2층 (왕지동)",127.5240182,34.972217
순천은병원,정신병원,전남,360400,순천시,"전라남도 순천시 낙안면 읍성로 302, (낙안면)",127.3245705,34.9130565
순천정신건강의학과의원,의원,전남,360400,순천시,"전라남도 순천시 중앙로 119-1, (중앙동)",127.4839248,34.9563759
순천정원요양병원,요양병원,전남,360400,순천시,"전라남도 순천시 중앙초등길 10-0,  1동 (풍덕동)",127.4991467,34.945205
순천제일의원,의원,전남,360400,순천시,"전라남도 순천시 장평로 53, 2층 (인제동)",127.4938375,34.9445679
순천중앙병원,종합병원,전남,360400,순천시,"전라남도 순천시 장명로 5,  (장천동)",127.4844458,34.9514574
순천탑의원,의원,전남,360400,순천시,"전라남도 순천시 비봉2길 5, 2~3층 (조례동)",127.5214411,34.9719338
순천탑치과의원,치과의원,전남,360400,순천시,"전라남도 순천시 왕궁길 25, 4층 (조례동)",127.5322292,34.9544224
순천하나병원,병원,전남,360400,순천시,"전라남도 순천시 팔마로 215, (덕암동)",127.5098723,34.9405848
순천한의원,한의원,전남,360400,순천시,"전라남도 순천시 중앙로 122, (중앙동)",127.4843606,34.9564447
순천현대의원,의원,전남,360400,순천시,"전라남도 순천시 우석로 98, 2층 (남정동)",127.4887266,34.9374325
순천효자마취통증의학과의원,의원,전남,360400,순천시,"전라남도 순천시 순광로 14, 4층 (조례동)",127.522948,34.9545245
순천희망병원,병원,전남,360400,순천시,"전라남도 순천시 중앙로 4,  (장천동)",127.4879535,34.947317
숨이편한내과의원,의원,전남,360400,순천시,"전라남도 순천시 해룡면 매안로 143, 2층 1~2호",127.5500874,34.935519
스노우의원,의원,전남,360500,여수시,"전라남도 여수시 시청로 15, 3동 (학동)",127.6624931,34.7631666
스마일치과의원,치과의원,전남,360500,여수시,"전라남도 여수시 무선중앙로 67, 2층 (선원동)",127.6513197,34.7728003
스마일치과의원,치과의원,전남,360400,순천시,"전라남도 순천시 용당삼산로 18, 4층 402호 (용당동)",127.4901441,34.9734659
스마트 신경외과의원,의원,전남,360400,순천시,"전라남도 순천시 중앙로 314, 2~3층 (가곡동)",127.4828206,34.9735975
스마트유치과의원,치과의원,전남,360700,광양시,"전라남도 광양시 공영로 59, 4층 (중동)",127.6957653,34.9361204
스위트플로리스여성의원,의원,전남,360009,무안군,"전라남도 무안군 삼향읍 남악3로 56, 4층 402호",126.4606986,34.810509
스카이예스이비인후과의원,의원,전남,360400,순천시,"전라남도 순천시 조례1길 10-27, 2층 (조례동)",127.5219915,34.9596292
승주보건지소,보건지소,전남,360400,순천시,"전라남도 순천시 승주읍 승평길 15, 15",127.3732684,35.019316
시민한의원,한의원,전남,360700,광양시,"전라남도 광양시 광양읍 희양현로 71, (광양읍)",127.5905132,34.9749863
시엘미의원,의원,전남,360200,나주시,"전라남도 나주시 빛가람로 685, 601,602호 (빛가람동)",126.7866636,35.0215185
시엘행복한치과의원,치과의원,전남,360200,나주시,"전라남도 나주시 빛가람로 685, 6층 602,603호 (빛가람동)",126.7866636,35.0215185
시원한마디의원,의원,전남,360500,여수시,"전라남도 여수시 충무1길 14, 3층 (충무동)",127.7300987,34.7406516
시종김의원,의원,전남,360015,영암군,"전라남도 영암군 시종면 쌍구길 21-1, (시종면)",126.6074457,34.8680209
시종면보건지소,보건지소,전남,360015,영암군,"전라남도 영암군 시종면 내동중앙로 41, (시종보건지소)",126.6070278,34.8685963
시종원광한의원,한의원,전남,360015,영암군,"전라남도 영암군 시종면 쌍구길 6, (시종면)",126.6089358,34.8687716
시종현대치과의원,치과의원,전남,360015,영암군,"전라남도 영암군 시종면 쌍구길 6, (시종면)",126.6089358,34.8687716
시카고치과의원,치과의원,전남,360400,순천시,"전라남도 순천시 팔마로 43, 1층 (풍덕동)",127.4931781,34.9466145
시티가정의학과의원,의원,전남,360200,나주시,"전라남도 나주시 남평읍 남평1로 23, (남평읍)",126.8401642,35.0470301
시티치과의원,치과의원,전남,360700,광양시,"전라남도 광양시 공영로 72, 2층 (중동)",127.696928,34.9356987
신광보건지소,보건지소,전남,360020,함평군,"전라남도 함평군 신광면 신광중앙길 84, 84",126.4969744,35.1545194
신내과의원,의원,전남,360400,순천시,"전라남도 순천시 팔마로 14-1, (장천동)",127.4899525,34.9464513
신노화의원,의원,전남,360016,완도군,"전라남도 완도군 노화읍 노화로 847-1, (노화읍)",126.572414,34.1769588
신대상쾌한이비인후과의원,의원,전남,360400,순천시,"전라남도 순천시 해룡면 향매로 67, (해룡면)",127.5461981,34.9344733
신대생생한의원,한의원,전남,360400,순천시,"전라남도 순천시 해룡면 신대3길 2, 4층",127.5494077,34.9342953
신대성모안과의원,의원,전남,360400,순천시,"전라남도 순천시 해룡면 향매로 67, 4층",127.5461981,34.9344733
신대온누리병원,병원,전남,360400,순천시,"전라남도 순천시 해룡면 향매로 97-0,  2,6~7층",127.5500227,34.9335929
신대치과의원,치과의원,전남,360400,순천시,"전라남도 순천시 해룡면 신대로 117, 117",127.5487249,34.9342098
신대피부과의원,의원,전남,360400,순천시,"전라남도 순천시 해룡면 향매로 67, 5층",127.5461981,34.9344733
신방보건진료소,보건진료소,전남,360021,해남군,"전라남도 해남군 현산면 백방산길 142, (신방보건진료소)",126.5385696,34.4379642
신북면보건지소,보건지소,전남,360015,영암군,"전라남도 영암군 신북면 간은정로 57-13, 57",126.6958355,34.8899663
신북의원,의원,전남,360015,영암군,"전라남도 영암군 신북면 예향로 2540, ()",126.6900821,34.8878127
신북중앙한의원,한의원,전남,360015,영암군,"전라남도 영암군 신북면 예향로 2538, ()",126.6900801,34.8875425
신성리보건진료소,보건진료소,전남,360022,화순군,"전라남도 화순군 도곡면 이문동길 25, (신성리보건진료소)",126.8995849,35.009602
신세계마취통증의학과의원,의원,전남,360500,여수시,"전라남도 여수시 여서로 164, (여서동)",127.6999167,34.747921
신세계신경외과의원,의원,전남,360015,영암군,"전라남도 영암군 영암읍 남문로 62-1, (영암읍)",126.7020785,34.7961043
신세계연합의원,의원,전남,360700,광양시,"전라남도 광양시 광장로 70, 2동 2층 201호 (중동, 성호2차아파트상가)",127.6906807,34.9332431
신세계의원,의원,전남,360014,영광군,"전라남도 영광군 영광읍 신남로 178, 5층 (신하빌딩)",126.5014363,35.275885
신세계치과의원,치과의원,전남,360300,목포시,"전라남도 목포시 수문로 8, 3층 (대안동)",126.3852213,34.7916198
신세계치과의원,치과의원,전남,360500,여수시,"전라남도 여수시 박람회길 38, 2층 (덕충동)",127.7437948,34.7526966
신세계치과의원,치과의원,전남,360018,장흥군,"전라남도 장흥군 관산읍 관산로 96-1, (관산읍)",126.9383215,34.5638051
신안군 임자면 재원도보건진료소,보건진료소,전남,360012,신안군,"전라남도 신안군 임자면 재원길 23-10, (임자면)",126.028462,35.0865725
신안군 흑산면 만재도보건진료소,보건진료소,전남,360012,신안군,"전라남도 신안군 흑산면 만재도길 88-1, (흑산면)",125.4689293,34.2082783
신안군공립요양병원,요양병원,전남,360012,신안군,"전라남도 신안군 압해읍 구항길 92-50, (압해읍)",126.3137863,34.8532293
신안군보건소,보건소,전남,360012,신안군,"전라남도 신안군 압해읍 천사로 1004, (압해읍)",126.351124,34.833626
신안의원,의원,전남,360012,신안군,"전라남도 신안군 지도읍 해제지도로 1310-1, (지도읍)",126.2045988,35.0593248
신안인한의원,한의원,전남,360012,신안군,"전라남도 신안군 비금면 서남문로 774, (비금면)",125.9301187,34.7538374
신양수내과의원,의원,전남,360002,고흥군,"전라남도 고흥군 고흥읍 여산당촌길 7, 상가 2층",127.2822474,34.607435
신언수내과의원,의원,전남,360400,순천시,"전라남도 순천시 연향중앙상가길 29, (연향동)",127.5201407,34.9510509
신우치과병원,치과병원,전남,360009,무안군,"전라남도 무안군 삼향읍 남악3로 50, (삼향읍)",126.4606714,34.8099707
신우치과의원,치과의원,전남,360008,담양군,"전라남도 담양군 담양읍 천변7길 25, 1동 1-2층",126.9830761,35.3153873
신월보건진료소,보건진료소,전남,360400,순천시,"전라남도 순천시 월등면 월등로 360, (월등면)",127.363175,35.0875487
신율리보건진료소,보건진료소,전남,360022,화순군,"전라남도 화순군 동복면 신율길 15, (동복 보건진료소)",127.1321016,35.0929593
신의면보건지소,보건지소,전남,360012,신안군,"전라남도 신안군 신의면 신의로 661, 661",126.088421,34.5848539
신전보건진료소,보건진료소,전남,360400,순천시,"전라남도 순천시 낙안면 금산신전길 17, (낙안면)",127.353227,34.9473796
신정보건진료소,보건진료소,전남,360021,해남군,"전라남도 해남군 송지면 독고개길 3, (신정보건진료소)",126.5329951,34.4143047
신치과의원,치과의원,전남,360019,진도군,"전라남도 진도군 진도읍 남문길 5, (진도읍)",126.2635548,34.4786652
신치과의원,치과의원,전남,360010,보성군,"전라남도 보성군 벌교읍 채동선로 228-2, (벌교읍)",127.3446599,34.8424081
신태호이비인후과의원,의원,전남,360500,여수시,"전라남도 여수시 통제영2길 8-1, (교동)",127.7330602,34.7408732
신통은혜의원,의원,전남,360500,여수시,"전라남도 여수시 새터로 64, 2,3층 (신기동)",127.6743099,34.7615251
신통의원,의원,전남,360300,목포시,"전라남도 목포시 청호로 98, 1~2층 (산정동)",126.379388,34.801328
신포보건진료소,보건진료소,전남,360015,영암군,"전라남도 영암군 미암면 잿등로 13-5, (미암면)",126.5429724,34.6991521
신학보건진료소,보건진료소,전남,360015,영암군,"전라남도 영암군 시종면 신학1로 9, (시종면)",126.5939149,34.8313663
신화식내과의원,의원,전남,360014,영광군,"전라남도 영광군 영광읍 신남로 225, (영광읍)",126.5066397,35.2758662
실로암한의원,한의원,전남,360008,담양군,"전라남도 담양군 담양읍 천변7길 25, 제1동 1층",126.9830761,35.3153873
심미치과의원,치과의원,전남,360300,목포시,"전라남도 목포시 백년대로 325, (상동)",126.422867,34.8053468
심병수신경외과의원,의원,전남,360500,여수시,"전라남도 여수시 문수로 84, (문수동)",127.7043983,34.754113
심재영의원,의원,전남,360014,영광군,"전라남도 영광군 홍농읍 홍농로 463, (홍농읍)",126.4467196,35.3957299
심재환치과의원,치과의원,전남,360500,여수시,"전라남도 여수시 동문로 9, 3,4층 (중앙동)",127.7362906,34.7408976
심정형외과의원,의원,전남,360300,목포시,"전라남도 목포시 호남로 69-1, 1,2,3층 (호남동)",126.3864375,34.7942417
심정형외과의원,의원,전남,360008,담양군,"전라남도 담양군 담양읍 지침6길 20, (담양읍)",126.9853351,35.3151844
쌍지보건진료소,보건진료소,전남,360400,순천시,"전라남도 순천시 상사면 쌍지길 6, (보건소)",127.4137012,34.932278
씨에스나무병원,병원,전남,360500,여수시,"전라남도 여수시 도원로 164-1,  (안산동)",127.6493055,34.7606281
아나파적맥통증의원,의원,전남,360400,순천시,"전라남도 순천시 이수로 315, (조례동)",127.5181705,34.9538071
아나파한방병원,한방병원,전남,360400,순천시,"전라남도 순천시 순광로 11-0, 아나파한방병원",127.5223493,34.9550121
아라이비인후과의원,의원,전남,360500,여수시,"전라남도 여수시 시청로 19, 우리빌딩 3층 (학동)",127.6625926,34.7634262
아랫장치과의원,치과의원,전남,360400,순천시,"전라남도 순천시 강남로 3, 2층 (풍덕동, 흥농종묘사)",127.4937394,34.9467046
아루카 치과의원,치과의원,전남,360008,담양군,"전라남도 담양군 담양읍 추성로 1315, 2층",126.9818827,35.3201791
아름79치과의원,치과의원,전남,360500,여수시,"전라남도 여수시 문수로 106, 2층 (문수동)",127.7061848,34.7548259
아름다운요양병원,요양병원,전남,360300,목포시,"전라남도 목포시 백년대로 267, 267",126.4174723,34.8027839
아름다운치과의원,치과의원,전남,360500,여수시,"전라남도 여수시 소호로 659, 3층 (안산동, 부영상가)",127.6556821,34.760777
아름다운피부과의원,의원,전남,360400,순천시,"전라남도 순천시 이수로 317, 4층 (조례동)",127.5183727,34.9541238
아름다운한의원,한의원,전남,360010,보성군,"전라남도 보성군 벌교읍 채동선로 220, (벌교읍)",127.3440195,34.8421885
아름신경외과의원,의원,전남,360300,목포시,"전라남도 목포시 용해지구로 11, 3층 (용해동)",126.3981273,34.8169719
아산사회복지재단 보성아산병원,병원,전남,360010,보성군,"전라남도 보성군 미력면 가평길 36-17, (미력면)",127.1045625,34.7758583
아이누리한의원,한의원,전남,360400,순천시,"전라남도 순천시 해룡면 매안로 145, 2층 202호",127.5498379,34.9355829
아이비치과의원,치과의원,전남,360400,순천시,"전라남도 순천시 순광로 14, (조례동)",127.522948,34.9545245
아이빛나어린이치과의원,치과의원,전남,360700,광양시,"전라남도 광양시 사동로 149, 201호 (마동)",127.6875675,34.9529978
아이안과의원,의원,전남,360200,나주시,"전라남도 나주시 예향로 3819, (이창동)",126.713957,34.9952222
아이안과의원,의원,전남,360200,나주시,"전라남도 나주시 영산로 5426, 4층 (성북동, 부림판넬)",126.7220212,35.0355449
아이앤맘한의원,한의원,전남,360400,순천시,"전라남도 순천시 신월큰길 32, (조례동)",127.5183971,34.960818
아이쿱구례의원,의원,전남,360006,구례군,"전라남도 구례군 용방면 용산로 107-59, (용방면)",127.412862,35.2728288
아이쿱구례한의원,한의원,전남,360006,구례군,"전라남도 구례군 용방면 용산로 107-59, 1층",127.412862,35.2728288
아이튼튼연합소아청소년과의원,의원,전남,360400,순천시,"전라남도 순천시 해룡면 신대로 116, 2층",127.5492268,34.9338059
아이틴주니어치과의원,치과의원,전남,360400,순천시,"전라남도 순천시 해룡면 신대로 118, 4층 402호",127.5493236,34.9340763
안도보건진료소,보건진료소,전남,360500,여수시,"전라남도 여수시 남면 안도해변길 49-7, 49",127.8054667,34.4870278
안명웅성형외과의원,의원,전남,360400,순천시,"전라남도 순천시 이수로 317, (조례동)",127.5183727,34.9541238
안병현이비인후과의원,의원,전남,360022,화순군,"전라남도 화순군 화순읍 중앙로 95, 3층",126.991919,35.060644
안석호치과의원,치과의원,전남,360017,장성군,"전라남도 장성군 장성읍 영천로 151, (장성읍)",126.7813561,35.2991893
안재수내과의원,의원,전남,360500,여수시,"전라남도 여수시 여서1로 73, (여서동)",127.7051752,34.7534434
안좌면반월도보건진료소,보건진료소,전남,360012,신안군,"전라남도 신안군 안좌면 반월도길 211, (안좌면)",126.1037719,34.7001866
안좌면보건지소,보건지소,전남,360012,신안군,"전라남도 신안군 안좌면 김환기길 3-2, (안좌면)",126.1251961,34.7538492
안좌면자라도보건진료소,보건진료소,전남,360012,신안군,"전라남도 신안군 안좌면 자라도길 16, (안좌면)",126.1692543,34.6899587
알리바바한의원,한의원,전남,360400,순천시,"전라남도 순천시 해룡면 향매로 67, (해룡면)",127.5461981,34.9344733
알파치과의원,치과의원,전남,360500,여수시,"전라남도 여수시 동문로 62, (관문동)",127.7409751,34.7423751
암태면당사도보건진료소,보건진료소,전남,360012,신안군,"전라남도 신안군 암태면 당사도길 156-30, (암태면)",126.177356,34.8855573
암태면보건지소,보건지소,전남,360012,신안군,"전라남도 신안군 암태면 승봉로 38, (암태면)",126.1101245,34.8261941
암태면추포도보건진료소,보건진료소,전남,360012,신안군,"전라남도 신안군 암태면 승봉로 491, (암태면)",126.0659197,34.8128154
압구정앤의원,의원,전남,360300,목포시,"전라남도 목포시 섶나루길 126, 4층 (상동)",126.4191739,34.8109786
압해면가란도보건진료소,보건진료소,전남,360012,신안군,"전라남도 신안군 압해읍 가란길 168, 168",126.3658984,34.8740197
압해면고이도보건진료소,보건진료소,전남,360012,신안군,"전라남도 신안군 압해읍 고이길 34, (압해읍)",126.2869225,34.9599245
압해면매화도보건진료소,보건진료소,전남,360012,신안군,"전라남도 신안군 압해읍 대동길 6-1, 매화도보건진료소",126.2407569,34.9188745
압해면보건지소,보건지소,전남,360012,신안군,"전라남도 신안군 압해읍 압해로 882, (압해읍)",126.3125068,34.8655523
압해연합의원,의원,전남,360012,신안군,"전라남도 신안군 압해읍 압해로 871-3, (압해읍)",126.3136595,34.8646009
압해치과의원,치과의원,전남,360012,신안군,"전라남도 신안군 압해읍 압해로 866, (압해읍)",126.314293,34.864902
압해한의원,한의원,전남,360012,신안군,"전라남도 신안군 압해읍 압해로 861, (압해읍)",126.3145088,34.8645009
앵남리보건진료소,보건진료소,전남,360022,화순군,"전라남도 화순군 화순읍 앵무동길 7, (앵남리보건지소)",126.9092993,35.0535597
약손한의원,한의원,전남,360021,해남군,"전라남도 해남군 황산면 시등로 85-1, (황산면)",126.4348343,34.5761013
약손한의원,한의원,전남,360006,구례군,"전라남도 구례군 구례읍 로터리길 11, (구례읍)",127.4658537,35.2091275
약수한방병원,한방병원,전남,360300,목포시,"전라남도 목포시 옥암로 190-0,  (석현동)",126.4219582,34.8152367
양내과의원,의원,전남,360009,무안군,"전라남도 무안군 무안읍 면성1길 113, 2층",126.4740983,34.9879067
양정보건진료소,보건진료소,전남,360020,함평군,"전라남도 함평군 월야면 갈동길 25, 25",126.6304145,35.1638673
양지의원,의원,전남,360012,신안군,"전라남도 신안군 지도읍 해제지도로 1250, (지도읍)",126.2099971,35.0594705
양지의원,의원,전남,360016,완도군,"전라남도 완도군 완도읍 개포로114번길 37-10, 37",126.7457142,34.3186013
양지의원,의원,전남,360400,순천시,"전라남도 순천시 팔마로 205, 10층 (덕암동)",127.5093028,34.9414039
어불보건진료소,보건진료소,전남,360021,해남군,"전라남도 해남군 송지면 어불길 40-15, (어불보건진료소)",126.4726437,34.3391386
어왕보건진료소,보건진료소,전남,360400,순천시,"전라남도 순천시 주암면 한동길 100, (어왕보건진료소)",127.2283761,35.0954596
어치보건진료소,보건진료소,전남,360700,광양시,"전라남도 광양시 진상면 백학로 531, (진상면)",127.6862317,35.0579699
엄다보건지소,보건지소,전남,360020,함평군,"전라남도 함평군 엄다면 엄다길 55, (엄다면)",126.516158,35.0100865
엄옥철치과의원,치과의원,전남,360300,목포시,"전라남도 목포시 산정로 159, (산정동)",126.3922967,34.8026776
에덴산부인과의원,의원,전남,360300,목포시,"전라남도 목포시 청호로 143, 2~3층 (산정동)",126.3754975,34.8042051
에벤에셀치과의원,치과의원,전남,360400,순천시,"전라남도 순천시 순광로 6, 4층 (조례동)",127.5219357,34.9542948
에이스 비뇨기과의원,의원,전남,360300,목포시,"전라남도 목포시 백년대로 304, (상동, 5,6층 일부)",126.4210695,34.8037227
에이스의원,의원,전남,360500,여수시,"전라남도 여수시 시청로 23, 2층 (학동, 동양빌라)",127.662496,34.763791
에코이비인후과의원,의원,전남,360200,나주시,"전라남도 나주시 빛가람로 676, 4층 405,406호 (빛가람동, 씨티원빌딩)",126.7855406,35.0208051
엑스포제일의원,의원,전남,360500,여수시,"전라남도 여수시 동문로 116, 2층 (공화동)",127.7437117,34.7465638
엔에이치미래아동병원,병원,전남,360200,나주시,"전라남도 나주시 중야2길 29-0,  (빛가람동)",126.7846261,35.0171338
여도연합의원,의원,전남,360500,여수시,"전라남도 여수시 좌수영로 676, (봉계동)",127.6944057,34.7837099
여도치과의원,치과의원,전남,360500,여수시,"전라남도 여수시 좌수영로 678, 2층 (봉계동)",127.6942416,34.7837342
여서정신건강의학과의원,의원,전남,360500,여수시,"전라남도 여수시 문수로 16-1, (문수동)",127.6996055,34.7498616
여수가온병원,병원,전남,360500,여수시,"전라남도 여수시 좌수영로 251-0,  (오림동)",127.7175283,34.757108
여수강남요양병원,요양병원,전남,360500,여수시,"전라남도 여수시 진남로 15, (충무동)",127.7300257,34.7430532
여수드림내과의원,의원,전남,360500,여수시,"전라남도 여수시 동문로 60, (관문동)",127.7409158,34.7421923
여수마디정형외과의원,의원,전남,360500,여수시,"전라남도 여수시 여서로 156-1, 3층 (여서동)",127.6989867,34.7479758
여수맑은정신건강의학과의원,의원,전남,360500,여수시,"전라남도 여수시 망마로 39, 4층 (학동)",127.6671693,34.759745
여수메카미의원,의원,전남,360500,여수시,"전라남도 여수시 신월로 807, (서교동)",127.7268015,34.740228
여수백병원,병원,전남,360500,여수시,"전라남도 여수시 여서1로 50,  (여서동)",127.7033674,34.7520043
여수비뇨의학과의원,의원,전남,360500,여수시,"전라남도 여수시 좌수영로 1, 3층 (서교동)",127.7274785,34.7407408
여수사랑의원,의원,전남,360500,여수시,"전라남도 여수시 신월로 553, (신월동)",127.7078779,34.723934
여수산부인과의원,의원,전남,360500,여수시,"전라남도 여수시 신월로 805, (서교동)",127.7265971,34.740064
여수삼성의원,의원,전남,360500,여수시,"전라남도 여수시 여서1로 80, 2층 (여서동)",127.7062087,34.7535456
여수센텀정형외과의원,의원,전남,360500,여수시,"전라남도 여수시 시청로 15, 4층 (학동)",127.6624931,34.7631666
여수속편한내과의원,의원,전남,360500,여수시,"전라남도 여수시 여서로 164-1, 4층 (여서동)",127.7000508,34.7480041
여수시립요양병원,요양병원,전남,360500,여수시,"전라남도 여수시 둔덕5길 29,  (둔덕동)",127.699075,34.76455
여수시보건소,보건소,전남,360500,여수시,"전라남도 여수시 시청서4길 47, (학동)",127.6604011,34.7593214
여수신세계안과의원,의원,전남,360500,여수시,"전라남도 여수시 여서1로 7, (여서동)",127.7002051,34.7494474
여수연합안과의원,의원,전남,360500,여수시,"전라남도 여수시 중앙로 31, 1,2,5층 (충무동)",127.7310974,34.7405399
여수연합의원,의원,전남,360500,여수시,"전라남도 여수시 여서로 160, (여서동)",127.6992243,34.7477627
여수연합치과의원,치과의원,전남,360500,여수시,"전라남도 여수시 충무1길 12, 2층 (충무동)",127.7303862,34.7407227
여수연합한의원,한의원,전남,360500,여수시,"전라남도 여수시 시청로 34, 201호 (학동)",127.6633397,34.764728
여수일등한의원,한의원,전남,360500,여수시,"전라남도 여수시 버드나무길 1-1, (서교동)",127.7275201,34.7401558
여수잘보는한의원,한의원,전남,360500,여수시,"전라남도 여수시 진남로 18, 1,2층 (충무동)",127.7298604,34.7426159
여수전남병원,종합병원,전남,360500,여수시,"전라남도 여수시 좌수영로 49,  (광무동)",127.728018,34.7450673
여수정형외과의원,의원,전남,360500,여수시,"전라남도 여수시 신월로 756, (봉산동)",127.7225681,34.7372001
여수제일의원,의원,전남,360500,여수시,"전라남도 여수시 신월로 655, A동 201,202,203-1호 (국동, 서희스타힐스상가)",127.7159916,34.7308082
여수중앙병원,병원,전남,360500,여수시,"전라남도 여수시 둔덕2길 6-3,  (미평동)",127.7022537,34.7673587
여수즐거운치과의원,치과의원,전남,360500,여수시,"전라남도 여수시 망마로 49, (신기동)",127.6681905,34.7593083
여수플러스연합의원,의원,전남,360500,여수시,"전라남도 여수시 좌수영로 1, 2층 (서교동)",127.7274785,34.7407408
여수한국병원,병원,전남,360500,여수시,"전라남도 여수시 여천체육공원길 10,  (신기동)",127.6749639,34.7612841
여수한방한의원,한의원,전남,360500,여수시,"전라남도 여수시 봉산남8길 14, 2층 (봉산동)",127.7229789,34.731295
여수항장외과의원,의원,전남,360500,여수시,"전라남도 여수시 여서로 173, 2층, 4층 (여서동)",127.7006514,34.7488484
여자보건진료소,보건진료소,전남,360500,여수시,"전라남도 여수시 화정면 마파지길 17, 17",127.501184,34.7547169
여천가정의학과의원,의원,전남,360500,여수시,"전라남도 여수시 소호로 649, (안산동)",127.655477,34.7601521
여천연합안과의원,의원,전남,360500,여수시,"전라남도 여수시 시청로 19, 4층 (학동)",127.6625782,34.7634401
여천전남병원,종합병원,전남,360500,여수시,"전라남도 여수시 무선로 95,  (선원동)",127.6543239,34.7691121
여천플러스가정의원,의원,전남,360500,여수시,"전라남도 여수시 흥국로 13, (학동)",127.664184,34.7637275
여천한방병원,한방병원,전남,360500,여수시,"전라남도 여수시 성산1길 8-7,  0동 (화장동)",127.6483674,34.7754866
여천한의원,한의원,전남,360500,여수시,"전라남도 여수시 쌍봉로 31, (학동)",127.6594411,34.7667424
역전한의원,한의원,전남,360400,순천시,"전라남도 순천시 풍덕주택길 11, 은하슈퍼, 황복식당, 장수식당 (조곡동)",127.5025078,34.9447131
연곡보건진료소,보건진료소,전남,360021,해남군,"전라남도 해남군 화산면 연곡길 58, (연곡보건진료소)",126.4990317,34.5186692
연구보건진료소,보건진료소,전남,360021,해남군,"전라남도 해남군 마산면 연구길 160, (마산면)",126.5504234,34.6358547
연도보건지소,보건지소,전남,360500,여수시,"전라남도 여수시 남면 연도북부길 14, (남면)",127.8016323,34.4330332
연동보건진료소,보건진료소,전남,360019,진도군,"전라남도 진도군 임회면 진도대로 5179-11, (임회면)",126.1654134,34.3822244
연산제일의원,의원,전남,360300,목포시,"전라남도 목포시 원산중앙로 96, 2층 (연산동)",126.3812968,34.8119173
연세가지런e치과의원,치과의원,전남,360009,무안군,"전라남도 무안군 삼향읍 남악3로 55, 2층 201,202호 (펠리시티3차)",126.4597749,34.8103374
연세광혜병원,병원,전남,360400,순천시,"전라남도 순천시 중앙로 166, (매곡동)",127.4847229,34.960412
연세마취통증의학과의원,의원,전남,360021,해남군,"전라남도 해남군 해남읍 해남로 7, (해남읍)",126.6079262,34.5711159
연세마취통증의학과의원,의원,전남,360400,순천시,"전라남도 순천시 팔마로 22, 2층 (장천동)",127.4906501,34.9463371
연세마취통증의학과의원,의원,전남,360018,장흥군,"전라남도 장흥군 장흥읍 동교1길 8, (장흥읍)",126.906624,34.6763928
연세메디컬 의원,의원,전남,360009,무안군,"전라남도 무안군 삼향읍 남악3로 56, 5,6층",126.4606986,34.810509
연세소아청소년과의원,의원,전남,360500,여수시,"전라남도 여수시 선원4길 3, 3층 (선원동, 대양빌딩)",127.6523282,34.7612262
연세수안과의원,의원,전남,360500,여수시,"전라남도 여수시 좌수영로 1, 4층 (서교동)",127.7274785,34.7407408
연세신경외과의원,의원,전남,360300,목포시,"전라남도 목포시 옥암로 101, (상동)",126.4258022,34.8080187
연세애플소아청소년과의원,의원,전남,360200,나주시,"전라남도 나주시 빛가람로 677, (빛가람동)",126.7858398,35.0215108
연세연합의원,의원,전남,360300,목포시,"전라남도 목포시 부흥로 113-1, 2층 (옥암동)",126.4329666,34.8052012
연세위드정형외과의원,의원,전남,360016,완도군,"전라남도 완도군 완도읍 개포로145번길 16, 1층",126.7438751,34.3205535
연세유비뇨의학과의원,의원,전남,360200,나주시,"전라남도 나주시 빛가람로 747, 빛가람메디칼빌딩 303호 (빛가람동)",126.793723,35.0215825
연세유치과의원,치과의원,전남,360300,목포시,"전라남도 목포시 백년대로 270, 2층 (상동)",126.4177856,34.8022284
연세의원,의원,전남,360003,곡성군,"전라남도 곡성군 곡성읍 읍내5길 2, (곡성읍)",127.2921306,35.280004
연세의원,의원,전남,360008,담양군,"전라남도 담양군 대전면 대치4길 2, (대전면)",126.8871875,35.276725
연세의원,의원,전남,360001,강진군,"전라남도 강진군 강진읍 영랑로4길 10, (강진읍)",126.7692057,34.6388935
연세의원,의원,전남,360002,고흥군,"전라남도 고흥군 도양읍 녹동남문길 4-9, (도양읍)",127.1347397,34.5278595
연세의원,의원,전남,360700,광양시,"전라남도 광양시 백운로 1638-11, 1층 (금호동)",127.7256798,34.93243
연세의원,의원,전남,360010,보성군,"전라남도 보성군 조성면 조성로 103, (조성면)",127.2460174,34.8076417
연세이동훈피부과의원,의원,전남,360400,순천시,"전라남도 순천시 이수로 321, 2층 (조례동)",127.5190029,34.9540717
연세치과의원,치과의원,전남,360500,여수시,"전라남도 여수시 소호로 479, (소호동)",127.653057,34.7453247
연세치과의원,치과의원,전남,360400,순천시,"전라남도 순천시 연향중앙상가길 80, 2층 (연향동, 현대1차아파트)",127.5190515,34.9457669
연세탑치과의원,치과의원,전남,360014,영광군,"전라남도 영광군 영광읍 신남로 180, 3층",126.501912,35.2758936
연세플랜치과의원,치과의원,전남,360400,순천시,"전라남도 순천시 봉화3길 14-32, 5층 (조례동)",127.5210976,34.9642511
연세해피라인 의원,의원,전남,360200,나주시,"전라남도 나주시 전력로 2, 이화프라자 4층 (빛가람동)",126.785331,35.0215717
연수치과의원,치과의원,전남,360300,목포시,"전라남도 목포시 청호로 147, 2층 (산정동)",126.375137,34.8045094
연합의원,의원,전남,360009,무안군,"전라남도 무안군 청계면 청계중앙길 8-7, (청계면)",126.4287212,34.9106578
연합의원,의원,전남,360015,영암군,"전라남도 영암군 시종면 내동중앙로 21-1, (시종면)",126.6079692,34.8668913
연합의원,의원,전남,360019,진도군,"전라남도 진도군 임회면 십일시길 34, 1동 1층",126.1916468,34.4093242
연합의원,의원,전남,360700,광양시,"전라남도 광양시 광양읍 읍성길 158, (광양읍)",127.5876748,34.9756681
연합의원,의원,전남,360010,보성군,"전라남도 보성군 득량면 예당길 170, (득량면)",127.2000513,34.7794092
연합치과의원,치과의원,전남,360022,화순군,"전라남도 화순군 화순읍 자치샘로 21-4, (화순읍)",126.9838631,35.062621
연합홍문외과의원,의원,전남,360400,순천시,"전라남도 순천시 신월큰길 1-4, 4층,8층 (조례동)",127.5207942,34.9604262
연향가정의학과의원,의원,전남,360400,순천시,"전라남도 순천시 안산길 10, (연향동, 세종빌딩)",127.5272331,34.9400781
열린가정의원,의원,전남,360200,나주시,"전라남도 나주시 나주로 83-15, (송월동)",126.7152918,35.0259274
열린내과의원,의원,전남,360021,해남군,"전라남도 해남군 해남읍 남부순환로 152, 2층",126.5953133,34.5657008
열린의원,의원,전남,360300,목포시,"전라남도 목포시 영산로 84, 2,3층 (상락동2가)",126.3856039,34.7899142
열린의원,의원,전남,360017,장성군,"전라남도 장성군 장성읍 영천로 134-3, 134",126.7815758,35.2974728
열린의원,의원,전남,360500,여수시,"전라남도 여수시 화양면 나진길 8, 2층",127.614375,34.7082013
열린의원,의원,전남,360400,순천시,"전라남도 순천시 비봉2길 7, (조례동)",127.5212247,34.971883
열린치과의원,치과의원,전남,360200,나주시,"전라남도 나주시 나주로 205, (성북동)",126.7214522,35.0348487
열린치과의원,치과의원,전남,360009,무안군,"전라남도 무안군 무안읍 무안중앙로 1, 1층",126.478432,34.9882133
열린치과의원,치과의원,전남,360700,광양시,"전라남도 광양시 광영로 70, 2층 (광영동)",127.7213697,34.9621742
염규선치과의원,치과의원,전남,360700,광양시,"전라남도 광양시 중마중앙로 120, 2층 (중동)",127.6984528,34.9410457
염산보건지소,보건지소,전남,360014,영광군,"전라남도 영광군 염산면 칠산로 74, 74",126.3716348,35.2175307
염산야월보건진료소,보건진료소,전남,360014,영광군,"전라남도 영광군 염산면 칠산로 552-4, 552",126.3261005,35.2268472
염산정든한의원,한의원,전남,360014,영광군,"전라남도 영광군 염산면 천년로 15-2, (염산면)",126.3735148,35.217615
염산제일의원,의원,전남,360014,영광군,"전라남도 영광군 염산면 천년로 19-6, 19",126.3741457,35.21802
염영신치과의원,치과의원,전남,360200,나주시,"전라남도 나주시 남평읍 남평2로 40, (남평읍)",126.842849,35.0458599
영광고운의원,의원,전남,360014,영광군,"전라남도 영광군 영광읍 신남로 180, 3층",126.501912,35.2758936
영광군공립요양병원,요양병원,전남,360014,영광군,"전라남도 영광군 영광읍 와룡로 3-1, (영광읍)",126.5000068,35.284863
영광군보건소,보건소,전남,360014,영광군,"전라남도 영광군 영광읍 신남로4길 17, (영광읍)",126.5040776,35.2745629
영광마취통증의학과의원,의원,전남,360014,영광군,"전라남도 영광군 영광읍 신남로 195, 2층",126.5034213,35.2761714
영광미래의원,의원,전남,360014,영광군,"전라남도 영광군 영광읍 신남로 186-29, (영광읍)",126.5023825,35.2753605
영광비뇨기과의원,의원,전남,360014,영광군,"전라남도 영광군 영광읍 신남로 168, 3층",126.5004308,35.275721
영광안과의원,의원,전남,360014,영광군,"전라남도 영광군 영광읍 신남로 168, 3층",126.5004308,35.275721
영광종합병원,종합병원,전남,360014,영광군,"전라남도 영광군 영광읍 와룡로 3, (영광읍)",126.4989779,35.2844615
영광치과의원,치과의원,전남,360014,영광군,"전라남도 영광군 영광읍 신남로 168, 2층",126.5004308,35.275721
영광터미널한의원,한의원,전남,360014,영광군,"전라남도 영광군 영광읍 신남로 180, 103호",126.501912,35.2758936
영광한의원,한의원,전남,360014,영광군,"전라남도 영광군 영광읍 옥당로 134, (영광읍)",126.5021607,35.274216
영광효한의원,한의원,전남,360014,영광군,"전라남도 영광군 영광읍 백산길 7-1, (영광읍)",126.5026123,35.2766736
영남보건지소,보건지소,전남,360002,고흥군,"전라남도 고흥군 영남면 해맞이로 10, 영남보건지소",127.45595,34.602015
영등보건진료소,보건진료소,전남,360010,보성군,"전라남도 보성군 벌교읍 남하로 490-3, (벌교읍)",127.3785693,34.8073494
영산부부한의원,한의원,전남,360200,나주시,"전라남도 나주시 이창1길 11-1, (이창동)",126.7129483,34.9954261
영산한의원,한의원,전남,360200,나주시,"전라남도 나주시 이창1길 10, (이창동)",126.7131741,34.9957152
영신한의원,한의원,전남,360300,목포시,"전라남도 목포시 수문로 10, 1층 (대안동)",126.3849852,34.7917217
영암군보건소,보건소,전남,360015,영암군,"전라남도 영암군 영암읍 오리정길 39, 39",126.7038125,34.7947083
영암내과의원,의원,전남,360015,영암군,"전라남도 영암군 영암읍 동문안1길 7-8, (영암읍)",126.6986368,34.8002009
영암연합치과의원,치과의원,전남,360015,영암군,"전라남도 영암군 영암읍 중앙로 34, (영암읍)",126.6975923,34.7991478
영암한국병원,병원,전남,360015,영암군,"전라남도 영암군 영암읍 오리정길 8, (영암읍)",126.7011016,34.7942935
영암효요양병원,요양병원,전남,360015,영암군,"전라남도 영암군 덕진면 예향로 1764, 효병원",126.6974744,34.8218671
영춘의원,의원,전남,360002,고흥군,"전라남도 고흥군 고흥읍 고흥로 1730-13, (고흥읍)",127.283823,34.6070211
영흥보건진료소,보건진료소,전남,360020,함평군,"전라남도 함평군 엄다면 영흥길 78-19, 78",126.5273072,34.9885991
예가람 한의원,한의원,전남,360200,나주시,"전라남도 나주시 그린로 195, 2층 202호 (빛가람동)",126.7877681,35.0097265
예닮의원,의원,전남,360022,화순군,"전라남도 화순군 화순읍 광덕로 185, 동인빌딩 1동 3층",126.992102,35.0613692
예닮치과병원,치과병원,전남,360300,목포시,"전라남도 목포시 비파로 91, (상동)",126.4241875,34.8061583
예담치과의원,치과의원,전남,360500,여수시,"전라남도 여수시 쌍봉로 36, (학동)",127.6598879,34.7662712
예당한의원,한의원,전남,360010,보성군,"전라남도 보성군 득량면 예당역전길 12, (득량면)",127.2016326,34.7791521
예성의원,의원,전남,360018,장흥군,"전라남도 장흥군 장흥읍 칠거리예양로 68, (예성의원)",126.9025112,34.6778482
예스정형외과의원,의원,전남,360500,여수시,"전라남도 여수시 흥국로 98, (신기동)",127.6729001,34.7612855
예울병원,병원,전남,360500,여수시,"전라남도 여수시 신월로 114, (웅천동)",127.6804198,34.7479571
예울치과의원,치과의원,전남,360500,여수시,"전라남도 여수시 신월로 96, (웅천동)",127.6789354,34.7491033
예은가정의학과의원,의원,전남,360017,장성군,"전라남도 장성군 장성읍 영천로 175-2, (장성읍)",126.782889,35.3010631
예인치과의원,치과의원,전남,360500,여수시,"전라남도 여수시 망마로 51, (신기동)",127.668425,34.7592083
예치과의원,치과의원,전남,360500,여수시,"전라남도 여수시 신월로 712, (봉산동)",127.7198561,34.7339095
오라클피부과의원,의원,전남,360009,무안군,"전라남도 무안군 삼향읍 남악3로 50, (삼향읍)",126.4606714,34.8099707
오렌지의원,의원,전남,360300,목포시,"전라남도 목포시 양을로 145-1, 1,2층 (산정동)",126.3864198,34.8096965
오룡서울아이치과의원,치과의원,전남,360009,무안군,"전라남도 무안군 일로읍 오룡번영3로 40, 위드유타워 2층 205,206,207호",126.4835312,34.8035562
오병원,병원,전남,360400,순천시,"전라남도 순천시 충효로 150,  (연향동)",127.5166666,34.9520687
오복치과의원,치과의원,전남,360001,강진군,"전라남도 강진군 강진읍 영랑로 26, 2층",126.7689307,34.6380769
오비뇨기과의원,의원,전남,360300,목포시,"전라남도 목포시 영산로 97, 2층 (명륜동)",126.3856871,34.7912529
오사보건진료소,보건진료소,전남,360700,광양시,"전라남도 광양시 진월면 진월추동길 66, (진월면)",127.7703366,35.0107701
오성재치과의원,치과의원,전남,360021,해남군,"전라남도 해남군 해남읍 남부순환로 3, (해남읍)",126.6073583,34.5704877
오신경외과의원,의원,전남,360002,고흥군,"전라남도 고흥군 고흥읍 서문여산길 76, 2층",127.2815739,34.6072057
오이비인후과의원,의원,전남,360021,해남군,"전라남도 해남군 해남읍 해남로 7, (해남읍)",126.6079262,34.5711159
오종헌치과의원,치과의원,전남,360002,고흥군,"전라남도 고흥군 도양읍 비봉로 147-1, (도양읍)",127.1358582,34.5277247
오창근의원,의원,전남,360001,강진군,"전라남도 강진군 강진읍 보은로1길 29-1, (강진읍)",126.7689807,34.6386685
오천 권내과의원,의원,전남,360400,순천시,"전라남도 순천시 오천7길 28, 2층 (오천동)",127.4942549,34.9351372
오천치과의원,치과의원,전남,360400,순천시,"전라남도 순천시 오천6길 24, 3층 303호 (오천동)",127.4945265,34.9332702
오천하나로치과의원,치과의원,전남,360400,순천시,"전라남도 순천시 남산로 46, 순천원예농업협동조합 2층 3호 (남정동)",127.4927044,34.9390381
오치과의원,치과의원,전남,360400,순천시,"전라남도 순천시 장평로 55, 순천원예농협 인제지점 2층 (인제동)",127.4939239,34.9447069
오케이내과의원,의원,전남,360001,강진군,"전라남도 강진군 강진읍 평동2길 30, 지스퀘어플러스 1층",126.7680499,34.6380201
오케이송치과의원,치과의원,전남,360500,여수시,"전라남도 여수시 소라면 죽림중앙로 13-36, 대성빌딩 2층",127.6338822,34.7621722
오케이연합의원,의원,전남,360500,여수시,"전라남도 여수시 무선중앙로 23, 1,2층 (화장동)",127.6480201,34.7750695
오필승정형외과의원,의원,전남,360400,순천시,"전라남도 순천시 이수로 325, 조례큰약국 3층 (조례동)",127.519246,34.9541384
오한의원,한의원,전남,360500,여수시,"전라남도 여수시 여서로 168, (여서동)",127.7001907,34.7482378
옥곡보건지소,보건지소,전남,360700,광양시,"전라남도 광양시 옥곡면 옥진로 658, (옥곡면)",127.6991513,34.9891137
옥과박치과의원,치과의원,전남,360003,곡성군,"전라남도 곡성군 옥과면 대학로 160, 160",127.1367738,35.2766609
옥과치과의원,치과의원,전남,360003,곡성군,"전라남도 곡성군 옥과면 대학로 155, 155",127.1364484,35.2767919
옥과한의원,한의원,전남,360003,곡성군,"전라남도 곡성군 옥과면 리문6길 2, (옥과면)",127.135848,35.2760779
옥과현대의원,의원,전남,360003,곡성군,"전라남도 곡성군 옥과면 리문5길 7, (옥과면)",127.135888,35.2755996
옥룡보건지소,보건지소,전남,360700,광양시,"전라남도 광양시 옥룡면 신재로 615, 615",127.6179747,35.016077
옥암치과의원,치과의원,전남,360300,목포시,"전라남도 목포시 남악2로 54, A동 303호 (옥암동, 남악프라자 A동 303호~304호)",126.4551747,34.8099286
옥암힐요양병원,요양병원,전남,360300,목포시,"전라남도 목포시 남악1로52번길 11-4,  (옥암동)",126.4465723,34.8107736
옥주한의원,한의원,전남,360500,여수시,"전라남도 여수시 소라면 죽림로 19, 2층",127.6395598,34.7625954
옥천면보건지소,보건지소,전남,360021,해남군,"전라남도 해남군 옥천면 해강로 24, 24",126.6497482,34.5669072
옥플란트치과의원,치과의원,전남,360400,순천시,"전라남도 순천시 해룡면 신대로 116, 5층",127.5492268,34.9338059
온내과의원,의원,전남,360400,순천시,"전라남도 순천시 신월큰길 7, 3층 (조례동)",127.520347,34.960469
온누리내과의원,의원,전남,360200,나주시,"전라남도 나주시 이창1길 11-1, (이창동)",126.7129483,34.9954261
온누리의원,의원,전남,360500,여수시,"전라남도 여수시 율촌면 당머리길 10, 10",127.5793736,34.8830115
온누리치과의원,치과의원,전남,360700,광양시,"전라남도 광양시 공영로 60, (중동)",127.695661,34.9357055
온담한의원,한의원,전남,360500,여수시,"전라남도 여수시 여서1로 51, 3,4층 (여서동)",127.7033801,34.7524766
온마음한의원,한의원,전남,360015,영암군,"전라남도 영암군 삼호읍 대불주거로 146, 1층 101호",126.458344,34.7519484
올바른마디의원,의원,전남,360700,광양시,"전라남도 광양시 공영로 59, 3층, 5층 (중동)",127.6957653,34.9361204
올바른의원,의원,전남,360010,보성군,"전라남도 보성군 벌교읍 홍암로 8, 1층",127.3458629,34.8425986
와룡보건진료소,보건진료소,전남,360021,해남군,"전라남도 해남군 북평면 와룡길 51, (와룡보건진료소)",126.6482317,34.4299787
완도군고금면덕동보건진료소,보건진료소,전남,360016,완도군,"전라남도 완도군 고금면 덕동길 32-1, 고금면덕동보건진료소",126.8651101,34.3919785
완도군고금면보건지소,보건지소,전남,360016,완도군,"전라남도 완도군 고금면 농상도남길 23, (고금면)",126.8046974,34.3954569
완도군군외면고마도보건진료소,보건진료소,전남,360016,완도군,"전라남도 완도군 군외면 고마도길 53, 53",126.7148832,34.4139665
완도군군외면보건지소,보건지소,전남,360016,완도군,"전라남도 완도군 군외면 원동1길 58, 군외보건지소",126.6491035,34.3896427
완도군군외면사후보건진료소,보건진료소,전남,360016,완도군,"전라남도 완도군 군외면 사후도길 46, 사후보건지소",126.7399957,34.3975252
완도군금당면보건지소,보건지소,전남,360016,완도군,"전라남도 완도군 금당면 금당로 50, (금당면)",127.0708684,34.4297743
완도군금당면삼산보건진료소,보건진료소,전남,360016,완도군,"전라남도 완도군 금당면 삼산길 102-1, 삼산보건진료소",127.0490907,34.4370271
완도군금일읍보건지소,보건지소,전남,360016,완도군,"전라남도 완도군 금일읍 금일로 365-1, 365",127.0270507,34.3497274
완도군금일읍사동보건진료소,보건진료소,전남,360016,완도군,"전라남도 완도군 금일읍 죽동2길 25, 사동보건진료소",127.0720464,34.3360302
완도군금일읍소랑보건진료소,보건진료소,전남,360016,완도군,"전라남도 완도군 금일읍 금일로 1207, 1207",127.0846641,34.3301107
완도군금일읍충도보건진료소,보건진료소,전남,360016,완도군,"전라남도 완도군 금일읍 금일충도길 24, (금일읍)",127.0756303,34.3788262
완도군노화읍 넙도보건지소,보건지소,전남,360016,완도군,"전라남도 완도군 노화읍 넙도길 278, (노화읍)",126.5048044,34.1871109
완도군노화읍동부보건진료소,보건진료소,전남,360016,완도군,"전라남도 완도군 노화읍 송원길 10, 노화읍동부보건진료소",126.601726,34.2048914
완도군노화읍보건지소,보건지소,전남,360016,완도군,"전라남도 완도군 노화읍 노화로 813, 노화보건지소",126.5757598,34.1778706
완도군노화읍서넙도보건진료소,보건진료소,전남,360016,완도군,"전라남도 완도군 노화읍 서넙도길 62-1, 서넙도 보건진료소",126.4839905,34.1855099
완도군보건의료원,보건의료원,전남,360016,완도군,"전라남도 완도군 완도읍 농공단지길 34, (완도읍)",126.7313047,34.3363675
완도군보길면보건지소,보건지소,전남,360016,완도군,"전라남도 완도군 보길면 청별길 26-2, 보길면 복지회관 1층",126.5680356,34.1692623
완도군보길면정자보건진료소,보건진료소,전남,360016,완도군,"전라남도 완도군 보길면 보길로 527, (보길면)",126.5275579,34.1708002
완도군보길면중리보건진료소,보건진료소,전남,360016,완도군,"전라남도 완도군 보길면 중리길 1-1, 중리보건진료소",126.5902714,34.1645506
완도군생일면덕우보건진료소,보건진료소,전남,360016,완도군,"전라남도 완도군 생일면 덕우도길 18-7, 생일면덕우보건진료소",127.0154929,34.2498138
완도군생일면보건지소,보건지소,전남,360016,완도군,"전라남도 완도군 생일면 생일로 590-32, 590",126.9980423,34.3333915
완도군소안면보건지소,보건지소,전남,360016,완도군,"전라남도 완도군 소안면 소안로 213-1, 소안면보건지소",126.6530908,34.1714568
완도군소안면진산보건진료소,보건진료소,전남,360016,완도군,"전라남도 완도군 소안면 소안남로 25, 진산보건소",126.6479224,34.1344775
완도군소안면횡간보건진료소,보건진료소,전남,360016,완도군,"전라남도 완도군 소안면 횡간도길 22, (소안면)",126.6115168,34.236704
완도군신지면동고보건진료소,보건진료소,전남,360016,완도군,"전라남도 완도군 신지면 신지로 1275, (신지면)",126.8805335,34.3307448
완도군신지면보건지소,보건지소,전남,360016,완도군,"전라남도 완도군 신지면 신지로 567-1, (신지면)",126.8290005,34.3343891
완도군약산면보건지소,보건지소,전남,360016,완도군,"전라남도 완도군 약산면 구성길 3-3, 약산보건지소",126.9023866,34.3944832
완도군약산면해동보건진료소,보건진료소,전남,360016,완도군,"전라남도 완도군 약산면 해동길 7, 보건진료소",126.9285922,34.385541
완도군청산면모도보건진료소,보건진료소,전남,360016,완도군,"전라남도 완도군 청산면 대모도길 373-13, (청산면)",126.769263,34.19796
완도군청산면보건지소,보건지소,전남,360016,완도군,"전라남도 완도군 청산면 청산로 40, 청산보건지소",126.8577875,34.1800122
완도군청산면여서보건진료소,보건진료소,전남,360016,완도군,"전라남도 완도군 청산면 여서도길 29-4, (청산면)",126.9219161,33.9856661
완도대성병원,병원,전남,360016,완도군,"전라남도 완도군 완도읍 청해진동로 63, (완도읍)",126.735575,34.3171667
완도밝은안과의원,의원,전남,360016,완도군,"전라남도 완도군 완도읍 개포로130번길 15, (완도읍)",126.7445269,34.3188619
완도소안의원,의원,전남,360016,완도군,"전라남도 완도군 소안면 소안로 177, (소안면)",126.649575,34.1733096
완도의원,의원,전남,360016,완도군,"전라남도 완도군 완도읍 장보고대로 170, 2층",126.7456287,34.3198468
완도이비인후과의원,의원,전남,360016,완도군,"전라남도 완도군 완도읍 개포로 151, (완도읍)",126.7445755,34.3195071
완도이안치과의원,치과의원,전남,360016,완도군,"전라남도 완도군 완도읍 개포로130번길 17, 2층",126.7446544,34.3188908
완도치과의원,치과의원,전남,360016,완도군,"전라남도 완도군 완도읍 장보고대로 170, 2층",126.7456287,34.3198468
완도탑치과의원,치과의원,전남,360016,완도군,"전라남도 완도군 완도읍 장보고대로 198-1, (완도읍)",126.7477083,34.3175355
외서보건지소,보건지소,전남,360400,순천시,"전라남도 순천시 외서면 쌍향수길 440, (보건지소)",127.2774,34.913782
용강리보건진료소,보건진료소,전남,360022,화순군,"전라남도 화순군 도암면 중장터길 32-12, (용강 보건진료소)",126.8735017,34.9076464
용당우리의원,의원,전남,360400,순천시,"전라남도 순천시 삼산로 102, 2층 (용당동)",127.4944788,34.9731935
용당퍼스트치과의원,치과의원,전남,360400,순천시,"전라남도 순천시 삼산로 94, 3층 301호 (용당동)",127.4934985,34.9727627
용두보건진료소,보건진료소,전남,360020,함평군,"전라남도 함평군 나산면 회화정길 17, 17",126.6265891,35.1391893
용방보건지소,보건지소,전남,360006,구례군,"전라남도 구례군 용방면 하용길 5, (용방면)",127.4301625,35.25065
용산보건진료소,보건진료소,전남,360015,영암군,"전라남도 영암군 덕진면 용산용동길 91-24, (덕진용산보건진료소)",126.6559899,34.8327913
용소보건진료소,보건진료소,전남,360015,영암군,"전라남도 영암군 학산면 천해길 5-1, (학산면)",126.6114496,34.7142551
용전보건진료소,보건진료소,전남,360010,보성군,"전라남도 보성군 조성면 대전길 28, 28",127.2388857,34.7910586
용정보건진료소,보건진료소,전남,360010,보성군,"전라남도 보성군 미력면 살내1길 26-12, (미력면)",127.1062843,34.8071778
용한의원,한의원,전남,360200,나주시,"전라남도 나주시 나주로 200, 2층 (중앙동, 다솔빌딩)",126.7207897,35.0333312
용해가정의학과의원,의원,전남,360300,목포시,"전라남도 목포시 용당로 297-4, 2층 (용해동)",126.3995385,34.8135394
용해미래소아청소년과의원,의원,전남,360300,목포시,"전라남도 목포시 용해지구로 12, 2층 (용해동)",126.398106,34.8174244
우두보건지소,보건지소,전남,360500,여수시,"전라남도 여수시 돌산읍 강남로 31, 31",127.7482084,34.7182512
우리가정의학과의원,의원,전남,360300,목포시,"전라남도 목포시 청호로 206, 2층 207,208호 (산정동, 신안비치팔레스상가)",126.3710974,34.8084821
우리가족치과의원,치과의원,전남,360300,목포시,"전라남도 목포시 석현로 2, 5층 502호 (석현동)",126.4215529,34.8154816
우리고운피부과의원,의원,전남,360300,목포시,"전라남도 목포시 영산로 246, (산정동, 경훈빌딩)",126.3933044,34.8026086
우리금정의원,의원,전남,360015,영암군,"전라남도 영암군 금정면 용두로 17, (금정면)",126.7483589,34.8630713
우리들내과의원,의원,전남,360003,곡성군,"전라남도 곡성군 석곡면 석곡로 53, (석곡면)",127.2534341,35.1318436
우리들내과의원,의원,전남,360001,강진군,"전라남도 강진군 강진읍 중앙로 95, (강진읍)",126.7674789,34.6386852
우리들연합의원,의원,전남,360700,광양시,"전라남도 광양시 진등길 19, 2층 (중동)",127.6902347,34.9502636
우리들의원,의원,전남,360200,나주시,"전라남도 나주시 다시면 대용길 31, (다시면)",126.6384481,35.017726
우리들의원,의원,전남,360015,영암군,"전라남도 영암군 삼호읍 대불주거로 34, 2층",126.467733,34.7453722
우리들한방병원,한방병원,전남,360400,순천시,"전라남도 순천시 장명로 17,  2~6층 (장천동)",127.485832,34.9512815
우리들한의원,한의원,전남,360700,광양시,"전라남도 광양시 중마중앙로 56, (중동)",127.6984361,34.9350833
우리산부인과의원,의원,전남,360200,나주시,"전라남도 나주시 나주로 191, (중앙동)",126.721351,35.0338497
우리신경외과의원,의원,전남,360700,광양시,"전라남도 광양시 광양읍 칠성로 56, 4,5층",127.5845468,34.9787324
우리연합의원,의원,전남,360020,함평군,"전라남도 함평군 함평읍 중앙길 70, 2층",126.5226548,35.0630844
우리연합의원,의원,전남,360500,여수시,"전라남도 여수시 동문로 40, (고소동)",127.7395063,34.7408755
우리의원,의원,전남,360200,나주시,"전라남도 나주시 남평읍 남평2로 20-1, 1층 (남평한의원)",126.8431065,35.0441333
우리의원,의원,전남,360002,고흥군,"전라남도 고흥군 도양읍 비봉로 147, 소매점",127.1358208,34.5278571
우리이비인후과의원,의원,전남,360300,목포시,"전라남도 목포시 산대로2번길 2, 2,5층 (산정동)",126.3921793,34.8023999
우리이비인후과의원,의원,전남,360014,영광군,"전라남도 영광군 영광읍 옥당로 150, (영광읍)",126.5016555,35.2754621
우리이비인후과의원,의원,전남,360021,해남군,"전라남도 해남군 해남읍 남부순환로 159, 청치과의원 2층",126.5943034,34.5654404
우리정형외과의원,의원,전남,360200,나주시,"전라남도 나주시 예향로 3819, (이창동)",126.713957,34.9952222
우리집한의원,한의원,전남,360300,목포시,"전라남도 목포시 영산로329번길 11, 1층 (용당동)",126.401166,34.8068822
우리치과의원,치과의원,전남,360300,목포시,"전라남도 목포시 연산백련로 4-6, 2층 (연산동)",126.3933172,34.8177805
우리치과의원,치과의원,전남,360012,신안군,"전라남도 신안군 지도읍 봉리길 13, (지도읍)",126.2108664,35.0604351
우리치과의원,치과의원,전남,360003,곡성군,"전라남도 곡성군 옥과면 리문5길 1, 1",127.1355759,35.2760415
우리치과의원,치과의원,전남,360021,해남군,"전라남도 해남군 문내면 동영길 9, (16(2층))",126.3136645,34.5963191
우리치과의원,치과의원,전남,360400,순천시,"전라남도 순천시 왕궁길 5, 3층 (조례동)",127.5324577,34.9540573
우리치과의원,치과의원,전남,360700,광양시,"전라남도 광양시 광양읍 인서1길 72, 3층",127.5888032,34.9705276
우리치과의원,치과의원,전남,360022,화순군,"전라남도 화순군 화순읍 광덕로 183, (화순읍)",126.9921764,35.0611189
우리한방병원,한방병원,전남,360500,여수시,"전라남도 여수시 동문로 75-0,  (관문동)",127.7407502,34.7436335
우리한의원,한의원,전남,360008,담양군,"전라남도 담양군 담양읍 중앙로 25, (담양읍)",126.9833809,35.3154022
우리한의원,한의원,전남,360009,무안군,"전라남도 무안군 망운면 운해로 1413, (망운면)",126.392468,35.0126688
우리한의원,한의원,전남,360500,여수시,"전라남도 여수시 충무로 39, (교동)",127.7312506,34.7399399
우리한의원,한의원,전남,360400,순천시,"전라남도 순천시 중앙로 164, 1.2층 (매곡동)",127.4846424,34.9601922
우리한의원,한의원,전남,360010,보성군,"전라남도 보성군 벌교읍 홍암로 3-1, (벌교읍)",127.3453483,34.84279
우림신경외과의원,의원,전남,360300,목포시,"전라남도 목포시 영산로 333, (용당동)",126.4018964,34.8061468
우수영한국의원,의원,전남,360021,해남군,"전라남도 해남군 문내면 동영길 20, (문내면)",126.3132064,34.5970867
운남보건지소,보건지소,전남,360009,무안군,"전라남도 무안군 운남면 운해로 607, 607",126.343238,34.9622151
운남소망의원,의원,전남,360009,무안군,"전라남도 무안군 운남면 신월로 8, (운남면)",126.338654,34.960043
운남의원,의원,전남,360009,무안군,"전라남도 무안군 운남면 운해로 580, 1층",126.3406461,34.9607209
운룡보건진료소,보건진료소,전남,360400,순천시,"전라남도 순천시 주암면 운룡2길 25, (주암면)",127.2014554,35.092393
웅천한의원,한의원,전남,360500,여수시,"전라남도 여수시 여서로 58, 3층 (웅천동, 여수웅천 마린파크 애시앙 2단지)",127.6897517,34.7465761
웅치보건지소,보건지소,전남,360010,보성군,"전라남도 보성군 웅치면 일림로 978, 978",127.0190427,34.7139332
원광선침한의원,한의원,전남,360014,영광군,"전라남도 영광군 영광읍 신남로 178, 신하빌딩 1층 102호",126.5014363,35.275885
원광한의원,한의원,전남,360300,목포시,"전라남도 목포시 해안로259번길 48-3, (상락동2가)",126.3863755,34.7901684
원광한의원,한의원,전남,360020,함평군,"전라남도 함평군 함평읍 내바람길 29, (함평읍)",126.5203774,35.0629884
원광한의원,한의원,전남,360200,나주시,"전라남도 나주시 나주로 137-2, (금성동)",126.7168717,35.0310147
원광한의원,한의원,전남,360003,곡성군,"전라남도 곡성군 곡성읍 중앙로 101-1, (곡성읍)",127.2938275,35.2807917
원광한의원,한의원,전남,360022,화순군,"전라남도 화순군 화순읍 광덕로 180, 201호 (부영3차상가)",126.9934628,35.061176
원광한의원,한의원,전남,360001,강진군,"전라남도 강진군 강진읍 영랑로 35, 강진버스여객터미널",126.7678958,34.638509
원광한의원,한의원,전남,360009,무안군,"전라남도 무안군 무안읍 무안중앙로 23, 1층",126.4764869,34.9889696
원광한의원,한의원,전남,360021,해남군,"전라남도 해남군 해남읍 해남로 4, (해남읍)",126.6074947,34.5706863
원광한의원,한의원,전남,360500,여수시,"전라남도 여수시 새터로 78-1, 1층 (신기동)",127.6750254,34.7627734
원광한의원,한의원,전남,360006,구례군,"전라남도 구례군 구례읍 북문길 10, (구례읍)",127.4656332,35.2111212
원광한의원,한의원,전남,360002,고흥군,"전라남도 고흥군 고흥읍 여산당촌길 3, 3",127.2827334,34.6074287
원광한의원,한의원,전남,360010,보성군,"전라남도 보성군 벌교읍 채동선로 226, (벌교읍)",127.3445145,34.8423282
원광한의원,한의원,전남,360018,장흥군,"전라남도 장흥군 장흥읍 흥성로 73, 73",126.9103685,34.6774397
원광한의원,한의원,전남,360015,영암군,"전라남도 영암군 영암읍 중앙로 65-1, (영암읍)",126.6989928,34.8018819
원치과의원,치과의원,전남,360022,화순군,"전라남도 화순군 화순읍 광덕로 177, (숙인빌딩)",126.9921815,35.0606496
원치과의원,치과의원,전남,360500,여수시,"전라남도 여수시 좌수영로 3, 2층 (서교동)",127.7275372,34.7408642
월길보건진료소,보건진료소,전남,360700,광양시,"전라남도 광양시 진월면 섬진강매화로 826, (진월면)",127.7569694,35.0362262
월등보건지소,보건지소,전남,360400,순천시,"전라남도 순천시 월등면 월등로 571, (월등면)",127.3805375,35.0934154
월수금한의원,한의원,전남,360400,순천시,"전라남도 순천시 행중길 17, 1층 (행동)",127.4837826,34.9562844
월악보건진료소,보건진료소,전남,360015,영암군,"전라남도 영암군 시종면 금지로 69, (시종면)",126.6251842,34.9055872
월야백세한의원,한의원,전남,360020,함평군,"전라남도 함평군 월야면 밀재로 1512, 2층",126.62721,35.1795373
월야보건지소,보건지소,전남,360020,함평군,"전라남도 함평군 월야면 밀재로 1489, (월야면)",126.6245846,35.1797452
월야치과의원,치과의원,전남,360020,함평군,"전라남도 함평군 월야면 밀재로 1516, 2층",126.6278058,35.1794528
월천보건진료소,보건진료소,전남,360020,함평군,"전라남도 함평군 손불면 손무로 1050, (손불면)",126.4086696,35.1552641
월출기찬내과의원,의원,전남,360015,영암군,"전라남도 영암군 영암읍 동문로 8, 영암버스터미널 105,106호",126.7027441,34.7967603
월호보건진료소,보건진료소,전남,360500,여수시,"전라남도 여수시 화정면 월호골길 13, 13",127.7217744,34.5767471
웰빙의원,의원,전남,360300,목포시,"전라남도 목포시 남악1로52번가길 3, (옥암동)",126.4480847,34.8104925
웰빙의원,의원,전남,360400,순천시,"전라남도 순천시 이수로 325, 2층 (조례동)",127.519246,34.9541384
웰의원,의원,전남,360400,순천시,"전라남도 순천시 왕지로 39, 3층 (왕지동)",127.5264377,34.9700114
웰치과교정과치과의원,치과의원,전남,360300,목포시,"전라남도 목포시 백년대로 294, 3층 (상동)",126.4202515,34.803444
위드유 이비인후과의원,의원,전남,360009,무안군,"전라남도 무안군 일로읍 오룡번영3로 40, 위드유타워 2층 202호203호204호",126.4835312,34.8035562
위앤장서내과의원,의원,전남,360400,순천시,"전라남도 순천시 대석길 31, 2,3,4층 (연향동)",127.5255097,34.9460207
위윤철정형외과의원,의원,전남,360300,목포시,"전라남도 목포시 청호로 135, (산정동)",126.3761835,34.8036091
위치과의원,치과의원,전남,360002,고흥군,"전라남도 고흥군 과역면 고흥로 2981-2, (과역면)",127.3610969,34.6791641
위형중내과의원,의원,전남,360021,해남군,"전라남도 해남군 해남읍 중앙2로 91, (해남읍)",126.5969353,34.56812
윌치과의원,치과의원,전남,360400,순천시,"전라남도 순천시 신월큰길 34, (조례동)",127.5177846,34.9608874
유기섭내과의원,의원,전남,360010,보성군,"전라남도 보성군 벌교읍 채동선로 225, (벌교읍)",127.3445661,34.8426375
유내과의원,의원,전남,360300,목포시,"전라남도 목포시 상리로1번길 13-1, (상동)",126.4148603,34.8124417
유달성형외과의원,의원,전남,360300,목포시,"전라남도 목포시 백년대로 325, 2층 (상동)",126.422867,34.8053468
유달연합의원,의원,전남,360300,목포시,"전라남도 목포시 영산로 247-1, 2층 (용당동)",126.393316,34.8033241
유디순천치과의원,치과의원,전남,360400,순천시,"전라남도 순천시 팔마로 212, (풍덕동)",127.5090508,34.9405169
유디여수치과의원,치과의원,전남,360500,여수시,"전라남도 여수시 신월로 806, 2~3층 (서교동)",127.7269499,34.739816
유디치과의원,치과의원,전남,360700,광양시,"전라남도 광양시 광장로 123, B동 2층 206~212호 (중동, 광양시티프라자)",127.694356,34.9350531
유디치과의원,치과의원,전남,360300,목포시,"전라남도 목포시 백년대로 261, 1~3층 (상동)",126.4166223,34.8023233
유민기한마음치과의원,치과의원,전남,360300,목포시,"전라남도 목포시 백년대로 298, 센트럴메디파크 3층 (상동)",126.4206704,34.8035707
유상훈치과의원,치과의원,전남,360500,여수시,"전라남도 여수시 중앙로 3-2, (서교동)",127.7283353,34.7407462
유송보건진료소,보건진료소,전남,360500,여수시,"전라남도 여수시 남면 솔고지길 71-11, 71",127.728258,34.5480278
유앤아이의원,의원,전남,360009,무안군,"전라남도 무안군 삼향읍 남악3로 80, 제일프라자 202호, 203호",126.4606958,34.8126468
유앤아이치과의원,치과의원,전남,360300,목포시,"전라남도 목포시 용해지구로 9, 2층 (용해동)",126.3983395,34.8169725
유외과의원,의원,전남,360010,보성군,"전라남도 보성군 보성읍 중앙로 50-2, (보성읍)",127.0847443,34.7680575
유치과의원,치과의원,전남,360300,목포시,"전라남도 목포시 영산로73번길 11, (무안동)",126.383748,34.7890749
유치과의원,치과의원,전남,360021,해남군,"전라남도 해남군 해남읍 남부순환로 2, 4층",126.6066831,34.5706065
유치과의원,치과의원,전남,360002,고흥군,"전라남도 고흥군 고흥읍 홍교길 13-1, 13",127.2844963,34.6093915
유형치과의원,치과의원,전남,360300,목포시,"전라남도 목포시 영산로 559, 2층 (상동)",126.4196697,34.815615
윤명호내과의원,의원,전남,360500,여수시,"전라남도 여수시 쌍봉로 36, (학동)",127.6598879,34.7662712
윤이비인후과의원,의원,전남,360500,여수시,"전라남도 여수시 시청로 41, 2층 (학동)",127.6624481,34.765352
윤재권한의원,한의원,전남,360300,목포시,"전라남도 목포시 청호로 123, (산정동)",126.3771111,34.8028163
윤정훈가정의원,의원,전남,360500,여수시,"전라남도 여수시 소라면 죽림중앙로 52, (소라면)",127.6379065,34.7647896
윤지현치과의원,치과의원,전남,360015,영암군,"전라남도 영암군 학산면 영산로 6-1, ()",126.5700307,34.7246937
윤채중내과의원,의원,전남,360022,화순군,"전라남도 화순군 능주면 죽수길 89, (능주면)",126.9582068,34.991144
윤철승내과의원,의원,전남,360500,여수시,"전라남도 여수시 망마로 65, (신기동)",127.6698848,34.7587658
윤치과의원,치과의원,전남,360500,여수시,"전라남도 여수시 진남로 1, (서교동)",127.7284682,34.7431546
윤화주정형외과의원,의원,전남,360700,광양시,"전라남도 광양시 광장로 142, 2~3층 (중동)",127.695303,34.9366756
율림보건진료소,보건진료소,전남,360500,여수시,"전라남도 여수시 돌산읍 향일암로 269-6, 269",127.7949714,34.6015703
율어보건지소,보건지소,전남,360010,보성군,"전라남도 보성군 율어면 상율길 39-11, 39",127.1871278,34.870406
율촌치과의원,치과의원,전남,360500,여수시,"전라남도 여수시 율촌면 율촌로 82, 2층",127.5794292,34.8822154
율촌한의원,한의원,전남,360500,여수시,"전라남도 여수시 율촌면 당머리길 9, 1층",127.5791276,34.88306
으뜸한의원,한의원,전남,360300,목포시,"전라남도 목포시 원산중앙로 64, 1층 (산정동)",126.378574,34.8102165
으뜸한의원,한의원,전남,360014,영광군,"전라남도 영광군 영광읍 옥당로 153, (영광읍)",126.5008798,35.2756737
으뜸한의원,한의원,전남,360008,담양군,"전라남도 담양군 대전면 대치4길 5, (대전면)",126.8868386,35.2768741
으뜸한의원,한의원,전남,360009,무안군,"전라남도 무안군 무안읍 성안길 23, 23",126.4769632,34.9895872
으뜸한의원,한의원,전남,360400,순천시,"전라남도 순천시 별량면 별량길 93, (별량면)",127.4524348,34.8730824
은곡보건진료소,보건진료소,전남,360015,영암군,"전라남도 영암군 학산면 은곡길 48, (학산은곡보건진료소)",126.5355211,34.7619281
은덕보건진료소,보건진료소,전남,360010,보성군,"전라남도 보성군 겸백면 은덕길 36, (겸백면)",127.1368681,34.8507742
은산한방병원,한방병원,전남,360022,화순군,"전라남도 화순군 화순읍 서양로 336-3, (화순읍)",127.0010969,35.0618962
은혜요양병원,요양병원,전남,360500,여수시,"전라남도 여수시 거북선공원2길 5-5,  (학동)",127.6659717,34.7604885
을지의원,의원,전남,360022,화순군,"전라남도 화순군 화순읍 자치샘로 38-3, (화순읍)",126.9850281,35.0613455
의료법인 모아의료재단 모아치과병원,치과병원,전남,360500,여수시,"전라남도 여수시 소호로 618, (학동)",127.6569813,34.7569608
의료법인 미나의료재단 여수문화병원,병원,전남,360500,여수시,"전라남도 여수시 대치3길 26,  (여서동)",127.6992534,34.7459131
의료법인 우범의료재단 장흥종합병원,종합병원,전남,360018,장흥군,"전라남도 장흥군 장흥읍 흥성로 74, 74",126.9109162,34.6771315
의료법인 청명의료재단 목포참사랑요양병원,요양병원,전남,360300,목포시,"전라남도 목포시 차범석길35번길 9, (북교동)",126.3794936,34.7928013
의료법인거명의료재단 영광기독병원,종합병원,전남,360014,영광군,"전라남도 영광군 영광읍 신남로 265, (영광읍)",126.510877,35.274938
의료법인거명의료재단 영광기독신하병원,정신병원,전남,360014,영광군,"전라남도 영광군 영광읍 천년로 1351-15, (영광읍)",126.4928048,35.2682288
의료법인경애의료재단 담양참사랑병원,정신병원,전남,360008,담양군,"전라남도 담양군 대덕면 용산로 369, (대덕면)",127.0812244,35.23662
의료법인광양의료재단 광양병원,병원,전남,360700,광양시,"전라남도 광양시 광양읍 인덕로 992, (광양읍)",127.58206,34.9712296
의료법인남우의료재단 진도전남병원,병원,전남,360019,진도군,"전라남도 진도군 진도읍 남문길 12-11, 진도전남병원",126.2651434,34.4792719
의료법인내일의료재단 현대여성아동병원,병원,전남,360400,순천시,"전라남도 순천시 장선배기1길 8,  (조례동)",127.5226911,34.9534001
의료법인대송의료재단 곡성사랑병원,병원,전남,360003,곡성군,"전라남도 곡성군 곡성읍 곡성로 761, (곡성읍)",127.2879457,35.276282
의료법인대송의료재단 무안병원,종합병원,전남,360009,무안군,"전라남도 무안군 무안읍 몽탄로 65, (무안읍)",126.4893985,34.9916302
의료법인동명의료재단 동명한방병원,한방병원,전남,360300,목포시,"전라남도 목포시 백년대로 292,  (상동)",126.4201914,34.8031581
의료법인목포구암의료재단 목포중앙병원,종합병원,전남,360300,목포시,"전라남도 목포시 영산로 623,  (석현동)",126.421025,34.8213917
의료법인무등산의료재단 무등산생태요양병원,요양병원,전남,360008,담양군,"전라남도 담양군 가사문학면 백아로 2640, (가사문학면)",127.0813665,35.1311138
의료법인무진의료재단 화순현대요양병원,요양병원,전남,360022,화순군,"전라남도 화순군 화순읍 중앙로 8, (화순읍)",126.982454,35.0600826
의료법인백운의료재단 칠성요양병원,요양병원,전남,360700,광양시,"전라남도 광양시 광양읍 남문3길 7, (광양읍)",127.5841729,34.973429
의료법인보듬의료재단 봄빛요양병원,요양병원,전남,360500,여수시,"전라남도 여수시 미평9길 21-0,  (미평동)",127.7046079,34.7690362
의료법인삼호의료재단 삼호병원,병원,전남,360010,보성군,"전라남도 보성군 벌교읍 남하로 12, (벌교읍)",127.346233,34.833548
의료법인새림의료재단 압해생태요양병원,요양병원,전남,360012,신안군,"전라남도 신안군 압해읍 추섬길 50-0,  0동 (의료법인새림압해생태요양병원)",126.2873747,34.8652522
의료법인새한의료재단 목포성심요양병원,요양병원,전남,360300,목포시,"전라남도 목포시 영산로844번길 13,  (대양동)",126.4233851,34.838047
의료법인서연의료재단 신안천사병원,병원,전남,360012,신안군,"전라남도 신안군 암태면 중부로 1820-6, (암태면)",126.1149303,34.8289089
의료법인세양의료재단신안병원,병원,전남,360300,목포시,"전라남도 목포시 산정로 12,  (동명동)",126.392807,34.789511
의료법인세화의료재단 나주효사랑병원,정신병원,전남,360200,나주시,"전라남도 나주시 금천면 영산로 5891-9, 나주효사랑병원",126.7706473,35.03562
의료법인세화의료재단 나주효사랑요양병원,요양병원,전남,360200,나주시,"전라남도 나주시 금천면 영산로 5891-9, (금천면)",126.7706473,35.03562
의료법인세화의료재단나주원광한방병원,한방병원,전남,360200,나주시,"전라남도 나주시 영산로 5391, (성북동)",126.7181834,35.036408
의료법인소망의료재단 가나안요양병원,요양병원,전남,360021,해남군,"전라남도 해남군 마산면 마산로 433-15, (마산면)",126.566565,34.6193683
의료법인송지의료재단 장흥요양병원,요양병원,전남,360018,장흥군,"전라남도 장흥군 장흥읍 중앙로 6-0, 장흥요양병원",126.9094829,34.6768139
의료법인숭덕의료재단 단반트리지리산요양병원,요양병원,전남,360006,구례군,"전라남도 구례군 구례읍 봉동길 31, (구례읍)",127.4710248,35.2099265
의료법인숭덕의료재단 순천효사랑요양병원,요양병원,전남,360400,순천시,"전라남도 순천시 해룡면 여순로 1600, (해룡면)",127.5303708,34.9174516
의료법인숭민의료재단 해오름요양병원,요양병원,전남,360009,무안군,"전라남도 무안군 삼향읍 남악4로 53-0, 5~7층",126.4704333,34.9837549
의료법인식산의료재단 나사렛요양병원,요양병원,전남,360200,나주시,"전라남도 나주시 남평읍 세남로 1550, (남평읍)",126.8327849,35.0265034
의료법인신안대우의료재단 신안대우병원,병원,전남,360012,신안군,"전라남도 신안군 비금면 송치길 155-11, (비금면)",125.9326075,34.7222702
의료법인연희의료재단해남혜민병원,정신병원,전남,360021,해남군,"전라남도 해남군 옥천면 해남로 583-52, (옥천면)",126.6431375,34.5827083
의료법인영성의료재단 고흥종합병원,종합병원,전남,360002,고흥군,"전라남도 고흥군 고흥읍 고흥로 1935, (고흥읍)",127.2939625,34.6210654
의료법인예선의료재단 예선요양병원,요양병원,전남,360400,순천시,"전라남도 순천시 제일대학길 3-0, 예선요양병원",127.4887787,34.9339476
의료법인우성의료재단 목포실로암요양병원,요양병원,전남,360300,목포시,"전라남도 목포시 영산로 143,  (호남동)",126.3868513,34.7953321
의료법인이영의료재단 시그니티요양병원,요양병원,전남,360009,무안군,"전라남도 무안군 삼향읍 남악로250번길 59-30, (삼향읍)",126.4714259,34.8030272
의료법인인성의료재단 함평성심병원,병원,전남,360020,함평군,"전라남도 함평군 함평읍 영수길 132, (함평읍)",126.519875,35.061925
의료법인장호의료재단 녹동현대병원,병원,전남,360002,고흥군,"전라남도 고흥군 도양읍 차경구렁목길 215, (도양읍)",127.1457,34.5462583
의료법인제석의료재단 보광요양병원,요양병원,전남,360010,보성군,"전라남도 보성군 벌교읍 조정래길 2, 의료법인제석의료재단 보광요양병원",127.3503843,34.8474024
의료법인주영의료재단 동인요양병원,요양병원,전남,360500,여수시,"전라남도 여수시 좌수영로 319,  (문수동)",127.7106676,34.7591441
의료법인진의료재단 순천평화병원,병원,전남,360400,순천시,"전라남도 순천시 양율길 180,  (대룡동)",127.4832283,34.9073975
의료법인진촌의료재단 순천만요양병원,요양병원,전남,360400,순천시,"전라남도 순천시 별량면 덕정길 74, (별량면)",127.4624542,34.8911876
의료법인청언의료재단 순천제일병원,종합병원,전남,360400,순천시,"전라남도 순천시 기적의도서관1길 3, (조례동)",127.524175,34.9549263
의료법인청울의료재단 선암요양병원,요양병원,전남,360400,순천시,"전라남도 순천시 상사면 상사호길 231, (상사면)",127.4614388,34.9310772
의료법인태령의료재단 사랑한방병원,한방병원,전남,360400,순천시,"전라남도 순천시 장선배기2길 20,  (조례동)",127.5250294,34.9550587
의료법인파스카의료재단 광양우리병원,병원,전남,360700,광양시,"전라남도 광양시 광양읍 숲샘길 80-0, (광양읍)",127.5864183,34.9703402
의료법인한국의료재단 순천한국병원,종합병원,전남,360400,순천시,"전라남도 순천시 우명길 42,  (연향동)",127.5122885,34.9477666
의료법인한마음의료재단 여수제일병원,종합병원,전남,360500,여수시,"전라남도 여수시 쌍봉로 70,  (학동)",127.6634937,34.7661014
의료법인항운의료재단 목포노동병원,병원,전남,360300,목포시,"전라남도 목포시 수강로12번길 11-1,  (행복동2가)",126.3860375,34.7869417
의료법인항운의료재단 목포요양병원,요양병원,전남,360300,목포시,"전라남도 목포시 해안로 243-3,  (행복동1가)",126.3879755,34.7866439
의료법인해민의료재단 세안종합병원,종합병원,전남,360300,목포시,"전라남도 목포시 고하대로 795-2, (연산동)",126.3802331,34.8168192
의료법인해상의료재단 백양요양병원,요양병원,전남,360017,장성군,"전라남도 장성군 삼계면 능성로 29-1, (삼계면)",126.6981838,35.270388
의료법인행림의료재단 새미소요양병원,요양병원,전남,360006,구례군,"전라남도 구례군 구례읍 구례로 28, (구례읍)",127.4551855,35.1666572
의료법인행복나눔의료재단 장성병원,병원,전남,360017,장성군,"전라남도 장성군 장성읍 역전로 171, (장성읍)",126.7835665,35.3058681
의료법인행촌의료재단 해남종합병원,종합병원,전남,360021,해남군,"전라남도 해남군 해남읍 해남로 45, (해남읍)",126.6127915,34.5717972
의료법인현경의료재단 광양서울병원,종합병원,전남,360700,광양시,"전라남도 광양시 진등길 93,  (마동)",127.6905821,34.9579361
의료법인효경의료재단 효성요양병원,요양병원,전남,360300,목포시,"전라남도 목포시 양을로 456,  (상동)",126.4161521,34.813866
의료법인휴사랑의료재단 보성제일병원,정신병원,전남,360010,보성군,"전라남도 보성군 보성읍 송재로 59-2, (보성읍)",127.0732119,34.7632134
의신보건지소,보건지소,전남,360019,진도군,"전라남도 진도군 의신면 돈지1길 67, (의신보건소)",126.2840431,34.4397774
이건영소아청소년과의원,의원,전남,360500,여수시,"전라남도 여수시 충무1길 12-1, (충무동)",127.7303013,34.7406994
이계남한의원,한의원,전남,360009,무안군,"전라남도 무안군 삼향읍 대죽서로15번길 38, 3층 303호",126.4612802,34.8126713
이광호치과의원,치과의원,전남,360400,순천시,"전라남도 순천시 풍덕주택길 26, (풍덕동)",127.5024075,34.9435698
이금호치과의원,치과의원,전남,360022,화순군,"전라남도 화순군 화순읍 광덕로 169, (화순읍)",126.9922113,35.0600844
이기영이비인후과의원,의원,전남,360200,나주시,"전라남도 나주시 나주로 201, (성북동)",126.7214548,35.0346209
이나치과의원,치과의원,전남,360700,광양시,"전라남도 광양시 사동로 180, 2층 (마동)",127.6899672,34.9544969
이내과의원,의원,전남,360200,나주시,"전라남도 나주시 남평읍 남평1로 28, (남평읍)",126.8408868,35.0467596
이노스이비인후과병원,병원,전남,360400,순천시,"전라남도 순천시 봉화3길 14-28,  (조례동)",127.5210363,34.9637664
이도훈치과의원,치과의원,전남,360500,여수시,"전라남도 여수시 동문로 2-1, (중앙동)",127.7364171,34.7403426
이동규소아과의원,의원,전남,360022,화순군,"전라남도 화순군 화순읍 대교로 123, 2층",126.9927903,35.0635195
이동보건진료소,보건진료소,전남,360010,보성군,"전라남도 보성군 율어면 배골길 46-1, 46",127.2213891,34.8849084
이동주치과의원,치과의원,전남,360016,완도군,"전라남도 완도군 완도읍 장보고대로 192-0, 192",126.7471995,34.3180374
이미지치과의원,치과의원,전남,360500,여수시,"전라남도 여수시 봉계대곡길 31, 2층 (봉계동)",127.6897831,34.7839128
이민규부부치과의원,치과의원,전남,360200,나주시,"전라남도 나주시 나주로 186, (중앙동)",126.7208909,35.0333793
이바른치과의원,치과의원,전남,360400,순천시,"전라남도 순천시 오천7길 28, 4층 401호 (오천동)",127.4942549,34.9351372
이백현신경외과의원,의원,전남,360400,순천시,"전라남도 순천시 중앙로 53, 2~3층 (저전동)",127.4841049,34.9503256
이백희치과의원,치과의원,전남,360400,순천시,"전라남도 순천시 하인제길 3, (인제동)",127.4882481,34.9444482
이병인치과의원,치과의원,전남,360006,구례군,"전라남도 구례군 구례읍 로터리길 17, 정다운빌딩 4층",127.4665317,35.2091695
이본한방병원,한방병원,전남,360400,순천시,"전라남도 순천시 백강로 375-11,  3,4층 (조례동,외6필지)",127.5205119,34.9665235
이사랑치과의원,치과의원,전남,360300,목포시,"전라남도 목포시 양을로 139-1, 2층 (산정동)",126.3859624,34.809154
이사랑치과의원,치과의원,전남,360014,영광군,"전라남도 영광군 영광읍 중앙로 186, 2층",126.5119983,35.2754346
이사랑치과의원,치과의원,전남,360400,순천시,"전라남도 순천시 해룡면 장선배기길 272, 부영6차가동 2층 3,4호",127.5298125,34.9464513
이사랑치과의원,치과의원,전남,360700,광양시,"전라남도 광양시 공영로 73, 3층 (중동)",127.69716,34.9360437
이삼룡비뇨기과의원,의원,전남,360700,광양시,"전라남도 광양시 백운로 1109, (중동)",127.6893983,34.9399778
이상곤연합내과의원,의원,전남,360200,나주시,"전라남도 나주시 나주로 199, (중앙동)",126.7214391,35.0343653
이상문경희한의원,한의원,전남,360500,여수시,"전라남도 여수시 성산로 5, (화장동)",127.6385404,34.7734234
이상준내과의원,의원,전남,360018,장흥군,"전라남도 장흥군 장흥읍 동교1길 26, 플러스마트 103호",126.9084444,34.6772148
이상철내과의원,의원,전남,360400,순천시,"전라남도 순천시 장명로 47, (장천동)",127.4892267,34.9511501
이서보건지소,보건지소,전남,360022,화순군,"전라남도 화순군 이서면 적벽로 845, (이서면)",127.071075,35.11044
이석진치과의원,치과의원,전남,360500,여수시,"전라남도 여수시 여서1로 62, (여서동)",127.7044354,34.7525783
이수내과의원,의원,전남,360300,목포시,"전라남도 목포시 산정로 148, 3층 (산정동)",126.3930983,34.8019032
이수원치과의원,치과의원,전남,360200,나주시,"전라남도 나주시 나주로 144, (중앙동)",126.7170728,35.0315888
이승복한의원,한의원,전남,360500,여수시,"전라남도 여수시 쌍봉로 32, (학동, 신동아파밀리에아파트)",127.6593923,34.7661083
이승재치과의원,치과의원,전남,360300,목포시,"전라남도 목포시 비파로 107, 2층 (상동)",126.4233044,34.8075726
이승철신경과의원,의원,전남,360500,여수시,"전라남도 여수시 망마로 40, 3층 (학동)",127.66705,34.7592841
이신경외과의원,의원,전남,360500,여수시,"전라남도 여수시 좌수영로 15-1, (서교동)",127.7276613,34.7418041
이안과의원,의원,전남,360019,진도군,"전라남도 진도군 진도읍 남문길 13, 13",126.2634294,34.4794003
이안요양병원,요양병원,전남,360500,여수시,"전라남도 여수시 해산4길 37-0, (해산동)",127.633647,34.8020195
이안치과의원,치과의원,전남,360500,여수시,"전라남도 여수시 시청로 6, (학동)",127.6631862,34.7624287
이양보건지소,보건지소,전남,360022,화순군,"전라남도 화순군 이양면 이양로 93, (이양면)",126.9888345,34.8881871
이양호치과의원,치과의원,전남,360017,장성군,"전라남도 장성군 삼계면 사창로 54, (삼계면)",126.6660053,35.2588425
이용균치과의원,치과의원,전남,360500,여수시,"전라남도 여수시 충무로 31, (교동)",127.7312329,34.7392723
이용승치과의원,치과의원,전남,360400,순천시,"전라남도 순천시 이수로 304, 5층 (연향동)",127.5174496,34.9527303
이용욱치과의원,치과의원,전남,360500,여수시,"전라남도 여수시 중앙로 21, (충무동)",127.7298704,34.7406095
이정형외과의원,의원,전남,360300,목포시,"전라남도 목포시 섶나루길 126, 1,7,8층 (상동)",126.4191739,34.8109786
이정회내과의원,의원,전남,360006,구례군,"전라남도 구례군 구례읍 로터리길 13, (구례읍)",127.466186,35.2091077
이정훈내과의원,의원,전남,360500,여수시,"전라남도 여수시 문수로 16-1, 2층 (문수동)",127.6996055,34.7498616
이조은치과의원,치과의원,전남,360400,순천시,"전라남도 순천시 중앙로 153, (매곡동)",127.4841289,34.9594495
이조한의원,한의원,전남,360300,목포시,"전라남도 목포시 교육로 21-1, (상동)",126.4221319,34.799477
이준외과의원,의원,전남,360200,나주시,"전라남도 나주시 영산3길 32-16, (영산동)",126.7128146,35.0003661
이치과의원,치과의원,전남,360300,목포시,"전라남도 목포시 비파로51번길 33, (상동)",126.42345,34.8016
이치과의원,치과의원,전남,360014,영광군,"전라남도 영광군 영광읍 신남로 186, (영광읍)",126.5024455,35.2757985
이치과의원,치과의원,전남,360008,담양군,"전라남도 담양군 담양읍 지침3길 13, 담양새마을금고 2층 201호 이치과의원",126.9850398,35.3157765
이치과의원,치과의원,전남,360009,무안군,"전라남도 무안군 무안읍 면성2길 55, 55",126.4760975,34.988855
이치과의원,치과의원,전남,360700,광양시,"전라남도 광양시 광양읍 신재로 45, (광양읍)",127.5888538,34.9753005
이치과의원,치과의원,전남,360002,고흥군,"전라남도 고흥군 도양읍 비봉로 153, 153",127.1351131,34.5274282
이튼치과의원,치과의원,전남,360300,목포시,"전라남도 목포시 영산로 91, 2층 (명륜동)",126.3854742,34.7907616
이튼치과의원,치과의원,전남,360400,순천시,"전라남도 순천시 해룡면 좌야로 101, 130동 201호 (중흥에스클래스 상가)",127.5439849,34.9329474
이튼튼치과의원,치과의원,전남,360200,나주시,"전라남도 나주시 그린로 339, 4층 402호 (빛가람동, 리버빌딩)",126.794022,35.0167268
이튼튼치과의원,치과의원,전남,360500,여수시,"전라남도 여수시 여문2로 69, 2층 (문수동)",127.6925756,34.7541545
이편한치과의원,치과의원,전남,360300,목포시,"전라남도 목포시 영산로 515, 2층 (상동)",126.4177009,34.8116504
이편한치과의원,치과의원,전남,360021,해남군,"전라남도 해남군 황산면 시등로 111, 2층",126.4322462,34.5757037
이편한치과의원,치과의원,전남,360400,순천시,"전라남도 순천시 팔마로 14, 2층 (장천동)",127.489847,34.9464879
이플란트치과의원,치과의원,전남,360014,영광군,"전라남도 영광군 영광읍 옥당로 169, (영광읍)",126.500344,35.2770118
이한영치과의원,치과의원,전남,360018,장흥군,"전라남도 장흥군 장흥읍 동교1길 33, (장흥읍)",126.9089428,34.6778895
이한의원,한의원,전남,360500,여수시,"전라남도 여수시 중앙로 7-1, (서교동)",127.7285523,34.7406147
이현상내과의원,의원,전남,360014,영광군,"전라남도 영광군 영광읍 중앙로3길 5-22, (영광읍)",126.5123303,35.2751235
이화내과의원,의원,전남,360500,여수시,"전라남도 여수시 문수로 160, (문수동, 우리치과)",127.7105609,34.7580162
이화당한의원,한의원,전남,360015,영암군,"전라남도 영암군 학산면 독천로 194, 102호",126.5703924,34.725636
이화산부인과의원,의원,전남,360300,목포시,"전라남도 목포시 신흥로 32, (상동)",126.4244727,34.8023921
이화치과의원,치과의원,전남,360700,광양시,"전라남도 광양시 광양읍 칠성로 51, 2층",127.5842751,34.9790391
이화피부과의원,의원,전남,360500,여수시,"전라남도 여수시 여서1로 7, 5층 (여서동)",127.7002057,34.7494424
인성한의원,한의원,전남,360022,화순군,"전라남도 화순군 화순읍 도서관길 23, (화순읍)",126.9825685,35.0626593
인애요양병원,요양병원,전남,360008,담양군,"전라남도 담양군 수북면 추성1로 736-0, (수북면)",126.9319769,35.3016573
일로보건지소,보건지소,전남,360009,무안군,"전라남도 무안군 일로읍 시장길 7, 7",126.4948583,34.8479586
일로의원,의원,전남,360009,무안군,"전라남도 무안군 일로읍 일로로 50, 50",126.4924583,34.8489495
일로중앙의원,의원,전남,360009,무안군,"전라남도 무안군 일로읍 일로로 101, (일로읍)",126.4960685,34.8472645
일로한의원,한의원,전남,360009,무안군,"전라남도 무안군 일로읍 시장길 9, (일로읍)",126.4945812,34.8479505
일이삼 플란트치과의원,치과의원,전남,360022,화순군,"전라남도 화순군 화순읍 진각로 120, 일이삼 플란트치과",126.9862122,35.0619285
일층치과의원,치과의원,전남,360021,해남군,"전라남도 해남군 해남읍 남부순환로 152, 106호",126.5953133,34.5657008
임규한의원,한의원,전남,360006,구례군,"전라남도 구례군 구례읍 구례2길 35, (구례읍)",127.4631282,35.2095257
임보록한의원,한의원,전남,360014,영광군,"전라남도 영광군 영광읍 물무로 105, 2층",126.5116331,35.276711
임성남한의원,한의원,전남,360300,목포시,"전라남도 목포시 영산로 503, 2층 (상동)",126.4172951,34.8107264
임유진내과의원,의원,전남,360400,순천시,"전라남도 순천시 중앙로 134, 순천광양축협 북부지점 2~3층 (매곡동)",127.4844898,34.9575683
임윤모마취통증의학과의원,의원,전남,360010,보성군,"전라남도 보성군 보성읍 현충로 82, (보성읍)",127.0808227,34.7670636
임의원,의원,전남,360500,여수시,"전라남도 여수시 문수로 96, 2층 (문수동)",127.7054649,34.7547052
임자면보건지소,보건지소,전남,360012,신안군,"전라남도 신안군 임자면 임자로 68, 복지센터",126.1150972,35.0833607
임종채내과의원,의원,전남,360400,순천시,"전라남도 순천시 순광로 6, 2~3층 (조례동)",127.521938,34.9542909
임주영피부과의원,의원,전남,360400,순천시,"전라남도 순천시 신월큰길 1-4, 5층 (조례동)",127.5207942,34.9604262
임치과의원,치과의원,전남,360300,목포시,"전라남도 목포시 고하대로 672-1, 4층 (산정동)",126.3715924,34.8074768
임태진내과의원,의원,전남,360016,완도군,"전라남도 완도군 완도읍 개포로130번길 17, (완도읍)",126.7446544,34.3188908
임한의원,한의원,전남,360400,순천시,"전라남도 순천시 삼산로 90, 혜민빌딩 3층 (용당동)",127.4931403,34.9725407
임회보건지소,보건지소,전남,360019,진도군,"전라남도 진도군 임회면 십일시길 53, (임회보건지소)",126.1937834,34.4088734
자모의원,의원,전남,360700,광양시,"전라남도 광양시 광양읍 와룡길 5, 2층",127.6093674,34.971046
자연과한의원(순천점),한의원,전남,360400,순천시,"전라남도 순천시 이수로 315, 3층 (조례동)",127.5181705,34.9538071
자연생한의원,한의원,전남,360018,장흥군,"전라남도 장흥군 장흥읍 건산로 15, (장흥읍)",126.9094319,34.6781407
자연주의 조산원,조산원,전남,360001,강진군,"전라남도 강진군 군동면 금천로 41, (군동면)",126.8443825,34.6454968
자연한의원,한의원,전남,360500,여수시,"전라남도 여수시 무선로 28, 2층 201호 (학동)",127.6562465,34.7630456
자은면보건지소,보건지소,전남,360012,신안군,"전라남도 신안군 자은면 구영1길 8, 8",126.0474053,34.8844608
자은아름다운의원,의원,전남,360012,신안군,"전라남도 신안군 자은면 구영2길 47-1, (자은면)",126.0451063,34.884468
자이성형외과의원,의원,전남,360400,순천시,"전라남도 순천시 팔마로 205, LG전자 6층 (덕암동)",127.5093028,34.9414039
잘자고마음편한키다리정신건강의학과의원,의원,전남,360002,고흥군,"전라남도 고흥군 고흥읍 고흥로 1745-2, 1745",127.2853274,34.6076077
잘자는 정신건강의학과의원,의원,전남,360500,여수시,"전라남도 여수시 남산로 126, (서교동)",127.7280127,34.7400777
장도보건진료소,보건진료소,전남,360010,보성군,"전라남도 보성군 벌교읍 장도길 204-17, 204",127.4546898,34.7908464
장북보건지소,보건지소,전남,360017,장성군,"전라남도 장성군 장성읍 미락단지길 22, 장북보건지소",126.8182798,35.3448514
장비뇨기과의원,의원,전남,360400,순천시,"전라남도 순천시 이수로 295, (조례동)",127.5163707,34.9526994
장산면마진도보건진료소,보건진료소,전남,360012,신안군,"전라남도 신안군 장산면 마진도길 48-9, (장산면)",126.2079658,34.6215049
장산면보건지소,보건지소,전남,360012,신안군,"전라남도 신안군 장산면 장산로 326, 장산면보건지소",126.1475382,34.6403572
장성공립노인전문요양병원,요양병원,전남,360017,장성군,"전라남도 장성군 장성읍 강변안길 100, (장성읍)",126.7774801,35.302338
장성군남면마령보건진료소,보건진료소,전남,360017,장성군,"전라남도 장성군 남면 백운길 12, (남면)",126.7805183,35.2438255
장성군남면보건지소,보건지소,전남,360017,장성군,"전라남도 장성군 남면 못재로 101, (남면보건지소)",126.8123527,35.2465778
장성군동화면보건지소,보건지소,전남,360017,장성군,"전라남도 장성군 동화면 삼동로 723, 723",126.7389189,35.2840042
장성군동화면월산보건진료소,보건진료소,전남,360017,장성군,"전라남도 장성군 동화면 동화로 121, (동화면)",126.7301428,35.2478213
장성군보건소,보건소,전남,360017,장성군,"전라남도 장성군 장성읍 청운11길 13, (장성읍)",126.7824572,35.3045386
장성군보건소 서삼지소,보건지소,전남,360017,장성군,"전라남도 장성군 서삼면 축령로 366, (서삼면)",126.7671394,35.3334688
장성군북이면보건지소,보건지소,전남,360017,장성군,"전라남도 장성군 북이면 백양로 32, (북이보건지소)",126.8085744,35.4281861
장성군북이면신월보건진료소,보건진료소,전남,360017,장성군,"전라남도 장성군 북이면 월하길 39, (북이면)",126.7961625,35.4223346
장성군북일면보건지소,보건지소,전남,360017,장성군,"전라남도 장성군 북일면 신흥로 390, (북일면)",126.8073759,35.3736619
장성군북하면대악보건진료소,보건진료소,전남,360017,장성군,"전라남도 장성군 북하면 단풍로 1073, (북하면)",126.8592332,35.3658238
장성군북하보건지소,보건지소,전남,360017,장성군,"전라남도 장성군 북하면 백양로 894, (북하면)",126.8818414,35.4074127
장성군삼계면보건지소,보건지소,전남,360017,장성군,"전라남도 장성군 삼계면 사창로 81-2, (삼계면복지회관)",126.6630711,35.2603987
장성군삼계면생촌보건진료소,보건진료소,전남,360017,장성군,"전라남도 장성군 삼계면 생촌길 82, (삼계면)",126.6603138,35.3226711
장성군삼서면두월보건진료소,보건진료소,전남,360017,장성군,"전라남도 장성군 삼서면 남계소갈로 59-18, (삼서면)",126.6900215,35.221046
장성군삼서면보건지소,보건지소,전남,360017,장성군,"전라남도 장성군 삼서면 해삼로 1101-3, (삼서면)",126.6458171,35.2297728
장성군삼서면보생보건진료소,보건진료소,전남,360017,장성군,"전라남도 장성군 삼서면 보강길 3, (삼서면)",126.6587704,35.213104
장성군삼서면서부보건진료소,보건진료소,전남,360017,장성군,"전라남도 장성군 삼서면 소도길 1, (삼서면)",126.6241629,35.2327371
장성군서삼면모암보건진료소,보건진료소,전남,360017,장성군,"전라남도 장성군 서삼면 주암길 13, (모암보건진료소)",126.7644599,35.3672061
장성군진원면보건지소,보건지소,전남,360017,장성군,"전라남도 장성군 진원면 덕주1길 15-4, 15",126.8311619,35.2747043
장성군진원면용산보건진료소,보건진료소,전남,360017,장성군,"전라남도 장성군 진원면 용산두월길 4, (진원면)",126.8637621,35.2591747
장성군황룡면필암보건진료소,보건진료소,전남,360017,장성군,"전라남도 장성군 황룡면 중동길 13-5, (황룡면)",126.7543569,35.3028954
장성김안과의원,의원,전남,360017,장성군,"전라남도 장성군 장성읍 영천로 123, (장성읍)",126.7808333,35.2967243
장성중앙내과의원,의원,전남,360017,장성군,"전라남도 장성군 장성읍 영천로 128, (장성읍)",126.7813619,35.2969736
장성한의원,한의원,전남,360017,장성군,"전라남도 장성군 황룡면 뱃나드리로 178, (황룡면)",126.7731161,35.2903884
장성혜원병원,병원,전남,360017,장성군,"전라남도 장성군 장성읍 강변안길 22, (장성읍)",126.774488,35.2977611
장수당한의원,한의원,전남,360016,완도군,"전라남도 완도군 완도읍 개포로130번길 20, (완도읍)",126.7449781,34.3185213
장수보건진료소,보건진료소,전남,360500,여수시,"전라남도 여수시 화양면 장수자매길 8-2, (화양면)",127.5803336,34.6527069
장수한의원,한의원,전남,360200,나주시,"전라남도 나주시 남평읍 남평1로 18, (남평읍)",126.8397215,35.0466127
장수한의원,한의원,전남,360500,여수시,"전라남도 여수시 소라면 덕양로 394-1, (소라면)",127.6332012,34.7928829
장암보건진료소,보건진료소,전남,360015,영암군,"전라남도 영암군 영암읍 마당바우로 105, (영암읍)",126.7312811,34.8059951
장암보건진료소,보건진료소,전남,360010,보성군,"전라남도 보성군 벌교읍 장암길 206, (벌교읍)",127.4041461,34.8091053
장용석비뇨기과의원,의원,전남,360400,순천시,"전라남도 순천시 남신월길 15-1, (조례동)",127.5203926,34.9549331
장이편한내과의원,의원,전남,360500,여수시,"전라남도 여수시 신월로 112, 3층 (웅천동)",127.6801402,34.7482024
장진형내과의원,의원,전남,360700,광양시,"전라남도 광양시 금영로 151, 1층 (광영동)",127.719429,34.9641494
장한의원,한의원,전남,360015,영암군,"전라남도 영암군 학산면 영산로 6-1, 1층",126.5700307,34.7246937
장한의원,한의원,전남,360500,여수시,"전라남도 여수시 통제영4길 12-1, (중앙동)",127.7354423,34.7411277
장흥 탑 정형외과의원,의원,전남,360018,장흥군,"전라남도 장흥군 장흥읍 동교1길 17-10, SJ타워 2층",126.9074158,34.6773766
장흥교도소 부속의원,의원,전남,360018,장흥군,"전라남도 장흥군 용산면 장흥대로 2667, (용산면)",126.8991384,34.6282272
장흥군관산읍보건지소,보건지소,전남,360018,장흥군,"전라남도 장흥군 관산읍 정남진로 27, 27",126.9417066,34.562514
장흥군관산읍삼산보건진료소,보건진료소,전남,360018,장흥군,"전라남도 장흥군 관산읍 삼산로 61, (관산읍)",126.9564284,34.5240596
장흥군관산읍죽청보건진료소,보건진료소,전남,360018,장흥군,"전라남도 장흥군 관산읍 죽청2길 4, 4",126.9760329,34.5814739
장흥군대덕읍보건지소,보건지소,전남,360018,장흥군,"전라남도 장흥군 대덕읍 도청신월로 171-1, 171",126.8860064,34.4976379
장흥군대덕읍신리보건진료소,보건진료소,전남,360018,장흥군,"전라남도 장흥군 대덕읍 장흥대로 76, 76",126.8594976,34.4596572
장흥군보건소,보건소,전남,360018,장흥군,"전라남도 장흥군 장흥읍 흥성로 49, 49",126.9083038,34.6765108
장흥군부산면보건지소,보건지소,전남,360018,장흥군,"전라남도 장흥군 부산면 부유로 31, (부산면)",126.902517,34.7230836
장흥군북부통합보건지소,보건지소,전남,360018,장흥군,"전라남도 장흥군 장평면 장평중앙길 29, (장평면)",126.9747195,34.7724203
장흥군안양면보건지소,보건지소,전남,360018,장흥군,"전라남도 장흥군 안양면 남부관광로 728, (안양보건소)",126.9710872,34.6494306
장흥군안양면수문보건진료소,보건진료소,전남,360018,장흥군,"전라남도 장흥군 안양면 수문1길 9, 9",127.0279566,34.629232
장흥군용산면보건지소,보건지소,전남,360018,장흥군,"전라남도 장흥군 용산면 장흥대로 2467, 2467",126.914025,34.614924
장흥군용산면상발보건진료소,보건진료소,전남,360018,장흥군,"전라남도 장흥군 용산면 죽교상하발로 770, (용산면)",126.9964341,34.6043864
장흥군유치면대천보건진료소,보건진료소,전남,360018,장흥군,"전라남도 장흥군 유치면 암천길 15-15, (유치면)",126.8765949,34.8416028
장흥군유치면보건지소,보건지소,전남,360018,장흥군,"전라남도 장흥군 유치면 유치로 22, (유치면)",126.8389326,34.8023242
장흥군장동면장동보건진료소,보건진료소,전남,360018,장흥군,"전라남도 장흥군 장동면 곰치로 10, (장동면)",126.9965366,34.753131
장흥군장평면봉림보건진료소,보건진료소,전남,360018,장흥군,"전라남도 장흥군 장평면 곰치로 845, 845",126.9315142,34.7979806
장흥군장평면부평보건진료소,보건진료소,전남,360018,장흥군,"전라남도 장흥군 장평면 임리어곡길 68, 68",126.9897089,34.8074723
장흥군회진면대신보건진료소,보건진료소,전남,360018,장흥군,"전라남도 장흥군 회진면 회진로 877, (회진면)",126.967614,34.484897
장흥군회진면보건지소,보건지소,전남,360018,장흥군,"전라남도 장흥군 회진면 회진중앙길 16-9, (회진면)",126.9392284,34.4811766
장흥군회진면삭금보건진료소,보건진료소,전남,360018,장흥군,"전라남도 장흥군 회진면 가학회진로 867, 867",126.9269215,34.450645
장흥베스트의원,의원,전남,360018,장흥군,"전라남도 장흥군 장흥읍 중앙로1길 18, 1층",126.9106073,34.6777753
장흥비뇨기과의원,의원,전남,360018,장흥군,"전라남도 장흥군 장흥읍 동교1길 32, (장흥읍)",126.9088943,34.6775764
장흥에덴산부인과의원,의원,전남,360018,장흥군,"전라남도 장흥군 장흥읍 중앙로 23-1, (장흥읍)",126.907992,34.6780812
장흥연세치과의원,치과의원,전남,360018,장흥군,"전라남도 장흥군 장흥읍 동교1길 29, (장흥읍)",126.9084642,34.6776229
장흥우리병원,병원,전남,360018,장흥군,"전라남도 장흥군 장흥읍 흥성로 83, (장흥읍)",126.9110664,34.6783837
장흥통합의료병원,병원,전남,360018,장흥군,"전라남도 장흥군 안양면 로하스로 121, (안양면)",126.9583701,34.6790436
장흥한의원,한의원,전남,360018,장흥군,"전라남도 장흥군 장흥읍 동교1길 27, (장흥읍)",126.9082282,34.6775488
재단법인여수요양병원,요양병원,전남,360500,여수시,"전라남도 여수시 화양면 장수로 204-32, (화양면)",127.607568,34.6495411
재생한의원,한의원,전남,360300,목포시,"전라남도 목포시 청호로 193, (산정동)",126.3716906,34.8074092
적금보건진료소,보건진료소,전남,360500,여수시,"전라남도 여수시 화정면 적금뒷등길 27, 27",127.5149156,34.6271656
전남연합의원,의원,전남,360010,보성군,"전라남도 보성군 벌교읍 채동선로 149, (벌교읍)",127.3419732,34.8371445
전남의료복지사회적협동조합 나은연합의원,의원,전남,360400,순천시,"전라남도 순천시 중앙로 14, 1,2,4,5,6층 (장천동)",127.4872729,34.9480582
전남제일요양병원,요양병원,전남,360022,화순군,"전라남도 화순군 화순읍 덕음로 999, (화순읍)",126.9850048,35.0491611
전남한의원,한의원,전남,360022,화순군,"전라남도 화순군 화순읍 쌍충로 118-5, (화순읍)",126.9810061,35.0627371
전대가정의원,의원,전남,360017,장성군,"전라남도 장성군 장성읍 영천로 208-1, 2층",126.7856067,35.3028917
전라남도 강진의료원,병원,전남,360001,강진군,"전라남도 강진군 강진읍 탐진로 5, (강진읍)",126.7578654,34.6368113
전라남도 순천의료원,종합병원,전남,360400,순천시,"전라남도 순천시 서문성터길 2,  (매곡동)",127.4834682,34.9579098
전인표내과의원,의원,전남,360010,보성군,"전라남도 보성군 보성읍 현충로 88-1, (보성읍)",127.08141,34.767233
전치과의원,치과의원,전남,360014,영광군,"전라남도 영광군 영광읍 옥당로 161, (영광읍)",126.5005447,35.2764659
전한의원,한의원,전남,360008,담양군,"전라남도 담양군 창평면 의병로 133, 1층",127.015124,35.2381081
점암보건지소,보건지소,전남,360002,고흥군,"전라남도 고흥군 점암면 점암학교길 28, (점암면)",127.3803983,34.6519189
정&정비뇨기과의원,의원,전남,360300,목포시,"전라남도 목포시 영산로 343, 2층 (용당동)",126.4028925,34.8062438
정가정의학과의원,의원,전남,360300,목포시,"전라남도 목포시 용해지구로 11, 플러스약국 2층 (용해동)",126.3981273,34.8169719
정건치과의원,치과의원,전남,360400,순천시,"전라남도 순천시 장명로 18, 2층 (장천동)",127.4856686,34.9506611
정남진정형외과의원,의원,전남,360500,여수시,"전라남도 여수시 신월로 735, (봉산동)",127.7206856,34.7360036
정내과의원,의원,전남,360300,목포시,"전라남도 목포시 영산로 320, 2층 (용당동)",126.4004855,34.8054087
정내과의원,의원,전남,360008,담양군,"전라남도 담양군 담양읍 지침2길 6, (담양읍)",126.9837639,35.3168465
정다운요양병원,요양병원,전남,360300,목포시,"전라남도 목포시 영산로 710-11,  7동 (석현동,정다운요양병원)",126.4220478,34.8290492
정마취통증의학과의원,의원,전남,360002,고흥군,"전라남도 고흥군 고흥읍 여산당촌길 8, KT고흥지점",127.2821125,34.6077571
정산보건진료소,보건진료소,전남,360020,함평군,"전라남도 함평군 월야면 문화로 872-4, (월야면)",126.6138329,35.1993486
정석진의원,의원,전남,360003,곡성군,"전라남도 곡성군 곡성읍 중앙로 119-1, (곡성읍)",127.2956084,35.2815251
정성내과의원,의원,전남,360300,목포시,"전라남도 목포시 산정로 118, 2,3층 (산정동)",126.3931862,34.7991056
정성일산부인과의원,의원,전남,360300,목포시,"전라남도 목포시 청호로 176, 4층 (산정동, 쥬빌리메디센터)",126.373557,34.8064335
정세진마취통증의학과의원,의원,전남,360014,영광군,"전라남도 영광군 영광읍 옥당로 148, 2층",126.5017003,35.2753548
정아나치과의원,치과의원,전남,360300,목포시,"전라남도 목포시 용해지구로 2, 4층 (용해동, 빠리바게뜨)",126.3990786,34.8174291
정외과의원,의원,전남,360700,광양시,"전라남도 광양시 광영로 70, 4층 (광영동)",127.7213697,34.9621742
정용환치과의원,치과의원,전남,360200,나주시,"전라남도 나주시 나주로 192, 정용환치과의원 1층 (중앙동)",126.7217332,35.0337735
정우준치과의원,치과의원,전남,360400,순천시,"전라남도 순천시 왕지1길 19, 5층 (왕지동)",127.5231525,34.9718511
정의원,의원,전남,360018,장흥군,"전라남도 장흥군 관산읍 관산로 92-6, (관산읍)",126.9386361,34.5633364
정이비인후과의원,의원,전남,360500,여수시,"전라남도 여수시 어항로 1, (봉산동)",127.7191144,34.7328956
정준성내과의원,의원,전남,360001,강진군,"전라남도 강진군 강진읍 영랑로 35, (강진읍)",126.7678958,34.638509
정진호치과의원,치과의원,전남,360018,장흥군,"전라남도 장흥군 장흥읍 건산로 33-1, (장흥읍)",126.9080924,34.6794766
정치과의원,치과의원,전남,360300,목포시,"전라남도 목포시 산정로 34-1, 2층 (산정동)",126.3933826,34.7915339
정치과의원,치과의원,전남,360022,화순군,"전라남도 화순군 화순읍 중앙로 98, (화순읍)",126.9921304,35.0602543
정치과의원,치과의원,전남,360400,순천시,"전라남도 순천시 연향1로 55, 2층 201호 (연향동, 부영1차아파트)",127.5213181,34.9461564
정치과의원,치과의원,전남,360010,보성군,"전라남도 보성군 벌교읍 채동선로 247, (벌교읍)",127.3441794,34.8440557
정학민내과의원,의원,전남,360700,광양시,"전라남도 광양시 광양읍 신재로 43-1, 1층",127.588857,34.9751981
정한의원,한의원,전남,360500,여수시,"전라남도 여수시 신월로 672, 2층 (국동)",127.7176325,34.7308801
정현치과의원,치과의원,전남,360500,여수시,"전라남도 여수시 도원로 283, 2층 (학동)",127.6623932,34.7617282
정형주치과의원,치과의원,전남,360002,고흥군,"전라남도 고흥군 고흥읍 원동남계길 26, 26",127.2867922,34.6090646
정호경치과의원,치과의원,전남,360001,강진군,"전라남도 강진군 강진읍 영랑로 36, 2층",126.7683425,34.6388517
정회상내과의원,의원,전남,360009,무안군,"전라남도 무안군 무안읍 무안로 497, 2층 (무안버스터미널)",126.4780892,34.9879006
정회정외과의원,의원,전남,360400,순천시,"전라남도 순천시 팔마로 126, 1층 (조곡동)",127.5017768,34.944952
제도보건진료소,보건진료소,전남,360500,여수시,"전라남도 여수시 화정면 제도해안길 63, 63",127.6543809,34.5959679
제생한의원,한의원,전남,360500,여수시,"전라남도 여수시 무선로 36, (학동)",127.6562319,34.7641266
제세한의원,한의원,전남,360500,여수시,"전라남도 여수시 중앙로 48-1, (교동)",127.7327992,34.7400008
제이원치과의원,치과의원,전남,360400,순천시,"전라남도 순천시 충효로 142, 2층 (연향동, 수협은행)",127.5164543,34.9512887
제일내과병원,병원,전남,360300,목포시,"전라남도 목포시 섶나루길 126, (상동)",126.4191739,34.8109786
제일신경외과의원,의원,전남,360700,광양시,"전라남도 광양시 중마중앙로 55, 2층 (중동)",127.6977972,34.9353788
제일신통마취통증의학과의원,의원,전남,360002,고흥군,"전라남도 고흥군 고흥읍 봉황길 29, 3층",127.2849526,34.6082748
제일의원,의원,전남,360200,나주시,"전라남도 나주시 동강면 동강로 590, 동강제일약국",126.5648101,34.9367622
제일의원,의원,전남,360015,영암군,"전라남도 영암군 영암읍 낭주로 173, 2층",126.7002671,34.8034185
제일의원,의원,전남,360021,해남군,"전라남도 해남군 화원면 청용1길 4, (화원면)",126.3292219,34.6688082
제일의원,의원,전남,360019,진도군,"전라남도 진도군 진도읍 교동5길 11, (진도읍)",126.2612071,34.4847118
제일의원,의원,전남,360016,완도군,"전라남도 완도군 완도읍 장보고대로 264, 2층",126.7539499,34.3154393
제일의원,의원,전남,360018,장흥군,"전라남도 장흥군 장흥읍 장흥로 12-1, (장흥읍)",126.9062673,34.6805654
제일이비인후과의원,의원,전남,360200,나주시,"전라남도 나주시 나주로 210, 1층 (성북동)",126.7219149,35.0352076
제일정형외과의원,의원,전남,360009,무안군,"전라남도 무안군 무안읍 무안로 567, 제일정형외과의원",126.482106,34.9933869
제일치과의원,치과의원,전남,360010,보성군,"전라남도 보성군 보성읍 현충로 87-2, (보성읍)",127.0813313,34.7675262
제일통증의학과의원,의원,전남,360017,장성군,"전라남도 장성군 북이면 백양로 11, (북이면)",126.8094963,35.4297197
제일한방병원,한방병원,전남,360400,순천시,"전라남도 순천시 제일대학길 12,  (덕월동)",127.4884463,34.9344254
제일한의원,한의원,전남,360200,나주시,"전라남도 나주시 동점문길 2-1, (중앙동)",126.7220159,35.0338809
제일한의원,한의원,전남,360500,여수시,"전라남도 여수시 중앙로 22-2, (교동)",127.7300475,34.7401608
제중당한의원,한의원,전남,360300,목포시,"전라남도 목포시 백년대로 314-1, (상동)",126.4220342,34.8042364
제중의원,의원,전남,360016,완도군,"전라남도 완도군 완도읍 개포로 154-9, (완도읍)",126.7453375,34.3191217
제중한의원,한의원,전남,360400,순천시,"전라남도 순천시 용당삼산로 7, (용당동)",127.4901284,34.9725279
제철다나치과의원,치과의원,전남,360700,광양시,"전라남도 광양시 희망길 12-7, 기가타운 209호 (금호동)",127.7246731,34.9365201
조강호이비인후과의원,의원,전남,360400,순천시,"전라남도 순천시 중앙로 136, 2층 (매곡동)",127.4844433,34.9577919
조광섭치과의원,치과의원,전남,360014,영광군,"전라남도 영광군 영광읍 신남로 178, 3층",126.5014363,35.275885
조기섭내과의원,의원,전남,360700,광양시,"전라남도 광양시 공영로 66, 2층 (중동)",127.6962522,34.9357037
조길호의원,의원,전남,360018,장흥군,"전라남도 장흥군 장흥읍 동교1길 36-1, (장흥읍)",126.9093797,34.6775653
조도보건지소,보건지소,전남,360019,진도군,"전라남도 진도군 조도면 창유2길 12, (조도보건지소)",126.0462205,34.2981277
조령보건진료소,보건진료소,전남,360700,광양시,"전라남도 광양시 봉강면 성불로 815, 815",127.565933,35.0516321
조례미소의원,의원,전남,360400,순천시,"전라남도 순천시 봉화2길 99, 창암빌딩 3층 (조례동)",127.5178406,34.9617115
조례순천안과의원,의원,전남,360400,순천시,"전라남도 순천시 순광로 14, 3층 (조례동)",127.522948,34.9545245
조비뇨기과의원,의원,전남,360500,여수시,"전라남도 여수시 시청로 48, 1층 (학동)",127.6631212,34.7658744
조선한의원,한의원,전남,360015,영암군,"전라남도 영암군 삼호읍 삼호중앙로 161-1, (삼호읍)",126.4685387,34.7456847
조성보건지소,보건지소,전남,360010,보성군,"전라남도 보성군 조성면 조성4길 10-12, (조성면)",127.2473191,34.8071355
조성한치과의원,치과의원,전남,360021,해남군,"전라남도 해남군 북평면 볼무당길 33, 33",126.6297243,34.4079358
조성현비뇨의학과의원,의원,전남,360002,고흥군,"전라남도 고흥군 고흥읍 봉황길 45, 소매점 및 사무소 2층 201호",127.2834621,34.6074247
조성형외과의원,의원,전남,360500,여수시,"전라남도 여수시 여서로 164-1, 5층 (여서동)",127.7000508,34.7480041
조안과의원,의원,전남,360002,고흥군,"전라남도 고흥군 고흥읍 터미널길 30, 2층",127.2814969,34.6079159
조앤유치과의원,치과의원,전남,360500,여수시,"전라남도 여수시 여서로 162, (여서동)",127.6997306,34.7478656
조연이비인후과병원,병원,전남,360300,목포시,"전라남도 목포시 백년대로 298,  (상동)",126.4206704,34.8035707
조영복한의원,한의원,전남,360022,화순군,"전라남도 화순군 화순읍 광덕로 177, 숙인빌딩",126.9921815,35.0606496
조옥현고구려한의원,한의원,전남,360300,목포시,"전라남도 목포시 청호로 102, (산정동)",126.3791916,34.8017541
조외과의원,의원,전남,360002,고흥군,"전라남도 고흥군 고흥읍 흥양길 30, (고흥읍)",127.2861139,34.610495
조용환치과의원,치과의원,전남,360500,여수시,"전라남도 여수시 무선로 20, (학동)",127.6562388,34.7627771
조윤향피부과의원,의원,전남,360400,순천시,"전라남도 순천시 이수로 325, 2층 (조례동)",127.519246,34.9541384
조은에스치과의원,치과의원,전남,360500,여수시,"전라남도 여수시 중앙로 27, 참조은신협빌딩 6층 (충무동)",127.7306851,34.7405193
조은의원,의원,전남,360700,광양시,"전라남도 광양시 용지길 20, (태인동)",127.7570304,34.9430166
조은이비인후과의원,의원,전남,360500,여수시,"전라남도 여수시 망마로 42, (학동)",127.6673308,34.7591575
조은치과의원,치과의원,전남,360200,나주시,"전라남도 나주시 남평읍 남평1로 22, 2층",126.8400175,35.046639
조은치과의원,치과의원,전남,360500,여수시,"전라남도 여수시 쌍봉로 40-1, 42 2층 (학동)",127.6604432,34.7662657
조은치과의원,치과의원,전남,360700,광양시,"전라남도 광양시 광양읍 대림오성로 79, 2층",127.5711514,34.9665004
조은한의원,한의원,전남,360300,목포시,"전라남도 목포시 비파로 95, 2층 (상동)",126.4240341,34.8065502
조은한의원,한의원,전남,360500,여수시,"전라남도 여수시 중앙로 21, 3층 (충무동)",127.7298704,34.7406095
조은한의원,한의원,전남,360700,광양시,"전라남도 광양시 중마중앙로 87, 2층 (중동)",127.6977562,34.9380577
조재현내과의원,의원,전남,360500,여수시,"전라남도 여수시 여서1로 76, (여서동)",127.7056776,34.7533039
조정형외과의원,의원,전남,360300,목포시,"전라남도 목포시 백년대로 325, 1,2층 (상동)",126.422867,34.8053468
조정형외과의원,의원,전남,360014,영광군,"전라남도 영광군 영광읍 천년로11길 45, (영광읍)",126.4992126,35.2760539
조철현내과의원,의원,전남,360700,광양시,"전라남도 광양시 중마로 174, 1층 (중동)",127.6893616,34.9401922
조한의원,한의원,전남,360006,구례군,"전라남도 구례군 구례읍 상설시장길 21, (구례읍)",127.4669758,35.2103046
조한의원,한의원,전남,360400,순천시,"전라남도 순천시 팔마로 47, 2층 (풍덕동)",127.4936342,34.9465668
좋은생각 정신건강의학과의원,의원,전남,360020,함평군,"전라남도 함평군 함평읍 중앙길 80, 1층",126.522414,35.0635162
좋은이치과의원,치과의원,전남,360021,해남군,"전라남도 해남군 해남읍 남부순환로 5, 2층",126.6073492,34.5703352
좌수영요양병원,요양병원,전남,360500,여수시,"전라남도 여수시 봉계5길 10-13,  (봉계동)",127.6686725,34.7837783
주민의원,의원,전남,360200,나주시,"전라남도 나주시 예향로 3817, (이창동)",126.7138736,34.9950845
주사랑의원,의원,전남,360003,곡성군,"전라남도 곡성군 옥과면 대학로 134, (옥과면)",127.134418,35.2755984
주암보건지소,보건지소,전남,360400,순천시,"전라남도 순천시 주암면 동주로 2090-1, (주암면)",127.2396339,35.0752305
주완치과의원,치과의원,전남,360014,영광군,"전라남도 영광군 홍농읍 상하길 33, 201호 (초원상가)",126.4449224,35.394894
주플란트치과의원,치과의원,전남,360300,목포시,"전라남도 목포시 삼학로 24, 4층 (호남동)",126.388075,34.7900833
죽림보건진료소,보건진료소,전남,360019,진도군,"전라남도 진도군 임회면 죽림길 578-4, 578",126.2525306,34.3890866
죽림치과의원,치과의원,전남,360500,여수시,"전라남도 여수시 소라면 죽림로 3, (소라면)",127.6395937,34.7612511
죽산보건진료소,보건진료소,전남,360009,무안군,"전라남도 무안군 일로읍 죽산길 3, 3",126.5036286,34.8254023
죽장보건진료소,보건진료소,전남,360020,함평군,"전라남도 함평군 손불면 죽암죽장길 356, (손불면)",126.4742625,35.1398283
죽천보건진료소,보건진료소,전남,360700,광양시,"전라남도 광양시 옥룡면 내천길 4, (옥룡면)",127.6182882,35.043509
죽포보건진료소,보건진료소,전남,360500,여수시,"전라남도 여수시 돌산읍 돌산로 2080-8, 2080",127.7811668,34.6396586
준치과의원,치과의원,전남,360200,나주시,"전라남도 나주시 나주로 210, (성북동)",126.7219149,35.0352076
준치과의원,치과의원,전남,360400,순천시,"전라남도 순천시 왕지5길 34, 3층 (왕지동)",127.525987,34.971685
준호이비인후과의원,의원,전남,360022,화순군,"전라남도 화순군 화순읍 광덕로 177, 3층",126.9921815,35.0606496
중부보건지소,보건지소,전남,360500,여수시,"전라남도 여수시 여서동5길 21-1, (여서동, 여서동주민자치쎈터)",127.7085599,34.7505179
중앙가정의학과의원,의원,전남,360400,순천시,"전라남도 순천시 풍덕주택길 59, (풍덕동)",127.5033917,34.9419123
중앙내과의원,의원,전남,360014,영광군,"전라남도 영광군 영광읍 신남로 180, 308호",126.501912,35.2758936
중앙내과의원,의원,전남,360021,해남군,"전라남도 해남군 해남읍 남부순환로 7, (해남읍)",126.6070493,34.5703137
중앙내과의원,의원,전남,360016,완도군,"전라남도 완도군 완도읍 장보고대로 284-1, 토반빌딩",126.7559095,34.3146008
중앙연합의원,의원,전남,360500,여수시,"전라남도 여수시 신월로 807, (서교동)",127.7268015,34.740228
중앙외과의원,의원,전남,360014,영광군,"전라남도 영광군 법성면 진굴비길 82-3, (법성면)",126.4444598,35.3623976
중앙의원,의원,전남,360012,신안군,"전라남도 신안군 압해읍 압해로 872, (압해읍)",126.313747,34.8651685
중앙의원,의원,전남,360200,나주시,"전라남도 나주시 공산면 공산로 106, (중앙의원)",126.6101464,34.9416415
중앙의원,의원,전남,360017,장성군,"전라남도 장성군 삼계면 사창로 42, (삼계면)",126.6671993,35.2583009
중앙의원,의원,전남,360009,무안군,"전라남도 무안군 무안읍 무안중앙로 23, (무안읍)",126.4764869,34.9889696
중앙의원,의원,전남,360015,영암군,"전라남도 영암군 시종면 마한로 1272-1, 1272",126.6095079,34.8682493
중앙의원,의원,전남,360019,진도군,"전라남도 진도군 진도읍 남문길 40, 중앙의원",126.2643254,34.481684
중앙의원,의원,전남,360400,순천시,"전라남도 순천시 월등면 월등로 1038-1, 1층",127.4281907,35.1028224
중앙의원,의원,전남,360700,광양시,"전라남도 광양시 광영로 46, (광영동)",127.7238833,34.9621937
중앙치과의원,치과의원,전남,360009,무안군,"전라남도 무안군 일로읍 일로로 95-1, 95",126.4958208,34.847656
중앙치과의원,치과의원,전남,360200,나주시,"전라남도 나주시 예향로 3803, 영산포공용터미널 (이창동)",126.712575,34.994526
중앙치과의원,치과의원,전남,360001,강진군,"전라남도 강진군 강진읍 영랑로 35, 2층",126.7678958,34.638509
중앙치과의원,치과의원,전남,360006,구례군,"전라남도 구례군 구례읍 로터리길 11, (구례읍)",127.4658537,35.2091275
중앙한의원,한의원,전남,360002,고흥군,"전라남도 고흥군 도양읍 녹동남촌1길 17, (도양읍)",127.1385216,34.5283963
중화부부한의원,한의원,전남,360700,광양시,"전라남도 광양시 광양읍 용강로 18, 2층",127.6088619,34.971309
중흥가족치과의원,치과의원,전남,360200,나주시,"전라남도 나주시 상야3길 8, 207호 (빛가람동, 중흥s클래스메가티움2차)",126.7903643,35.0229256
즐거운내과의원,의원,전남,360002,고흥군,"전라남도 고흥군 도양읍 녹동남문길 8-25, (도양읍)",127.1350898,34.5278376
즐거운요양병원,요양병원,전남,360200,나주시,"전라남도 나주시 노안면 노안삼도로 507-14, (노안면)",126.6949795,35.0889222
즐거운치과의원,치과의원,전남,360500,여수시,"전라남도 여수시 대학로 11, (미평동)",127.7020307,34.771361
즐거운치과의원,치과의원,전남,360400,순천시,"전라남도 순천시 이수로 315, 3층 (조례동)",127.5181705,34.9538071
즐거운치과의원,치과의원,전남,360002,고흥군,"전라남도 고흥군 도양읍 녹동남촌1길 6-1, (2층)",127.1380046,34.5293788
증도면병풍도보건진료소,보건진료소,전남,360012,신안군,"전라남도 신안군 증도면 병풍1길 38, 38",126.2134967,34.9597314
증도면보건지소,보건지소,전남,360012,신안군,"전라남도 신안군 증도면 문준경길 193-1, (증도면)",126.1396274,35.0023459
지도 원광한의원,한의원,전남,360012,신안군,"전라남도 신안군 지도읍 봉리길 3, (지도읍)",126.2104262,35.0596505
지도성심의원,의원,전남,360012,신안군,"전라남도 신안군 지도읍 봉리길 7, (지도읍)",126.2104235,35.0598976
지도읍보건지소,보건지소,전남,360012,신안군,"전라남도 신안군 지도읍 지도증도로 9-1, (지도읍)",126.2053723,35.0571154
지도읍선도보건진료소,보건진료소,전남,360012,신안군,"전라남도 신안군 지도읍 선도길 14-4, 선도보건진료소",126.2693694,34.9767606
지도읍어의도보건진료소,보건진료소,전남,360012,신안군,"전라남도 신안군 지도읍 어의길 91-5, 91",126.1901799,35.1394954
지리산쌍계한의원,한의원,전남,360400,순천시,"전라남도 순천시 왕지2길 13-7, 2층 (왕지동)",127.523643,34.9685561
지산보건지소,보건지소,전남,360019,진도군,"전라남도 진도군 지산면 인지인천2길 2, (보건소)",126.1669943,34.4250761
지산한의원,한의원,전남,360500,여수시,"전라남도 여수시 서교3길 5-2, (서교동)",127.7272586,34.7413146
지성치과의원,치과의원,전남,360500,여수시,"전라남도 여수시 충무로 56, (충무동)",127.7314691,34.7414939
지평희치과의원,치과의원,전남,360018,장흥군,"전라남도 장흥군 장흥읍 동교2길 27, (장흥읍)",126.9083412,34.6786956
진남마취통증의학과의원,의원,전남,360500,여수시,"전라남도 여수시 동문로 10, 2층 (중앙동)",127.7367255,34.7408187
진남의원,의원,전남,360500,여수시,"전라남도 여수시 쌍봉로 24, (학동)",127.6586854,34.7662748
진남한의원,한의원,전남,360500,여수시,"전라남도 여수시 좌수영로 38-1, (서교동)",127.7285532,34.7437289
진도경희의원,의원,전남,360019,진도군,"전라남도 진도군 진도읍 남문길 5, (진도읍)",126.2635548,34.4786652
진도군노인전문요양병원,요양병원,전남,360019,진도군,"전라남도 진도군 의신면 운림산방로 31, (의신면)",126.2786619,34.4651505
진도군보건소,보건소,전남,360019,진도군,"전라남도 진도군 진도읍 남동1길 40-9, (진도읍)",126.2628195,34.480429
진도의원,의원,전남,360019,진도군,"전라남도 진도군 진도읍 남문길 12-1, (진도읍)",126.2640896,34.4791208
진도한국병원,병원,전남,360019,진도군,"전라남도 진도군 진도읍 남문길 48, (진도읍)",126.2640944,34.4824204
진상보건지소,보건지소,전남,360700,광양시,"전라남도 광양시 진상면 신시길 232, (진상면)",127.7201397,35.0198387
진상의원,의원,전남,360700,광양시,"전라남도 광양시 진상면 학연로 10, 2층",127.7194046,35.0191321
진솔한치과의원,치과의원,전남,360500,여수시,"전라남도 여수시 시청로 15, 5,6층 (학동)",127.6624931,34.7631666
진월보건지소,보건지소,전남,360700,광양시,"전라남도 광양시 진월면 선소중앙길 32, (진월면)",127.7578545,34.9781121
진철희치과의원,치과의원,전남,360500,여수시,"전라남도 여수시 좌수영로 14, (서교동)",127.7281496,34.7414725
진흥한의원,한의원,전남,360400,순천시,"전라남도 순천시 중앙로 13, 1층 (저전동)",127.4869,34.9477166
차가정의학과의원,의원,전남,360300,목포시,"전라남도 목포시 용당로 281, 1층 (용해동, 종원빌딩)",126.3990788,34.8123212
차산부인과의원,의원,전남,360022,화순군,"전라남도 화순군 화순읍 칠충로 141-7, 상가동 207호 (힐스테이트 화순)",126.9833872,35.0611415
차소아청소년과의원,의원,전남,360700,광양시,"전라남도 광양시 광양읍 칠성로 55, (광양읍)",127.5846596,34.9790532
차오름의원,의원,전남,360008,담양군,"전라남도 담양군 금성면 덕성길 11-58, (금성면)",127.0541668,35.3559507
차치과의원,치과의원,전남,360400,순천시,"전라남도 순천시 이수로 23-1, (장천동)",127.4903969,34.9482361
차피부과의원,의원,전남,360300,목포시,"전라남도 목포시 백년대로 327, 3층 (상동)",126.4230815,34.8054792
참빛안과의원,의원,전남,360022,화순군,"전라남도 화순군 화순읍 자치샘로 38-3, (화순읍)",126.9850281,35.0613455
참사랑 한의원,한의원,전남,360020,함평군,"전라남도 함평군 함평읍 광남길 114, (함평읍)",126.5218173,35.063398
참사랑가정의학과의원,의원,전남,360014,영광군,"전라남도 영광군 영광읍 신남로 198, 2층",126.5035299,35.2757788
참사랑의원,의원,전남,360015,영암군,"전라남도 영암군 영암읍 남문로 63, (영암읍)",126.7022707,34.7965434
참사랑의원,의원,전남,360500,여수시,"전라남도 여수시 무선로 34, (학동)",127.6562552,34.7639314
참소아청소년과의원,의원,전남,360200,나주시,"전라남도 나주시 나주로 195, (중앙동)",126.7214831,35.0340713
참자연한방병원,한방병원,전남,360009,무안군,"전라남도 무안군 삼향읍 대죽서로 35-0, (삼향읍)",126.4617329,34.8117909
참정형외과의원,의원,전남,360015,영암군,"전라남도 영암군 삼호읍 대불주거로 96, (삼호읍)",126.4625474,34.7491253
참조은소아청소년과의원,의원,전남,360500,여수시,"전라남도 여수시 여서로 173, (여서동)",127.7006514,34.7488484
참조은연합의원,의원,전남,360500,여수시,"전라남도 여수시 장성3길 52, (안산동)",127.6540322,34.7543181
참조은우리내과의원,의원,전남,360400,순천시,"전라남도 순천시 팔마로 3, (장천동)",127.4887859,34.9469684
참조은치과의원,치과의원,전남,360300,목포시,"전라남도 목포시 비파로51번길 31, 2층 (상동)",126.4237855,34.8016649
참조은피부과의원,의원,전남,360500,여수시,"전라남도 여수시 예울마루로 37-16, 2층 (웅천동)",127.6709466,34.7469181
참좋은마취통증의학과의원,의원,전남,360500,여수시,"전라남도 여수시 남산로 126, 5층 (서교동, 성흔빌딩)",127.7280127,34.7400777
창녕보건진료소,보건진료소,전남,360400,순천시,"전라남도 순천시 낙안면 민속마을길 1209, (낙안면)",127.3880727,34.9210743
창촌보건진료소,보건진료소,전남,360400,순천시,"전라남도 순천시 주암면 주목로 12, (주암면)",127.2768673,35.0609917
창평 건강증진형 보건지소,보건지소,전남,360008,담양군,"전라남도 담양군 창평면 의병로 118, (창평면)",127.0144098,35.2366735
창평성심의원,의원,전남,360008,담양군,"전라남도 담양군 창평면 의병로 135, (창평면)",127.0153384,35.2382862
창평성심치과의원,치과의원,전남,360008,담양군,"전라남도 담양군 창평면 의병로 135, 2층",127.0153384,35.2382862
창평우리병원,정신병원,전남,360008,담양군,"전라남도 담양군 대덕면 차동길 2-62, (대덕면)",127.006925,35.2524083
창평한마음요양병원,요양병원,전남,360008,담양군,"전라남도 담양군 창평면 화양길 64-14, (창평면)",127.0007594,35.251726
채움비뇨기과의원,의원,전남,360400,순천시,"전라남도 순천시 장선배기1길 4, 음양당약국 2층 (조례동)",127.5226678,34.9530489
채움치과의원,치과의원,전남,360400,순천시,"전라남도 순천시 해룡면 신대3길 2, 5층 501호",127.5494077,34.9342953
척병원,병원,전남,360400,순천시,"전라남도 순천시 팔마로 205, (덕암동)",127.5093028,34.9414039
천관의원,의원,전남,360018,장흥군,"전라남도 장흥군 관산읍 관산로 78-1, (관산읍)",126.9390462,34.5622851
천석배내과의원,의원,전남,360022,화순군,"전라남도 화순군 화순읍 자치샘로 23, (화순읍)",126.9839203,35.0624703
천장보건진료소,보건진료소,전남,360009,무안군,"전라남도 무안군 해제면 창매로 23, 23",126.2954897,35.0796819
천지인한의원,한의원,전남,360400,순천시,"전라남도 순천시 조례신대앞길 19, 2층 (조례동)",127.5175471,34.9610387
천포보건진료소,보건진료소,전남,360010,보성군,"전라남도 보성군 회천면 충의로 687-21, 687",127.0854,34.668785
천화당한의원,한의원,전남,360300,목포시,"전라남도 목포시 상동로 13, 1층 (상동)",126.4161042,34.811722
청계보건지소,보건지소,전남,360009,무안군,"전라남도 무안군 청계면 청계중앙길 14-5, 14",126.4282052,34.9107695
청계의원,의원,전남,360009,무안군,"전라남도 무안군 청계면 청계중앙길 3-4, 3",126.4293635,34.9097835
청계한의원,한의원,전남,360009,무안군,"전라남도 무안군 청계면 영산로 1684, ()",126.4303109,34.9092282
청담리즈의원,의원,전남,360400,순천시,"전라남도 순천시 이수로 319, LG텔레콤 2층 (조례동)",127.5185726,34.9539104
청담맑은의원,의원,전남,360500,여수시,"전라남도 여수시 시청로 42, 2층 (학동, 전남빌딩)",127.6631719,34.7654529
청담연합의원,의원,전남,360400,순천시,"전라남도 순천시 해룡면 향매로 59, 2층 204호",127.5461465,34.9346455
청담유성형외과의원,의원,전남,360300,목포시,"전라남도 목포시 백년대로 320, 2층 (상동)",126.4225922,34.8045197
청룡한의원,한의원,전남,360018,장흥군,"전라남도 장흥군 장흥읍 흥성로 78, (장흥읍)",126.9110583,34.6774102
청산한의원,한의원,전남,360016,완도군,"전라남도 완도군 청산면 청산로 1592, 청산한의원",126.8594089,34.1824395
청암요양병원,요양병원,전남,360500,여수시,"전라남도 여수시 둔덕2길 6-5,  0동 (미평동)",127.7023754,34.7675723
청연우리병원,병원,전남,360400,순천시,"전라남도 순천시 팔마로 212,  (풍덕동)",127.5090508,34.9405169
청이비인후과,의원,전남,360700,광양시,"전라남도 광양시 광장로 142, 5층 (중동)",127.695303,34.9366756
청정한의원,한의원,전남,360021,해남군,"전라남도 해남군 문내면 동영길 29-2, (문내면)",126.3115535,34.597653
청치과의원,치과의원,전남,360021,해남군,"전라남도 해남군 해남읍 남부순환로 159, 청치과의원 3층",126.5943034,34.5654404
청파한의원,한의원,전남,360200,나주시,"전라남도 나주시 상야2길 16, 토담휴로스 1차 204호 (빛가람동)",126.7878872,35.0220107
청풍보건지소,보건지소,전남,360022,화순군,"전라남도 화순군 청풍면 평지촌길 40, 40",126.9703061,34.8763944
청해진한의원,한의원,전남,360016,완도군,"전라남도 완도군 완도읍 청해진남로18번길 7, (완도읍)",126.7560186,34.3139241
초도보건지소,보건지소,전남,360500,여수시,"전라남도 여수시 삼산면 대동길 78, (삼산면)",127.2496221,34.2378506
최고다정형외과의원,의원,전남,360500,여수시,"전라남도 여수시 좌수영로 25, 4,5층 (광무동)",127.727768,34.7427437
최고이비인후과의원,의원,전남,360500,여수시,"전라남도 여수시 중앙로 30, 2층 (교동)",127.7310295,34.7400417
최고한의원,한의원,전남,360300,목포시,"전라남도 목포시 영산로 52, (대의동1가)",126.3844031,34.7872409
최광영신경외과의원,의원,전남,360500,여수시,"전라남도 여수시 망마로 15, 2,3,4,5층 (학동)",127.6650435,34.760713
최선치과의원,치과의원,전남,360300,목포시,"전라남도 목포시 산정로 59, 4층 (산정동)",126.3926538,34.7938396
최성식재활의학과의원,의원,전남,360003,곡성군,"전라남도 곡성군 곡성읍 읍내14길 8, (곡성읍)",127.2960196,35.2808566
최신외과의원,의원,전남,360300,목포시,"전라남도 목포시 신죽길 38, (죽교동)",126.3781073,34.7984365
최신한의원,한의원,전남,360300,목포시,"전라남도 목포시 백년대로 303, (상동)",126.4206,34.8045333
최용진치과의원,치과의원,전남,360015,영암군,"전라남도 영암군 영암읍 중앙로 37, (영암읍)",126.6974582,34.7996365
최윤정이혜은산부인과의원,의원,전남,360400,순천시,"전라남도 순천시 신월큰길 13, (조례동)",127.5198452,34.9604482
최재영치과의원,치과의원,전남,360500,여수시,"전라남도 여수시 신월로 676, (국동)",127.7179422,34.731254
최재활의학과의원,의원,전남,360006,구례군,"전라남도 구례군 구례읍 구례1길 48, 송원프라자상가아파트",127.4663098,35.2093676
최종영신경정신과의원,의원,전남,360400,순천시,"전라남도 순천시 대석길 20, (연향동)",127.5244124,34.945607
최종옥정형외과의원,의원,전남,360400,순천시,"전라남도 순천시 조례못등길 16, (조례동)",127.5263787,34.9542063
최진수 소아청소년과의원,의원,전남,360400,순천시,"전라남도 순천시 용당삼산로 17, 2층 (용당동)",127.4896805,34.9733127
최한의원,한의원,전남,360400,순천시,"전라남도 순천시 중앙2길 1, (장천동)",127.4857158,34.9495618
추나인한의원,한의원,전남,360400,순천시,"전라남도 순천시 오천7길 28, 2층 202호 (오천동)",127.4942549,34.9351372
추산보건진료소,보건진료소,전남,360700,광양시,"전라남도 광양시 옥룡면 백계로 124, (옥룡면)",127.6088238,35.0364822
춘양보건지소,보건지소,전남,360022,화순군,"전라남도 화순군 춘양면 강변길 17-2, 17",126.9624101,34.9502699
춘양삼성의원,의원,전남,360022,화순군,"전라남도 화순군 춘양면 춘양로 94-2, (춘양면)",126.9608117,34.9509534
치아림치과의원,치과의원,전남,360400,순천시,"전라남도 순천시 이수로 325, 4층 (조례동)",127.519246,34.9541384
친구들치과의원,치과의원,전남,360500,여수시,"전라남도 여수시 시청로 34, 2층 (학동)",127.6633397,34.764728
침앤뜸한의원,한의원,전남,360400,순천시,"전라남도 순천시 해룡면 향매로 71, 2층",127.5474476,34.9341668
코뿔소마취통증의학과의원,의원,전남,360017,장성군,"전라남도 장성군 장성읍 영천로 126, 2층",126.7813019,35.2967692
코아미즈의원,의원,전남,360300,목포시,"전라남도 목포시 옥암로 129, (상동)",126.4244207,34.8100242
코앤기의원,의원,전남,360700,광양시,"전라남도 광양시 중마중앙로 73, (중동)",127.697728,34.9367615
코앤소리 이비인후과의원,의원,전남,360300,목포시,"전라남도 목포시 백년대로 304, 4층 (상동)",126.4210695,34.8037227
크리스마스치과의원,치과의원,전남,360700,광양시,"전라남도 광양시 공영로 25, 3층 (중동)",127.69159,34.936474
큰사랑소아청소년과의원,의원,전남,360700,광양시,"전라남도 광양시 광장로 125, A동 1층 111호 (중동, 광양시티프라자)",127.694308,34.9353788
큰사랑연합의원,의원,전남,360500,여수시,"전라남도 여수시 웅천로 124, 2,3,4층 (웅천동)",127.6766371,34.7407382
키즈빌치과의원,치과의원,전남,360009,무안군,"전라남도 무안군 삼향읍 남악4로 86, 3층 301호 (한양에드가오피스텔1)",126.4664143,34.8131458
킴스의원,의원,전남,360009,무안군,"전라남도 무안군 삼향읍 남악3로 80, 제일프라자 402,403호",126.4606958,34.8126468
탑내과가정의학과의원,의원,전남,360500,여수시,"전라남도 여수시 신월로 804, 2층 (서교동, 교보생명빌딩)",127.7270096,34.7395848
탑메디의원,의원,전남,360300,목포시,"전라남도 목포시 신흥로 44, 2층 (상동)",126.4256574,34.8030362
탑요양병원,요양병원,전남,360700,광양시,"전라남도 광양시 광양읍 대림오성로 63-0, (광양읍)",127.5701494,34.9675375
탑재활의학과의원,의원,전남,360002,고흥군,"전라남도 고흥군 고흥읍 여산당촌길 18, (고흥읍)",127.2812352,34.6077132
탑정형외과의원,의원,전남,360009,무안군,"전라남도 무안군 삼향읍 남악3로 50, 신우메디칼센터 4~5층",126.4606714,34.8099707
탑정형외과의원,의원,전남,360700,광양시,"전라남도 광양시 중마중앙로 81, 2층 (중동)",127.697747,34.9374388
탑치과의원,치과의원,전남,360500,여수시,"전라남도 여수시 새터로 65, (신기동)",127.674051,34.7621066
탑치과의원,치과의원,전남,360700,광양시,"전라남도 광양시 광양읍 신재로 18, 3층",127.5894963,34.9727511
탑통증연합의원,의원,전남,360008,담양군,"전라남도 담양군 담양읍 중앙로 23, 23",126.9833456,35.3152406
태양당한의원,한의원,전남,360400,순천시,"전라남도 순천시  조례1길 15, (조례동)",127.5232711,34.9606491
태원정신건강의학과의원,의원,전남,360300,목포시,"전라남도 목포시 교육로 77, 3층 (상동)",126.4191534,34.8037798
태인보건진료소,보건진료소,전남,360700,광양시,"전라남도 광양시 태인길 304, (태인동)",127.7532518,34.9423749
토지보건지소,보건지소,전남,360006,구례군,"전라남도 구례군 토지면 섬진강대로 5039, 5039",127.5261848,35.1968585
튼튼 한의원,한의원,전남,360009,무안군,"전라남도 무안군 무안읍 무안중앙로 10, 2층",126.4779695,34.9886525
튼튼마취통증의학과의원,의원,전남,360200,나주시,"전라남도 나주시 나주로 210, (성북동)",126.7219149,35.0352076
튼튼소아청소년과의원,의원,전남,360500,여수시,"전라남도 여수시 여서1로 54, 2층 (여서동)",127.7037648,34.7522261
튼튼정형외과의원,의원,전남,360300,목포시,"전라남도 목포시 산정로 275, 2,3층 (산정동)",126.3860289,34.8113972
튼튼정형외과의원,의원,전남,360014,영광군,"전라남도 영광군 영광읍 신남로 180, (영광읍)",126.501912,35.2758936
튼튼치과의원,치과의원,전남,360200,나주시,"전라남도 나주시 예향로 3795, 2층 (이창동)",126.7119936,34.9942117
틔움가정의학과의원,의원,전남,360500,여수시,"전라남도 여수시 망마로 11, 3층 (학동)",127.6647174,34.7608555
파란소아청소년과의원,의원,전남,360200,나주시,"전라남도 나주시 월정1길 41, 3층 301호 (빛가람동)",126.7872957,35.0097379
파머스치과의원,치과의원,전남,360400,순천시,"전라남도 순천시 백연길 111, 1층 (조례동)",127.5329483,34.952535
파티마성형외과의원,의원,전남,360400,순천시,"전라남도 순천시 순광로 6, 1동 4층 (조례동)",127.5219357,34.9542948
판교보건진료소,보건진료소,전남,360400,순천시,"전라남도 순천시 서면 판교안길 162, (서면)",127.502521,35.0250761
팔금면보건지소,보건지소,전남,360012,신안군,"전라남도 신안군 팔금면 삼층석탑길 147, (팔금면)",126.1424485,34.7847832
퍼스트치과의원,치과의원,전남,360009,무안군,"전라남도 무안군 삼향읍 남악4로 79, 3층 (한양프라자)",126.4654996,34.8126719
편안경희한의원,한의원,전남,360500,여수시,"전라남도 여수시 문수로 112, 편안헬스케어빌딩 (여서동)",127.7071512,34.7548335
편안마취통증의학과의원,의원,전남,360500,여수시,"전라남도 여수시 문수로 114, (여서동)",127.7072135,34.7549811
편안한방병원,한방병원,전남,360300,목포시,"전라남도 목포시 옥암로 77-1,  (상동)",126.4269251,34.8061287
편안한치과의원,치과의원,전남,360014,영광군,"전라남도 영광군 영광읍 옥당로 153, 4층",126.5008798,35.2756737
편한마취통증의학과의원,의원,전남,360700,광양시,"전라남도 광양시 광양읍 백운로 1, (광양읍)",127.5897923,34.9712693
편한신경외과의원,의원,전남,360017,장성군,"전라남도 장성군 장성읍 영천로 128, 1층",126.7813619,35.2969736
편한이치과의원,치과의원,전남,360400,순천시,"전라남도 순천시 삼산로 101, 2층 201호 (용당동, 주상복합)",127.4939793,34.9734996
평강한의원,한의원,전남,360022,화순군,"전라남도 화순군 화순읍 칠충로 130, (화순읍)",126.9833506,35.0601812
평강한의원,한의원,전남,360500,여수시,"전라남도 여수시 여서1로 58, (여서동)",127.7035546,34.7524826
평사보건진료소,보건진료소,전남,360500,여수시,"전라남도 여수시 돌산읍 평사로 560-6, 560",127.7476127,34.6645485
평암보건진료소,보건진료소,전남,360021,해남군,"전라남도 해남군 북평면 땅끝해안로 3456, (북평면)",126.5904274,34.3576932
평죽보건진료소,보건진료소,전남,360400,순천시,"전라남도 순천시 황전면 농소길 9, (평죽보건진료소)",127.4620018,35.0801846
포두가정의학과의원,의원,전남,360002,고흥군,"전라남도 고흥군 포두면 후동1길 2, (포두면)",127.3399682,34.5722169
포두보건지소,보건지소,전남,360002,고흥군,"전라남도 고흥군 포두면 우주로 597, (포두면)",127.34055,34.571533
표준한의원,한의원,전남,360700,광양시,"전라남도 광양시 중마로 183, 2층 (중동)",127.688876,34.9411165
푸른뫼중앙의원,의원,전남,360016,완도군,"전라남도 완도군 청산면 청산로 1575, 1575",126.860561,34.1833702
푸른소아청소년과의원,의원,전남,360022,화순군,"전라남도 화순군 화순읍 중앙로 98, 98",126.9921304,35.0602543
푸른솔한의원,한의원,전남,360500,여수시,"전라남도 여수시 여서로 162, (여서동)",127.6997579,34.7478458
풍양보건지소,보건지소,전남,360002,고흥군,"전라남도 고흥군 풍양면 죽시장터길 3, (풍양면)",127.2439259,34.5759947
프라임비뇨기과의원,의원,전남,360400,순천시,"전라남도 순천시 신월큰길 13, 메디플러스타운동 4층 (조례동)",127.5198452,34.9604482
프라임치과의원,치과의원,전남,360500,여수시,"전라남도 여수시 여서로 173, 6층 (여서동)",127.7006514,34.7488484
프라임치과의원,치과의원,전남,360400,순천시,"전라남도 순천시 팔마4길 51, (연향동)",127.5136375,34.9337763
프라임한의원,한의원,전남,360400,순천시,"전라남도 순천시 해룡면 향매로 99, SM빌딩 3~4층",127.5502658,34.9335454
프랑스의원,의원,전남,360300,목포시,"전라남도 목포시 원산중앙로 89, 2층 (연산동)",126.3804256,34.811957
프롬치과의원,치과의원,전남,360400,순천시,"전라남도 순천시 왕궁길 47, 2층 (조례동)",127.5319155,34.9551349
플러스내과의원,의원,전남,360400,순천시,"전라남도 순천시 신월큰길 13, (조례동)",127.5198452,34.9604482
플러스아이미코병원,병원,전남,360400,순천시,"전라남도 순천시 신월큰길 7-0,  (조례동)",127.5203313,34.9604789
플러스안과의원,의원,전남,360400,순천시,"전라남도 순천시 신월큰길 7, 리원빌딩동 3층 (조례동)",127.5203313,34.9604789
플러스치과의원,치과의원,전남,360400,순천시,"전라남도 순천시 신월큰길 13, (조례동)",127.5198452,34.9604482
필스토리의원,의원,전남,360400,순천시,"전라남도 순천시 신월큰길 7, (조례동, 리원빌딩 4,5층)",127.5203313,34.9604789
필의원,의원,전남,360009,무안군,"전라남도 무안군 삼향읍 남악2로74번길 39, 광일프라자 2층 201~202호호",126.4592078,34.8130693
필치과의원,치과의원,전남,360300,목포시,"전라남도 목포시 용해지구로 12, 2층 (용해동)",126.398106,34.8174244
하나 연합의원,의원,전남,360016,완도군,"전라남도 완도군 고금면 고금동로 30, (고금면)",126.8028859,34.3965163
하나로메디컬의원,의원,전남,360300,목포시,"전라남도 목포시 송림로40번길 9, (용당동)",126.4019997,34.8068339
하나로의원,의원,전남,360020,함평군,"전라남도 함평군 함평읍 내바람길 42, 함평농협 2층",126.5213557,35.0630433
하나로의원,의원,전남,360700,광양시,"전라남도 광양시 공영로 25, 3층 (중동, 하나로마트)",127.69159,34.936474
하나로치과의원,치과의원,전남,360200,나주시,"전라남도 나주시 대호길 19, 2층 (성북동)",126.7176582,35.0375846
하나로플란트치과의원,치과의원,전남,360020,함평군,"전라남도 함평군 함평읍 내바람길 42, 함평농협 2층",126.5213557,35.0630433
하나비뇨기과의원,의원,전남,360400,순천시,"전라남도 순천시 순광로 14, 드림내과 5층 (조례동)",127.522948,34.9545245
하나성형외과의원,의원,전남,360009,무안군,"전라남도 무안군 삼향읍 남악4로 86, (삼향읍)",126.4664143,34.8131458
하나안과의원,의원,전남,360015,영암군,"전라남도 영암군 영암읍 동문로 5, (영암읍)",126.702425,34.7962335
하나연치과의원,치과의원,전남,360400,순천시,"전라남도 순천시 대석길 23, (연향동)",127.5246145,34.9460016
하나의원,의원,전남,360020,함평군,"전라남도 함평군 나산면 나산길 60, 60",126.6108733,35.1124746
하나의원,의원,전남,360200,나주시,"전라남도 나주시 노안면 금산로 23-1, (노안면)",126.7303766,35.0764427
하나의원,의원,전남,360008,담양군,"전라남도 담양군 담양읍 추성로 1305, (담양읍)",126.9809538,35.3199486
하나의원,의원,전남,360021,해남군,"전라남도 해남군 문내면 동영길 29-4, 1층 101호",126.3114252,34.5975493
하나의원,의원,전남,360010,보성군,"전라남도 보성군 벌교읍 채동선로 215, (벌교읍)",127.3433802,34.8423506
하나이비인후과의원,의원,전남,360400,순천시,"전라남도 순천시 이수로 305, 2층~4층층 (조례동, 동부클라이밍,NEPA)",127.5172374,34.9533732
하나치과의원,치과의원,전남,360015,영암군,"전라남도 영암군 신북면 예향로 2540, ()",126.6900821,34.8878127
하나한의원,한의원,전남,360500,여수시,"전라남도 여수시 신월로 713, (국동)",127.7195721,34.734343
하늘애한의원,한의원,전남,360009,무안군,"전라남도 무안군 청계면 청계중앙길 3-4, (청계면)",126.4293635,34.9097835
하늘원광제통한의원,한의원,전남,360500,여수시,"전라남도 여수시 문수로 39, 3,4층 (문수동)",127.7002614,34.7519349
하늘치과의원,치과의원,전남,360700,광양시,"전라남도 광양시 사동로 184, 2층 (마동)",127.6902912,34.9545451
하당드림이비인후과의원,의원,전남,360300,목포시,"전라남도 목포시 백년대로 295, 2층 (상동)",126.4199762,34.8039717
하당맑은피부과의원,의원,전남,360300,목포시,"전라남도 목포시 백년대로 295, 3층 (상동)",126.4199762,34.8039717
하당맹수한의원,한의원,전남,360300,목포시,"전라남도 목포시 교육로 53, (상동)",126.42045,34.801875
하당목포이비인후과의원,의원,전남,360300,목포시,"전라남도 목포시 백년대로 391, (옥암동)",126.4289425,34.8082908
하당보건지소,보건지소,전남,360300,목포시,"전라남도 목포시 석현로 48, (석현동)",126.4262178,34.8167046
하당비뇨기과의원,의원,전남,360300,목포시,"전라남도 목포시 장미로 20, 2층 (상동, 상아빌딩)",126.4237665,34.8011987
하당우리한의원,한의원,전남,360300,목포시,"전라남도 목포시 옥암로 120-1, 1층 (옥암동)",126.4253265,34.8097484
하당정석치과의원,치과의원,전남,360300,목포시,"전라남도 목포시 비파로 54, (상동)",126.4267743,34.8034851
하당탑치과의원,치과의원,전남,360300,목포시,"전라남도 목포시 부흥로 31, 2층 (상동)",126.4251687,34.801381
하당탑튼튼의원,의원,전남,360300,목포시,"전라남도 목포시 백년대로 304, 1층 101호 (상동)",126.4210695,34.8037227
하당한빛안과의원,의원,전남,360300,목포시,"전라남도 목포시 백년대로 304, (상동)",126.4210695,34.8037227
하사보건진료소,보건진료소,전남,360400,순천시,"전라남도 순천시 해룡면 하사길 79, (하사보건진료소)",127.5454422,34.8595888
하얀나무치과의원,치과의원,전남,360500,여수시,"전라남도 여수시 예울마루로 37-16, (웅천동)",127.6709466,34.7469181
하얀치과의원,치과의원,전남,360500,여수시,"전라남도 여수시 쌍봉로 372, (둔덕동)",127.6952657,34.7684683
하얀치과의원,치과의원,전남,360700,광양시,"전라남도 광양시 공영로 49, 2층 (중동)",127.6947178,34.9360511
하얀치과의원,치과의원,전남,360002,고흥군,"전라남도 고흥군 도양읍 녹동남촌1길 8, 소매점 2층",127.1380239,34.5292869
하얀피부과의원,의원,전남,360300,목포시,"전라남도 목포시 호남로64번길 27, 2층 (대안동)",126.3849013,34.7918671
하의면능산도보건진료소,보건진료소,전남,360012,신안군,"전라남도 신안군 하의면 능뫼큰길 19-6, 능산도보건진료소",126.0078048,34.6135523
하의면보건지소,보건지소,전남,360012,신안군,"전라남도 신안군 하의면 하의로 250, (하의면)",126.0357691,34.6057805
하의면옥도보건진료소,보건진료소,전남,360012,신안군,"전라남도 신안군 하의면 옥도길 83, (하의면)",126.0696608,34.6788416
하이덴치과의원,치과의원,전남,360400,순천시,"전라남도 순천시 신월큰길 1-4, 6층 (조례동)",127.5207942,34.9604262
하이맨의원,의원,전남,360009,무안군,"전라남도 무안군 삼향읍 남악3로 56, 303호",126.4606986,34.810509
하이치과의원,치과의원,전남,360300,목포시,"전라남도 목포시 섶나루길 126, 3층 (상동, 메디타워)",126.4191446,34.8110666
하치과의원,치과의원,전남,360020,함평군,"전라남도 함평군 함평읍 중앙길 45, (함평읍)",126.5230672,35.0619633
학교보건지소,보건지소,전남,360020,함평군,"전라남도 함평군 학교면 함영로 472, 472",126.534577,35.0196786
학교사랑의원,의원,전남,360020,함평군,"전라남도 함평군 학교면 함영로 501-3, (학교면)",126.5326038,35.0219491
학산면보건지소,보건지소,전남,360015,영암군,"전라남도 영암군 학산면 독천로 193-1, (학산면)",126.5701348,34.726205
학산보건진료소,보건진료소,전남,360400,순천시,"전라남도 순천시 별량면 일출길 191, (별량면)",127.4881854,34.8632493
학송보건진료소,보건진료소,전남,360009,무안군,"전라남도 무안군 해제면 봉대로 414, 414",126.2676842,35.1262897
한가람내과의원,의원,전남,360200,나주시,"전라남도 나주시 빛가람로 685, 4층 401,402호 (빛가람동)",126.7866636,35.0215185
한가정연합의원,의원,전남,360002,고흥군,"전라남도 고흥군 고흥읍 고흥로 1771, (고흥읍)",127.2878279,34.6079394
한가정의원,의원,전남,360022,화순군,"전라남도 화순군 화순읍 칠충로 45, (화순읍)",126.9768526,35.0547442
한걸음 정신건강의학과 의원,의원,전남,360200,나주시,"전라남도 나주시 나주로 205, 우성메디컬빌딩 303호 (성북동)",126.7214522,35.0348487
한결치과의원,치과의원,전남,360400,순천시,"전라남도 순천시 중앙로 10, 3층 (장천동)",127.4875885,34.9477115
한결치과의원,치과의원,전남,360300,목포시,"전라남도 목포시 자유로 117, 3층 (산정동)",126.402548,34.7936925
한결한의원,한의원,전남,360700,광양시,"전라남도 광양시 광양읍 신재로 27, 1층",127.5889382,34.9738154
한국가정의원,의원,전남,360008,담양군,"전라남도 담양군 창평면 의병로 126-1, (창평면)",127.0147659,35.2374488
한국수력원자력(주) 한빛본부 부속의원,의원,전남,360014,영광군,"전라남도 영광군 홍농읍 홍농로 846, 한빛원자력본부",126.4286438,35.4210384
한국신경외과의원,의원,전남,360009,무안군,"전라남도 무안군 무안읍 무안중앙로 11, 2~3층",126.4776825,34.9885335
한국안과의원,의원,전남,360300,목포시,"전라남도 목포시 영산로 483, (상동)",126.4162693,34.809382
한국연합의원,의원,전남,360010,보성군,"전라남도 보성군 벌교읍 홍암로 78, (벌교읍)",127.3511226,34.8468081
한국의원,의원,전남,360012,신안군,"전라남도 신안군 안좌면 중부로 848, 852",126.125759,34.75447
한국의원,의원,전남,360014,영광군,"전라남도 영광군 홍농읍 동부로 4-1, (홍농읍)",126.4470111,35.3950431
한국의원,의원,전남,360009,무안군,"전라남도 무안군 해제면 현해로 1712-1, (해제면)",126.2922265,35.1106663
한국의원,의원,전남,360015,영암군,"전라남도 영암군 신북면 황금동로 59-3, (신북면)",126.6911042,34.8873355
한국의원,의원,전남,360021,해남군,"전라남도 해남군 문내면 동영길 20, (문내면)",126.3132064,34.5970867
한국의원,의원,전남,360016,완도군,"전라남도 완도군 신지면 신지로 561, (신지면)",126.8279642,34.3338861
한국정형외과의원,의원,전남,360002,고흥군,"전라남도 고흥군 고흥읍 서문여산길 74, (고흥읍)",127.2817915,34.6072001
한국치과의원,치과의원,전남,360019,진도군,"전라남도 진도군 진도읍 남문길 48, 48",126.2640944,34.4824204
한국한방병원,한방병원,전남,360300,목포시,"전라남도 목포시 옥암로 121-0,  1동 (상동,신안빌딩)",126.4247309,34.8096198
한국한의원,한의원,전남,360300,목포시,"전라남도 목포시 영산로 296, (용당동)",126.3980298,34.8048874
한국흉부외과의원,의원,전남,360200,나주시,"전라남도 나주시 공산면 공산로 124-9, (공산면)",126.6086461,34.9430338
한림의원,의원,전남,360300,목포시,"전라남도 목포시 원산중앙로 59, 2층 (산정동)",126.3780212,34.8101209
한마음가정의원,의원,전남,360015,영암군,"전라남도 영암군 삼호읍 신항로 63-12, (한마음회관내)",126.3797022,34.7450733
한마음가정의원,의원,전남,360500,여수시,"전라남도 여수시 여문2로 70, (문수동)",127.6929029,34.7539966
한마음내과의원,의원,전남,360018,장흥군,"전라남도 장흥군 장흥읍 동교2길 13-19, (장흥읍)",126.9060764,34.6784994
한마음서울치과의원,치과의원,전남,360015,영암군,"전라남도 영암군 삼호읍 신항로 63-12, (삼호읍)",126.3797375,34.7452346
한마음요양병원,요양병원,전남,360200,나주시,"전라남도 나주시 왕곡면 영산포로 30-13, (왕곡면)",126.706717,34.9861176
한마음정형외과의원,의원,전남,360300,목포시,"전라남도 목포시 산정로 147, 1~4층 (산정동)",126.3923632,34.8016443
한마음치과의원,치과의원,전남,360400,순천시,"전라남도 순천시 이수로 319, 4층 401호 (조례동)",127.5185726,34.9539104
한빛산부인과의원,의원,전남,360400,순천시,"전라남도 순천시 연향중앙상가길 29, (연향동)",127.5201407,34.9510509
한빛안과의원,의원,전남,360300,목포시,"전라남도 목포시 영산로 251, 2,5층 (용당동)",126.3936616,34.8033489
한빛의원,의원,전남,360020,함평군,"전라남도 함평군 함평읍 광남길 106, (함평읍)",126.5213591,35.0634889
한빛한의원,한의원,전남,360500,여수시,"전라남도 여수시 쌍봉로 47, (학동)",127.6612415,34.7666963
한사랑의원,의원,전남,360021,해남군,"전라남도 해남군 송지면 산정1길 58, 58",126.521096,34.370776
한사랑의원,의원,전남,360500,여수시,"전라남도 여수시 통제영4길 3, 4-5층 (교동)",127.7345627,34.7405061
한사랑의원,의원,전남,360400,순천시,"전라남도 순천시 삼산로 103-11, 1층 (용당동)",127.4937375,34.9739596
한사랑치과의원,치과의원,전남,360300,목포시,"전라남도 목포시 영산로 347, (용해동)",126.4034781,34.8062638
한사랑치과의원,치과의원,전남,360017,장성군,"전라남도 장성군 삼계면 능성로 548, (삼계면)",126.6729987,35.2592478
한사랑치과의원,치과의원,전남,360700,광양시,"전라남도 광양시 광장로 153, 2층 (중동)",127.6948984,34.9376893
한솔비뇨기과의원,의원,전남,360300,목포시,"전라남도 목포시 영산로 89, 2,3층 (명륜동)",126.3854891,34.790639
한솔의원,의원,전남,360017,장성군,"전라남도 장성군 장성읍 영천로 125-1, 125",126.7808884,35.2968064
한솔의원,의원,전남,360700,광양시,"전라남도 광양시 광양읍 숲샘길 129, (광양읍)",127.5888955,34.9710099
한솔한의원,한의원,전남,360300,목포시,"전라남도 목포시 영산로 241, 2층 (용당동)",126.3927607,34.8030802
한솔한의원,한의원,전남,360500,여수시,"전라남도 여수시 무선중앙로 70, 2층 (선원동)",127.6516326,34.7724823
한신경과의원,의원,전남,360400,순천시,"전라남도 순천시 신월큰길 9, 4층 (조례동)",127.5201739,34.9603919
한양내과의원,의원,전남,360022,화순군,"전라남도 화순군 화순읍 자치샘로 36, 2층 (옥천빌딩)",126.9848259,35.0617254
한양마취통증의학과의원,의원,전남,360006,구례군,"전라남도 구례군 구례읍 봉성로 110, (구례읍)",127.4647663,35.2120068
한양의원,의원,전남,360021,해남군,"전라남도 해남군 송지면 산정1길 70, 70",126.5202039,34.3705326
한양치과의원,치과의원,전남,360021,해남군,"전라남도 해남군 송지면 산정1길 70, (송지면)",126.5202039,34.3705326
한양화이트 치과의원,치과의원,전남,360022,화순군,"전라남도 화순군 화순읍 자치샘로 36, 4층",126.9848259,35.0617254
한용재활의학과의원,의원,전남,360200,나주시,"전라남도 나주시 나주로 185, 101호 (중앙동)",126.7208788,35.0336212
한우리신경외과의원,의원,전남,360500,여수시,"전라남도 여수시 남산로 126, 2층 (서교동, 성흔빌딩)",127.7280127,34.7400777
한이비인후과의원,의원,전남,360500,여수시,"전라남도 여수시 무선로 6, 302-1호 (학동, 이레타운)",127.656377,34.7613603
한일연합의원,의원,전남,360500,여수시,"전라남도 여수시 중앙로 21, 2층 (충무동)",127.7298704,34.7406095
한일의원,의원,전남,360010,보성군,"전라남도 보성군 보성읍 현충로 23-1, (보성읍)",127.0756726,34.7646461
한자보건진료소,보건진료소,전남,360021,해남군,"전라남도 해남군 황산면 한자길 6, (한자보건진료소)",126.4455087,34.5513017
한전국마취통증의학과의원,의원,전남,360400,순천시,"전라남도 순천시 중앙로 10, 6층 (장천동, 김안과의원)",127.4875885,34.9477115
한천보건지소,보건지소,전남,360022,화순군,"전라남도 화순군 한천면 죽헌로 271, (한천면)",126.9995584,34.9780596
한치과의원,치과의원,전남,360009,무안군,"전라남도 무안군 무안읍 면성1길 107, 국제기계종합상사 2층",126.4744847,34.9884782
함께하는치과의원,치과의원,전남,360500,여수시,"전라남도 여수시 신월로 692, 4층 (국동)",127.7188806,34.732521
함께하는치과의원,치과의원,전남,360700,광양시,"전라남도 광양시 백운로 1638-11, 1층 (금호동, 백운메디칼센터)",127.7256798,34.93243
함소아한의원,한의원,전남,360400,순천시,"전라남도 순천시 왕지1길 3-13, 1층 (왕지동)",127.5224501,34.9706452
함평군공립요양병원,요양병원,전남,360020,함평군,"전라남도 함평군 학교면 학교화산길 16-19, (학교면)",126.5366645,35.0486995
함평군보건소,보건소,전남,360020,함평군,"전라남도 함평군 함평읍 중앙길 54-8, (함평읍)",126.5241684,35.0623963
함평연합의원,의원,전남,360020,함평군,"전라남도 함평군 함평읍 서부길 96, (함평읍)",126.5207178,35.0626431
함평의원,의원,전남,360020,함평군,"전라남도 함평군 월야면 밀재로 1531, 1531",126.6294881,35.1796286
함평천지의원,의원,전남,360020,함평군,"전라남도 함평군 함평읍 광남길 75, (함평읍)",126.5199223,35.0639705
함평치과의원,치과의원,전남,360020,함평군,"전라남도 함평군 함평읍 중앙길 80, (연합의원)",126.522414,35.0635162
함평하나내과의원,의원,전남,360020,함평군,"전라남도 함평군 함평읍 중앙길 134, (함평읍)",126.5203362,35.0652038
함평한의원,한의원,전남,360020,함평군,"전라남도 함평군 함평읍 영수길 176, (함평읍)",126.520317,35.0638294
함평효치과의원,치과의원,전남,360020,함평군,"전라남도 함평군 함평읍 중앙길 70, 3층",126.5226548,35.0630844
항도외과의원,의원,전남,360400,순천시,"전라남도 순천시 기적의도서관길 1, 1층,2층 (연향동)",127.5231022,34.9482535
해남교도소부속의원,의원,전남,360021,해남군,"전라남도 해남군 옥천면 해남로 521, (옥천면)",126.6447311,34.5777314
해남군보건소,보건소,전남,360021,해남군,"전라남도 해남군 해남읍 해남로 46, (해남읍)",126.6120737,34.5705646
해남기독의원,의원,전남,360021,해남군,"전라남도 해남군 해남읍 해남로 8, 8",126.6079625,34.5706417
해남김안과의원,의원,전남,360021,해남군,"전라남도 해남군 해남읍 남부순환로 2, 2층",126.6066831,34.5706065
해남김연합의원,의원,전남,360021,해남군,"전라남도 해남군 해남읍 남부순환로 159, 청치과의원 2층",126.5943034,34.5654404
해남복음내과의원,의원,전남,360021,해남군,"전라남도 해남군 해남읍 중앙1로 2-14, (해남읍)",126.607585,34.5718093
해남봄의원,의원,전남,360021,해남군,"전라남도 해남군 해남읍 남부순환로 5, 정하메디컬빌딩 3층",126.6073492,34.5703352
해남뷰티스피부과의원,의원,전남,360021,해남군,"전라남도 해남군 해남읍 중앙1로 2, (해남읍)",126.6069296,34.5712439
해남연합치과의원,치과의원,전남,360021,해남군,"전라남도 해남군 해남읍 해남로 8, (해남읍)",126.6079625,34.5706417
해남우리종합병원,종합병원,전남,360021,해남군,"전라남도 해남군 옥천면 해남로 597, (옥천면)",126.6465633,34.5842521
해남치과의원,치과의원,전남,360021,해남군,"전라남도 해남군 해남읍 중앙2로 52, 52",126.597672,34.569783
해남편한내과의원,의원,전남,360021,해남군,"전라남도 해남군 해남읍 남부순환로 5, 정하빌딩",126.6073492,34.5703352
해남한국병원,병원,전남,360021,해남군,"전라남도 해남군 해남읍 중앙2로 123, (해남읍)",126.595716,34.5669326
해남한의원,한의원,전남,360021,해남군,"전라남도 해남군 해남읍 중앙1로 8, (해남읍)",126.6065785,34.5710389
해달한의원,한의원,전남,360015,영암군,"전라남도 영암군 영암읍 남문로 63, (영암읍)",126.7022707,34.7965434
해뜰마취통증의학과의원,의원,전남,360300,목포시,"전라남도 목포시 영산로 130, 2층 (호남동)",126.387052,34.7940698
해바라기치과의원,치과의원,전남,360300,목포시,"전라남도 목포시 청호로 172, 3층 (산정동)",126.3738059,34.8062156
해보보건지소,보건지소,전남,360020,함평군,"전라남도 함평군 해보면 유정길 8-11, (해보면)",126.602697,35.1793855
해승한의원,한의원,전남,360700,광양시,"전라남도 광양시 광영로 125, 2층 (광영동)",127.7158347,34.9640767
해와달치과의원,치과의원,전남,360200,나주시,"전라남도 나주시 전력로 2, 5층 502-506호 (빛가람동)",126.785331,35.0215717
해운보건진료소,보건진료소,전남,360009,무안군,"전라남도 무안군 현경면 장군로 687, 687",126.4646892,35.0576291
해제보건지소,보건지소,전남,360009,무안군,"전라남도 무안군 해제면 해제중앙로 18, (해제면)",126.2947479,35.1132426
해제치과의원,치과의원,전남,360009,무안군,"전라남도 무안군 해제면 현해로 1712-2, 2층",126.2920832,35.1105613
해제한의원,한의원,전남,360009,무안군,"전라남도 무안군 해제면 봉대로 24, (해제면)",126.2943678,35.1124525
해창보건진료소,보건진료소,전남,360015,영암군,"전라남도 영암군 군서면 오산로 252, (군서 해창 보건진료소)",126.6483123,34.8042
해평의원,의원,전남,360002,고흥군,"전라남도 고흥군 봉래면 축정1길 10-10, (봉래면)",127.4598785,34.4639225
해피뷰정신건강의학과의원,의원,전남,360006,구례군,"전라남도 구례군 구례읍 로터리길 17, 정다운빌딩 3층 301호",127.4665317,35.2091695
햇살한의원,한의원,전남,360700,광양시,"전라남도 광양시 광장로 130, 2층 (중동)",127.695255,34.9356021
행림한의원,한의원,전남,360017,장성군,"전라남도 장성군 장성읍 충무2길 4, (장성읍)",126.7816348,35.2980757
행복나눔치과의원,치과의원,전남,360700,광양시,"전라남도 광양시 사동로 171, 2층 (마동)",127.6889478,34.9544718
행복치과의원,치과의원,전남,360014,영광군,"전라남도 영광군 염산면 칠산로1길 35, (염산면)",126.3717784,35.2170882
행복한가정의원,의원,전남,360400,순천시,"전라남도 순천시 해룡면 장선배기길 256, 2층",127.5303915,34.9479166
행복한내과의원,의원,전남,360008,담양군,"전라남도 담양군 창평면 의병로 131-1, (창평면)",127.0149722,35.2380225
행복한세상의원,의원,전남,360300,목포시,"전라남도 목포시 비파로108번길 17, (상동)",126.4254394,34.8085676
행복한의원,의원,전남,360500,여수시,"전라남도 여수시 동문로 100, (공화동)",127.7426821,34.7453443
행복한최치과의원,치과의원,전남,360700,광양시,"전라남도 광양시 중마중앙로 126, 2층 (중동)",127.6983138,34.9415275
행복한치과의원,치과의원,전남,360400,순천시,"전라남도 순천시 봉화3길 14, (조례동)",127.5199811,34.9632557
향기나는의원,의원,전남,360700,광양시,"전라남도 광양시 중마중앙로 154, 2층 (중동)",127.6983808,34.9439744
허경석가정의학과 의원,의원,전남,360018,장흥군,"전라남도 장흥군 회진면 가학회진로 1608, (회진면)",126.9399526,34.4826449
허명치과의원,치과의원,전남,360022,화순군,"전라남도 화순군 화순읍 칠충로 148, (화순읍)",126.984248,35.0616422
허브치과의원,치과의원,전남,360400,순천시,"전라남도 순천시 안산길 12, (연향동)",127.5271204,34.9398731
허윤정신건강의학과의원,의원,전남,360700,광양시,"전라남도 광양시 공영로 88, 3층 (중동)",127.6988937,34.9356432
허재영정형외과의원,의원,전남,360500,여수시,"전라남도 여수시 도원로 279, (학동)",127.6618234,34.761536
현경보건지소,보건지소,전남,360009,무안군,"전라남도 무안군 현경면 현해로 84, (현경면)",126.4119676,35.0214249
현경주사랑의원,의원,전남,360009,무안군,"전라남도 무안군 현경면 현해로 93, (2층)",126.4109851,35.0210916
현대가정의원,의원,전남,360012,신안군,"전라남도 신안군 임자면 진리길 2, (임자면)",126.1116232,35.0846767
현대가정의학과의원,의원,전남,360300,목포시,"전라남도 목포시 원산중앙로 46, 2층 (산정동)",126.3770762,34.8091154
현대경희한의원,한의원,전남,360700,광양시,"전라남도 광양시 오류2길 1, 2층 (중동)",127.6960563,34.9360533
현대내과의원,의원,전남,360003,곡성군,"전라남도 곡성군 곡성읍 읍내11길 2, (곡성읍)",127.2941902,35.2809171
현대마취통증의학과의원,의원,전남,360016,완도군,"전라남도 완도군 완도읍 장보고대로 192, (완도읍)",126.7471995,34.3180374
현대삼호한의원,한의원,전남,360015,영암군,"전라남도 영암군 삼호읍 대불로 93, HD현대삼호 건강증진센터 4층",126.3775928,34.7389802
현대연합의원,의원,전남,360500,여수시,"전라남도 여수시 중앙로 72-19, (중앙동)",127.7352911,34.7395343
현대외과의원,의원,전남,360022,화순군,"전라남도 화순군 화순읍 중앙로 98, 98",126.9921304,35.0602543
현대윤치과의원,치과의원,전남,360300,목포시,"전라남도 목포시 용당로 322-3, 2층 (용해동)",126.4008183,34.8160153
현대의원,의원,전남,360200,나주시,"전라남도 나주시 다시면 다시로 169, (다시면)",126.6358925,35.0175134
현대의원,의원,전남,360008,담양군,"전라남도 담양군 담양읍 죽녹원로 51, (담양읍)",126.9849266,35.319545
현대의원,의원,전남,360001,강진군,"전라남도 강진군 마량면 마량4길 24, (마량면)",126.8178932,34.4506004
현대의원,의원,전남,360015,영암군,"전라남도 영암군 삼호읍 대불주거로 187, 2층",126.4558953,34.7550119
현대의원,의원,전남,360021,해남군,"전라남도 해남군 북일면 만월길 22-1, (북일면)",126.6728869,34.4640086
현대의원,의원,전남,360019,진도군,"전라남도 진도군 지산면 지산로 1184, 1184",126.1661699,34.4244709
현대의원,의원,전남,360400,순천시,"전라남도 순천시 황전면 괴목길 97, (황전면)",127.4299688,35.1035229
현대의원,의원,전남,360700,광양시,"전라남도 광양시 옥곡면 큰골길 8, (옥곡면)",127.7012684,34.9889053
현대의원,의원,전남,360002,고흥군,"전라남도 고흥군 도화면 중심길 29, (도화면)",127.3192368,34.5101595
현대의원,의원,전남,360010,보성군,"전라남도 보성군 벌교읍 채동선로 215-1, (벌교읍)",127.3434769,34.842412
현대제철(주)순천공장 부속의원,의원,전남,360400,순천시,"전라남도 순천시 해룡면 인덕로 300, (해룡면)",127.5814014,34.9171398
현대중앙의원,의원,전남,360002,고흥군,"전라남도 고흥군 과역면 시장안길 22, (과역면)",127.361663,34.6796898
현대치과의원,치과의원,전남,360012,신안군,"전라남도 신안군 지도읍 봉리길 16-3, (지도읍)",126.2114115,35.0607168
현대치과의원,치과의원,전남,360300,목포시,"전라남도 목포시 영산로 343, 4층 (용당동)",126.4028925,34.8062438
현대치과의원,치과의원,전남,360022,화순군,"전라남도 화순군 화순읍 광덕로 193, (화순읍)",126.9922038,35.0618967
현대치과의원,치과의원,전남,360500,여수시,"전라남도 여수시 여서1로 61, (여서동)",127.7040451,34.7528279
현대치과의원,치과의원,전남,360400,순천시,"전라남도 순천시 이수로 291, 2층 202호 (조례동)",127.5160041,34.9526177
현대치과의원,치과의원,전남,360006,구례군,"전라남도 구례군 구례읍 봉성로 66, (구례읍)",127.4646077,35.20815
현대치과의원,치과의원,전남,360010,보성군,"전라남도 보성군 보성읍 현충로 23-1, (보성읍)",127.0756726,34.7646461
현대한의원,한의원,전남,360300,목포시,"전라남도 목포시 양을로 264, 2,3층 (용해동)",126.3986346,34.8123312
현대한의원,한의원,전남,360015,영암군,"전라남도 영암군 삼호읍 신항로 63-12, (한마음회관)",126.3797375,34.7452346
현산면보건지소,보건지소,전남,360021,해남군,"전라남도 해남군 현산면 현산북평로 113-9, 113",126.553817,34.457605
현소아과의원,의원,전남,360400,순천시,"전라남도 순천시 왕궁중앙길 28, 2층 (조례동)",127.5332901,34.9555858
현송요양병원,요양병원,전남,360500,여수시,"전라남도 여수시 시청로 165-0,  (선원동)",127.661461,34.7762785
혜명내과의원,의원,전남,360300,목포시,"전라남도 목포시 청호로 193, 2층 (산정동)",126.3716906,34.8074092
혜미원한의원,한의원,전남,360006,구례군,"전라남도 구례군 구례읍 중앙로 26, (구례읍)",127.4679803,35.2080259
혜민한의원,한의원,전남,360022,화순군,"전라남도 화순군 화순읍 칠충로 125, 1층",126.9828657,35.060026
호남의원,의원,전남,360006,구례군,"전라남도 구례군 구례읍 구례1길 38, (구례읍)",127.4661554,35.2087031
호남한의원,한의원,전남,360500,여수시,"전라남도 여수시 무선로 24, (학동)",127.6562465,34.7630456
호수한의원,한의원,전남,360200,나주시,"전라남도 나주시 중야2길 29, 202호 (빛가람동)",126.784645,35.0171335
호암의원,의원,전남,360003,곡성군,"전라남도 곡성군 옥과면 대학로 159, (옥과면)",127.1367802,35.2768566
호암의원,의원,전남,360021,해남군,"전라남도 해남군 송지면 산정1길 112, (송지면)",126.518853,34.369117
홍농가곡보건진료소,보건진료소,전남,360014,영광군,"전라남도 영광군 홍농읍 샘목로 602, 602",126.4747408,35.4024455
홍대영한의원,한의원,전남,360400,순천시,"전라남도 순천시 중앙로 146-1, 1층 (매곡동)",127.4845351,34.9586927
홍도보건지소,보건지소,전남,360012,신안군,"전라남도 신안군 흑산면 홍도1길 65, (흑산면)",125.1937037,34.6844404
홍비뇨기과의원,의원,전남,360700,광양시,"전라남도 광양시 광양읍 백운로 1, (광양읍)",127.5897923,34.9712693
홍순갑소아청소년과의원,의원,전남,360500,여수시,"전라남도 여수시 신월로 676, 2층 (국동)",127.7179422,34.731254
홍신경외과의원,의원,전남,360500,여수시,"전라남도 여수시 중앙로 6-1, (서교동)",127.7282462,34.7401736
홍이비인후과의원,의원,전남,360002,고흥군,"전라남도 고흥군 고흥읍 봉황길 29, (고흥읍)",127.2849526,34.6082748
홍익한의원,한의원,전남,360200,나주시,"전라남도 나주시 남평읍 남평1로 59, (남평읍)",126.8440886,35.0476286
홍익한의원,한의원,전남,360001,강진군,"전라남도 강진군 신전면 백도로 1473-11, (신전면)",126.7174622,34.5102508
홍인연합의원,의원,전남,360300,목포시,"전라남도 목포시 북항로 50-1, (죽교동)",126.3785367,34.7988059
홍치과의원,치과의원,전남,360008,담양군,"전라남도 담양군 담양읍 중앙로 50, 50",126.9832055,35.3176081
홍치과의원,치과의원,전남,360700,광양시,"전라남도 광양시 광장로 109, 2층 202호 (중동)",127.6948239,34.9338124
홍플란트치과의원,치과의원,전남,360200,나주시,"전라남도 나주시 이창1길 4, (이창동)",126.7136904,34.9958028
홍한의원,한의원,전남,360021,해남군,"전라남도 해남군 해남읍 중앙2로 150, (해남읍)",126.59449,34.5663095
홍한의원,한의원,전남,360500,여수시,"전라남도 여수시 무선로 30, (학동)",127.6562486,34.7636259
홍한의원,한의원,전남,360700,광양시,"전라남도 광양시 중마로 223-1, 1층 (중동)",127.6888744,34.9447991
화산면보건지소,보건지소,전남,360021,해남군,"전라남도 해남군 화산면 송평로 23, 23",126.5143442,34.4887733
화산삼성의원,의원,전남,360021,해남군,"전라남도 해남군 화산면 해남화산로 1071, 화산삼성의원",126.5154682,34.4908372
화산한국의원,의원,전남,360021,해남군,"전라남도 해남군 화산면 송평로 3, (화산면)",126.5150114,34.4905553
화순 미 의원,의원,전남,360022,화순군,"전라남도 화순군 화순읍 칠충로 141-7, 2층 203~206호 (힐스테이트 화순)",126.9823652,35.0610897
화순 빠른치과의원,치과의원,전남,360022,화순군,"전라남도 화순군 화순읍 중앙로 78, 2층",126.9896771,35.0602817
화순고려병원,병원,전남,360022,화순군,"전라남도 화순군 화순읍 충의로 109, (화순읍)",126.9897418,35.0560876
화순고인돌정형외과의원,의원,전남,360022,화순군,"전라남도 화순군 화순읍 중앙로 69, 3층 301호",126.9888898,35.0606453
화순군립요양병원,요양병원,전남,360022,화순군,"전라남도 화순군 화순읍 서양로 330, (화순읍)",127.0024521,35.0618654
화순군보건소,보건소,전남,360022,화순군,"전라남도 화순군 화순읍 쌍충로 62, (화순읍)",126.9822628,35.0575046
화순남산한의원,한의원,전남,360022,화순군,"전라남도 화순군 화순읍 중앙로 33, (화순읍)",126.985085,35.060652
화순무지개요양병원,요양병원,전남,360022,화순군,"전라남도 화순군 화순읍 진각로 242-8, (화순읍)",126.9893971,35.0723321
화순미래치과의원,치과의원,전남,360022,화순군,"전라남도 화순군 화순읍 자치샘로 48, (미래타워 305호)",126.9860371,35.0609453
화순베스트요양병원,요양병원,전남,360022,화순군,"전라남도 화순군 화순읍 칠충로 101, (화순읍)",126.9809375,35.0585167
화순성심병원,병원,전남,360022,화순군,"전라남도 화순군 화순읍 만연로 31, (화순읍)",126.9898844,35.0584189
화순연세안과의원,의원,전남,360022,화순군,"전라남도 화순군 화순읍 자치샘로 48, 204,205호 (미래타워)",126.9860371,35.0609453
화순전남대학교병원,상급종합,전남,360022,화순군,"전라남도 화순군 화순읍 서양로 322, (화순읍)",127.0025,35.0594333
화순중앙병원,병원,전남,360022,화순군,"전라남도 화순군 화순읍 칠충로 101, (화순읍)",126.9809375,35.0585167
화순치과의원,치과의원,전남,360022,화순군,"전라남도 화순군 화순읍 자치샘로 35, 화순 새마을금고 3층",126.9850726,35.0619746
화순케어랜드요양병원,요양병원,전남,360022,화순군,"전라남도 화순군 한천면 헌무정길 119, (한천면)",127.0538421,34.96401
화순탑내과의원,의원,전남,360022,화순군,"전라남도 화순군 화순읍 자치샘로 48, 206호 (미래타워)",126.9860371,35.0609453
화순푸른솔요양병원,요양병원,전남,360022,화순군,"전라남도 화순군 화순읍 화동로 68-3, 화순푸른솔요양병원",126.9988632,35.0526276
화순한의원,한의원,전남,360022,화순군,"전라남도 화순군 화순읍 칠충로 56, (화순읍)",126.9782153,35.0550102
화순효사랑한의원,한의원,전남,360022,화순군,"전라남도 화순군 화순읍 자치샘로 37, (화순읍)",126.9852369,35.061882
화양보건지소,보건지소,전남,360500,여수시,"전라남도 여수시 화양면 화양로 1436-5, 1436",127.617361,34.7100786
화양한의원,한의원,전남,360500,여수시,"전라남도 여수시 화양면 나진길 14, (화양면)",127.6138709,34.7079138
화원경희의원,의원,전남,360021,해남군,"전라남도 해남군 화원면 금평길 8, 8",126.328525,34.6687513
화원면보건지소,보건지소,전남,360021,해남군,"전라남도 해남군 화원면 금평길 32, (화원면 보건지소)",126.3276839,34.6708751
화원한의원,한의원,전남,360021,해남군,"전라남도 해남군 화원면 금평길 8, (대산빌딩 2층)",126.328525,34.6687513
화이트앤블루의원,의원,전남,360500,여수시,"전라남도 여수시 망마로 25, 5층 (학동)",127.6659267,34.7602938
화이트치과의원,치과의원,전남,360300,목포시,"전라남도 목포시 영산로 243, 3층 (용당동)",126.3930186,34.8030472
화정보건지소,보건지소,전남,360500,여수시,"전라남도 여수시 화정면 백야해안길 40, (화정면)",127.6432813,34.6177719
화태보건진료소,보건진료소,전남,360500,여수시,"전라남도 여수시 남면 화태길 28, (남면)",127.7314295,34.5826264
확실한강치과의원,치과의원,전남,360300,목포시,"전라남도 목포시 청호로 154, 3층 (산정동)",126.3751761,34.8049523
확실한강치과의원,치과의원,전남,360500,여수시,"전라남도 여수시 망마로 42, 장수빌딩 3층 1호 (학동)",127.6673308,34.7591575
황길보건진료소,보건진료소,전남,360700,광양시,"전라남도 광양시 하포길 77, (황길동)",127.6595016,34.9102626
황룡의원,의원,전남,360017,장성군,"전라남도 장성군 황룡면 뱃나드리로 187, (황룡면)",126.7739309,35.2908942
황산면보건지소,보건지소,전남,360021,해남군,"전라남도 해남군 황산면 시등로 70-2, (황산보건지소)",126.4360477,34.577355
황산의원,의원,전남,360021,해남군,"전라남도 해남군 황산면 시등로 117-6, 117",126.4313657,34.5752695
황성호치과의원,치과의원,전남,360700,광양시,"전라남도 광양시 광양읍 신재로 77, (광양읍)",127.5884474,34.9782492
황안과의원,의원,전남,360700,광양시,"전라남도 광양시 광양읍 인서1길 72, (광양읍)",127.5888032,34.9705276
황영섭마취통증의학과의원,의원,전남,360500,여수시,"전라남도 여수시 시청로 7, 4층 (학동)",127.6624941,34.7623375
황외과의원,의원,전남,360006,구례군,"전라남도 구례군 구례읍 로터리길 4, (구례읍)",127.4650091,35.2086362
황은경치과의원,치과의원,전남,360300,목포시,"전라남도 목포시 부흥로 85, 3층 (옥암동)",126.4302295,34.8038274
황인용신경과의원,의원,전남,360400,순천시,"전라남도 순천시 이수로 321, 6층 (조례동)",127.5190029,34.9540717
황전보건지소,보건지소,전남,360400,순천시,"전라남도 순천시 황전면 백야중길 12, (황전면)",127.4268823,35.1014153
회덕보건진료소,보건진료소,전남,360400,순천시,"전라남도 순천시 황전면 삽재팔동길 393, (황전면)",127.4964041,35.1081065
회동보건진료소,보건진료소,전남,360019,진도군,"전라남도 진도군 고군면 진도대로 1528, (회동보건진료소)",126.3448875,34.4233596
회령보건진료소,보건진료소,전남,360010,보성군,"전라남도 보성군 회천면 시장길 37, 37",127.0630462,34.6689571
회진고려의원,의원,전남,360018,장흥군,"전라남도 장흥군 회진면 가학회진로 1607, (회진면)",126.9398125,34.4827929
회진한의원,한의원,전남,360018,장흥군,"전라남도 장흥군 회진면 회진로 439, (회진면)",126.9402268,34.4841654
회천보건지소,보건지소,전남,360010,보성군,"전라남도 보성군 회천면 남부관광로 2293-7, (회천면)",127.0847388,34.6689207
회천의원,의원,전남,360010,보성군,"전라남도 보성군 회천면 남부관광로 2321, 1층",127.0863348,34.6705326
횡간보건진료소,보건진료소,전남,360500,여수시,"전라남도 여수시 남면 횡간중앙길 14-2, 14",127.7567437,34.5777781
효림의원,의원,전남,360021,해남군,"전라남도 해남군 북평면 볼무당길 33, (북평면)",126.6297243,34.4079358
효산한의원,한의원,전남,360022,화순군,"전라남도 화순군 도곡면 효자2길 42-6, (도곡면)",126.9155533,34.9957753
효원마취통증의학과의원,의원,전남,360022,화순군,"전라남도 화순군 화순읍 자치샘로 48, 208호 (미래타워)",126.9860371,35.0609453
효자의원,의원,전남,360021,해남군,"전라남도 해남군 황산면 시등로 119, (황산면)",126.4313338,34.5755333
효한의원,한의원,전남,360021,해남군,"전라남도 해남군 해남읍 남부순환로 152, 1층 102호",126.5953133,34.5657008
후곡보건진료소,보건진료소,전남,360400,순천시,"전라남도 순천시 송광면 후곡안길 97, (송광면)",127.2106082,35.0141596
후생한의원,한의원,전남,360001,강진군,"전라남도 강진군 병영면 병영성로 105, (병영면)",126.8161984,34.713982
훈S치과의원,치과의원,전남,360400,순천시,"전라남도 순천시 왕지로 36, 2층 (왕지동)",127.5260759,34.9694958
흑산면다물도보건진료소,보건진료소,전남,360012,신안군,"전라남도 신안군 흑산면 다물도길 75, (흑산면)",125.4443448,34.7369022
흑산면대둔도보건진료소,보건진료소,전남,360012,신안군,"전라남도 신안군 흑산면 김이수길 22-4, (흑산면)",125.4637766,34.7306639
흑산면보건지소,보건지소,전남,360012,신안군,"전라남도 신안군 흑산면 흑산일주로 16, (흑산면)",125.4427876,34.68371
흑산면사리보건진료소,보건진료소,전남,360012,신안군,"전라남도 신안군 흑산면 흑산일주로 1501, 1501",125.4098825,34.6464545
흑산면영산도보건진료소,보건진료소,전남,360012,신안군,"전라남도 신안군 흑산면 영산길 71-3, 71",125.4680322,34.6510364
흑산면장도보건진료소,보건진료소,전남,360012,신안군,"전라남도 신안군 흑산면 장도길 51-1, 51",125.3779931,34.6794142
흑산면태도보건진료소,보건진료소,전남,360012,신안군,"전라남도 신안군 흑산면 장굴길 49-1, 49",125.2985869,34.3907039
흥일치과의원,치과의원,전남,360016,완도군,"전라남도 완도군 완도읍 청해진남로 13, 1층",126.7570222,34.3138809
희망부부치과의원,치과의원,전남,360500,여수시,"전라남도 여수시 여서1로 54, (여서동)",127.7037648,34.7522261
희망의원,의원,전남,360400,순천시,"전라남도 순천시 서면 배들이길 3, 1층",127.4982444,34.9907812
희망이비인후과의원,의원,전남,360009,무안군,"전라남도 무안군 삼향읍 남악3로82번길 42, 3층 302호",126.4648817,34.8127007
희망채한의원,한의원,전남,360014,영광군,"전라남도 영광군 영광읍 천년로 1503, (영광읍)",126.5045412,35.2764955
흰돌치과의원,치과의원,전남,360400,순천시,"전라남도 순천시 해룡면 좌야로 135, 2층 209호 (중흥S클래스 메가타운상가)",127.5436577,34.9361541
힘찬우리의원,의원,전남,360300,목포시,"전라남도 목포시 포미로 16, (용해동, 이노티)",126.397895,34.8174286
힘플러스병원,병원,전남,360400,순천시,"전라남도 순천시 신월큰길 13,  (조례동)",127.5198452,34.9604482
